population,ring,lane,address_id,n_candidates,coverage,labelled,oracle_err_m,recall_100,recall_250,recall_500,rule_top1_err_m,rule_top1_hit_100m,rule_top1_hit_250m,rule_top1_hit_500m,latency_ms
S_VAL (selection),B1,static,AD000032,3,1,1,415.992,0,0,1,466.514,0,0,1,0.91
S_VAL (selection),B1,static,AD000037,6,1,1,160.972,0,1,1,1302.431,0,0,0,0.88
S_VAL (selection),B1,static,AD000066,3,1,1,40.602,1,1,1,373.431,0,0,1,1.108
S_VAL (selection),B1,static,AD000079,3,1,1,165.369,0,1,1,165.369,0,1,1,1.184
S_VAL (selection),B1,static,AD000173,3,1,1,242.711,0,1,1,242.711,0,1,1,1.444
S_VAL (selection),B1,static,AD000197,3,1,1,150.741,0,1,1,460.47,0,0,1,1.424
S_VAL (selection),B1,static,AD000238,4,1,1,33.767,1,1,1,33.767,1,1,1,1.156
S_VAL (selection),B1,static,AD000258,7,1,1,251.0,0,0,1,2224.758,0,0,0,0.869
S_VAL (selection),B1,static,AD000355,3,1,1,272.932,0,0,1,272.932,0,0,1,0.857
S_VAL (selection),B1,static,AD000379,3,1,1,540.336,0,0,0,728.854,0,0,0,0.973
S_VAL (selection),B1,static,AD000460,3,1,1,240.484,0,1,1,248.907,0,1,1,1.088
S_VAL (selection),B1,static,AD000517,3,1,1,93.418,1,1,1,93.418,1,1,1,0.939
S_VAL (selection),B1,static,AD000529,3,1,1,88.168,1,1,1,110.001,0,1,1,1.094
S_VAL (selection),B1,static,AD000624,4,1,1,576.438,0,0,0,1392.849,0,0,0,0.729
S_VAL (selection),B1,static,AD000672,3,1,1,127.919,0,1,1,127.919,0,1,1,0.959
S_VAL (selection),B1,static,AD000711,3,1,1,300.083,0,0,1,300.083,0,0,1,0.989
S_VAL (selection),B1,static,AD000727,4,1,1,131.751,0,1,1,131.751,0,1,1,1.131
S_VAL (selection),B1,static,AD000735,3,1,1,244.406,0,1,1,273.629,0,0,1,1.045
S_VAL (selection),B1,static,AD000759,3,1,1,93.304,1,1,1,93.304,1,1,1,0.715
S_VAL (selection),B1,static,AD000781,4,1,1,100.846,0,1,1,141.313,0,1,1,1.205
S_VAL (selection),B1,static,AD000782,3,1,1,374.849,0,0,1,374.849,0,0,1,0.762
S_VAL (selection),B1,static,AD000810,3,1,1,490.75,0,0,1,667.845,0,0,0,0.915
S_VAL (selection),B1,static,AD000841,3,1,1,292.843,0,0,1,292.843,0,0,1,1.104
S_VAL (selection),B1,static,AD000942,3,1,1,72.575,1,1,1,72.575,1,1,1,0.875
S_VAL (selection),B1,static,AD000948,3,1,1,141.998,0,1,1,195.983,0,1,1,0.79
S_VAL (selection),B1,static,AD000969,3,1,1,73.828,1,1,1,73.828,1,1,1,0.941
S_VAL (selection),B1,static,AD000986,3,1,1,22.02,1,1,1,22.02,1,1,1,1.031
S_VAL (selection),B1,static,AD001053,4,1,1,104.832,0,1,1,111.114,0,1,1,1.205
S_VAL (selection),B1,static,AD001091,4,1,1,67.339,1,1,1,67.339,1,1,1,1.086
S_VAL (selection),B1,static,AD001122,3,1,1,304.007,0,0,1,378.993,0,0,1,1.128
S_VAL (selection),B1,static,AD001133,3,1,1,168.974,0,1,1,168.974,0,1,1,0.877
S_VAL (selection),B1,static,AD001135,3,1,1,184.695,0,1,1,184.695,0,1,1,0.811
S_VAL (selection),B1,static,AD001152,4,1,1,164.683,0,1,1,164.683,0,1,1,1.021
S_VAL (selection),B1,static,AD001178,3,1,1,266.681,0,0,1,435.97,0,0,1,0.891
S_VAL (selection),B1,static,AD001186,3,1,1,155.618,0,1,1,406.339,0,0,1,1.135
S_VAL (selection),B1,static,AD001200,4,1,1,259.091,0,0,1,397.126,0,0,1,1.116
S_VAL (selection),B1,static,AD001212,6,1,1,586.031,0,0,0,1630.448,0,0,0,1.142
S_VAL (selection),B1,static,AD001223,3,1,1,68.118,1,1,1,68.118,1,1,1,0.819
S_VAL (selection),B1,static,AD001314,3,1,1,127.278,0,1,1,127.278,0,1,1,1.046
S_VAL (selection),B1,static,AD001352,3,1,1,194.035,0,1,1,194.035,0,1,1,0.964
S_VAL (selection),B1,static,AD001363,3,1,1,372.266,0,0,1,483.889,0,0,1,0.803
S_VAL (selection),B1,static,AD001364,3,1,1,286.773,0,0,1,286.773,0,0,1,0.819
S_VAL (selection),B1,static,AD001447,3,1,1,151.867,0,1,1,151.867,0,1,1,0.962
S_VAL (selection),B1,static,AD001509,3,1,1,573.657,0,0,0,578.906,0,0,0,1.056
S_VAL (selection),B1,static,AD001627,7,1,1,255.731,0,0,1,407.821,0,0,1,1.274
S_VAL (selection),B1,static,AD001662,3,1,1,212.139,0,1,1,431.003,0,0,1,0.996
S_VAL (selection),B1,static,AD001726,3,1,1,44.471,1,1,1,44.471,1,1,1,0.963
S_VAL (selection),B1,static,AD001746,3,1,1,298.984,0,0,1,311.005,0,0,1,1.192
S_VAL (selection),B1,static,AD001753,3,1,1,85.468,1,1,1,85.468,1,1,1,1.198
S_VAL (selection),B1,static,AD001821,3,1,1,68.236,1,1,1,68.236,1,1,1,1.266
S_VAL (selection),B1,static,AD001880,3,1,1,826.704,0,0,0,826.704,0,0,0,0.8
S_VAL (selection),B1,static,AD001996,7,1,1,200.441,0,1,1,200.441,0,1,1,1.092
S_VAL (selection),B1,static,AD002067,3,1,1,181.338,0,1,1,181.338,0,1,1,0.897
S_VAL (selection),B1,static,AD002096,3,1,1,196.144,0,1,1,196.144,0,1,1,1.094
S_VAL (selection),B1,static,AD002103,3,1,1,505.207,0,0,0,525.531,0,0,0,1.318
S_VAL (selection),B1,static,AD002194,3,1,1,330.334,0,0,1,330.334,0,0,1,1.011
S_VAL (selection),B1,static,AD002244,3,1,1,1110.568,0,0,0,1110.568,0,0,0,1.072
S_VAL (selection),B1,static,AD002270,3,1,1,181.447,0,1,1,282.725,0,0,1,1.073
S_VAL (selection),B1,static,AD002357,3,1,1,226.477,0,1,1,226.477,0,1,1,1.087
S_VAL (selection),B1,static,AD002412,3,1,1,224.703,0,1,1,379.36,0,0,1,1.005
S_VAL (selection),B1,static,AD002621,3,1,1,21.134,1,1,1,21.134,1,1,1,1.545
S_VAL (selection),B1,static,AD002664,3,1,1,133.831,0,1,1,133.831,0,1,1,1.054
S_VAL (selection),B1,static,AD002685,3,1,1,265.422,0,0,1,265.422,0,0,1,1.08
S_VAL (selection),B1,static,AD002748,3,1,1,160.171,0,1,1,160.171,0,1,1,0.88
S_VAL (selection),B1,static,AD002751,3,1,1,131.817,0,1,1,190.385,0,1,1,0.985
S_VAL (selection),B1,static,AD002808,3,1,1,173.962,0,1,1,452.074,0,0,1,1.147
S_VAL (selection),B1,static,AD002875,4,1,1,100.234,0,1,1,100.234,0,1,1,1.085
S_VAL (selection),B1,static,AD002936,3,1,1,244.459,0,1,1,325.301,0,0,1,1.082
S_VAL (selection),B1,static,AD003016,3,1,1,404.383,0,0,1,664.527,0,0,0,1.435
S_VAL (selection),B1,all,AD000032,6,1,1,110.888,0,1,1,110.888,0,1,1,0.91
S_VAL (selection),B1,all,AD000037,8,1,1,152.948,0,1,1,152.948,0,1,1,0.88
S_VAL (selection),B1,all,AD000066,7,1,1,0.0,1,1,1,0.0,1,1,1,1.108
S_VAL (selection),B1,all,AD000079,6,1,1,2.0,1,1,1,2.0,1,1,1,1.184
S_VAL (selection),B1,all,AD000173,8,1,1,0.0,1,1,1,0.0,1,1,1,1.444
S_VAL (selection),B1,all,AD000197,8,1,1,0.0,1,1,1,0.0,1,1,1,1.424
S_VAL (selection),B1,all,AD000238,9,1,1,0.0,1,1,1,0.0,1,1,1,1.156
S_VAL (selection),B1,all,AD000258,11,1,1,0.0,1,1,1,0.0,1,1,1,0.869
S_VAL (selection),B1,all,AD000355,6,1,1,5.0,1,1,1,38.328,1,1,1,0.857
S_VAL (selection),B1,all,AD000379,6,1,1,0.0,1,1,1,0.0,1,1,1,0.973
S_VAL (selection),B1,all,AD000460,7,1,1,0.0,1,1,1,0.0,1,1,1,1.088
S_VAL (selection),B1,all,AD000517,8,1,1,0.0,1,1,1,0.0,1,1,1,0.939
S_VAL (selection),B1,all,AD000529,8,1,1,0.0,1,1,1,0.0,1,1,1,1.094
S_VAL (selection),B1,all,AD000624,6,1,1,148.705,0,1,1,148.705,0,1,1,0.729
S_VAL (selection),B1,all,AD000672,5,1,1,88.551,1,1,1,88.551,1,1,1,0.959
S_VAL (selection),B1,all,AD000711,6,1,1,6.083,1,1,1,8.0,1,1,1,0.989
S_VAL (selection),B1,all,AD000727,7,1,1,0.0,1,1,1,1.0,1,1,1,1.131
S_VAL (selection),B1,all,AD000735,8,1,1,0.0,1,1,1,0.0,1,1,1,1.045
S_VAL (selection),B1,all,AD000759,7,1,1,0.0,1,1,1,0.0,1,1,1,0.715
S_VAL (selection),B1,all,AD000781,9,1,1,0.0,1,1,1,0.0,1,1,1,1.205
S_VAL (selection),B1,all,AD000782,7,1,1,0.0,1,1,1,0.0,1,1,1,0.762
S_VAL (selection),B1,all,AD000810,8,1,1,0.0,1,1,1,0.0,1,1,1,0.915
S_VAL (selection),B1,all,AD000841,7,1,1,0.0,1,1,1,0.0,1,1,1,1.104
S_VAL (selection),B1,all,AD000942,7,1,1,0.0,1,1,1,0.0,1,1,1,0.875
S_VAL (selection),B1,all,AD000948,6,1,1,1.0,1,1,1,2.0,1,1,1,0.79
S_VAL (selection),B1,all,AD000969,7,1,1,0.0,1,1,1,0.0,1,1,1,0.941
S_VAL (selection),B1,all,AD000986,8,1,1,0.0,1,1,1,0.0,1,1,1,1.031
S_VAL (selection),B1,all,AD001053,8,1,1,0.0,1,1,1,0.0,1,1,1,1.205
S_VAL (selection),B1,all,AD001091,8,1,1,0.0,1,1,1,0.0,1,1,1,1.086
S_VAL (selection),B1,all,AD001122,7,1,1,0.0,1,1,1,0.0,1,1,1,1.128
S_VAL (selection),B1,all,AD001133,7,1,1,0.0,1,1,1,0.0,1,1,1,0.877
S_VAL (selection),B1,all,AD001135,6,1,1,79.071,1,1,1,79.071,1,1,1,0.811
S_VAL (selection),B1,all,AD001152,9,1,1,0.0,1,1,1,0.0,1,1,1,1.021
S_VAL (selection),B1,all,AD001178,7,1,1,0.0,1,1,1,0.0,1,1,1,0.891
S_VAL (selection),B1,all,AD001186,8,1,1,0.0,1,1,1,0.0,1,1,1,1.135
S_VAL (selection),B1,all,AD001200,8,1,1,0.0,1,1,1,0.0,1,1,1,1.116
S_VAL (selection),B1,all,AD001212,10,1,1,0.0,1,1,1,0.0,1,1,1,1.142
S_VAL (selection),B1,all,AD001223,7,1,1,0.0,1,1,1,0.0,1,1,1,0.819
S_VAL (selection),B1,all,AD001314,8,1,1,0.0,1,1,1,0.0,1,1,1,1.046
S_VAL (selection),B1,all,AD001352,6,1,1,3.0,1,1,1,5.0,1,1,1,0.964
S_VAL (selection),B1,all,AD001363,7,1,1,0.0,1,1,1,0.0,1,1,1,0.803
S_VAL (selection),B1,all,AD001364,7,1,1,0.0,1,1,1,0.0,1,1,1,0.819
S_VAL (selection),B1,all,AD001447,6,1,1,2.0,1,1,1,2.0,1,1,1,0.962
S_VAL (selection),B1,all,AD001509,8,1,1,0.0,1,1,1,0.0,1,1,1,1.056
S_VAL (selection),B1,all,AD001627,12,1,1,0.0,1,1,1,0.0,1,1,1,1.274
S_VAL (selection),B1,all,AD001662,7,1,1,0.0,1,1,1,0.0,1,1,1,0.996
S_VAL (selection),B1,all,AD001726,7,1,1,0.0,1,1,1,0.0,1,1,1,0.963
S_VAL (selection),B1,all,AD001746,8,1,1,0.0,1,1,1,0.0,1,1,1,1.192
S_VAL (selection),B1,all,AD001753,8,1,1,0.0,1,1,1,0.0,1,1,1,1.198
S_VAL (selection),B1,all,AD001821,8,1,1,0.0,1,1,1,0.0,1,1,1,1.266
S_VAL (selection),B1,all,AD001880,5,1,1,736.448,0,0,0,736.448,0,0,0,0.8
S_VAL (selection),B1,all,AD001996,10,1,1,0.0,1,1,1,0.0,1,1,1,1.092
S_VAL (selection),B1,all,AD002067,6,1,1,5.025,1,1,1,17.923,1,1,1,0.897
S_VAL (selection),B1,all,AD002096,8,1,1,0.0,1,1,1,0.0,1,1,1,1.094
S_VAL (selection),B1,all,AD002103,8,1,1,0.0,1,1,1,0.0,1,1,1,1.318
S_VAL (selection),B1,all,AD002194,8,1,1,0.0,1,1,1,0.0,1,1,1,1.011
S_VAL (selection),B1,all,AD002244,8,1,1,0.0,1,1,1,0.0,1,1,1,1.072
S_VAL (selection),B1,all,AD002270,6,1,1,0.0,1,1,1,0.0,1,1,1,1.073
S_VAL (selection),B1,all,AD002357,8,1,1,0.0,1,1,1,0.0,1,1,1,1.087
S_VAL (selection),B1,all,AD002412,6,1,1,91.093,1,1,1,94.921,1,1,1,1.005
S_VAL (selection),B1,all,AD002621,8,1,1,0.0,1,1,1,0.0,1,1,1,1.545
S_VAL (selection),B1,all,AD002664,7,1,1,0.0,1,1,1,0.0,1,1,1,1.054
S_VAL (selection),B1,all,AD002685,5,1,1,155.081,0,1,1,155.081,0,1,1,1.08
S_VAL (selection),B1,all,AD002748,8,1,1,0.0,1,1,1,0.0,1,1,1,0.88
S_VAL (selection),B1,all,AD002751,8,1,1,0.0,1,1,1,0.0,1,1,1,0.985
S_VAL (selection),B1,all,AD002808,6,1,1,162.98,0,1,1,162.98,0,1,1,1.147
S_VAL (selection),B1,all,AD002875,8,1,1,0.0,1,1,1,0.0,1,1,1,1.085
S_VAL (selection),B1,all,AD002936,7,1,1,0.0,1,1,1,0.0,1,1,1,1.082
S_VAL (selection),B1,all,AD003016,6,1,1,117.209,0,1,1,117.209,0,1,1,1.435
S_VAL (selection),B2,static,AD000032,3,1,1,415.992,0,0,1,466.514,0,0,1,4.888
S_VAL (selection),B2,static,AD000037,6,1,1,160.972,0,1,1,1302.431,0,0,0,1.542
S_VAL (selection),B2,static,AD000066,3,1,1,40.602,1,1,1,373.431,0,0,1,1.749
S_VAL (selection),B2,static,AD000079,3,1,1,165.369,0,1,1,165.369,0,1,1,5.271
S_VAL (selection),B2,static,AD000173,3,1,1,242.711,0,1,1,242.711,0,1,1,6.673
S_VAL (selection),B2,static,AD000197,3,1,1,150.741,0,1,1,460.47,0,0,1,1.816
S_VAL (selection),B2,static,AD000238,4,1,1,33.767,1,1,1,33.767,1,1,1,6.311
S_VAL (selection),B2,static,AD000258,7,1,1,251.0,0,0,1,2224.758,0,0,0,2.759
S_VAL (selection),B2,static,AD000355,3,1,1,272.932,0,0,1,272.932,0,0,1,1.571
S_VAL (selection),B2,static,AD000379,3,1,1,540.336,0,0,0,728.854,0,0,0,1.523
S_VAL (selection),B2,static,AD000460,3,1,1,240.484,0,1,1,248.907,0,1,1,5.246
S_VAL (selection),B2,static,AD000517,3,1,1,93.418,1,1,1,93.418,1,1,1,1.598
S_VAL (selection),B2,static,AD000529,3,1,1,88.168,1,1,1,110.001,0,1,1,5.201
S_VAL (selection),B2,static,AD000624,4,1,1,576.438,0,0,0,1392.849,0,0,0,1.437
S_VAL (selection),B2,static,AD000672,3,1,1,127.919,0,1,1,127.919,0,1,1,4.999
S_VAL (selection),B2,static,AD000711,4,1,1,300.083,0,0,1,300.083,0,0,1,4.986
S_VAL (selection),B2,static,AD000727,4,1,1,131.751,0,1,1,131.751,0,1,1,5.295
S_VAL (selection),B2,static,AD000735,3,1,1,244.406,0,1,1,273.629,0,0,1,1.723
S_VAL (selection),B2,static,AD000759,3,1,1,93.304,1,1,1,93.304,1,1,1,1.525
S_VAL (selection),B2,static,AD000781,4,1,1,100.846,0,1,1,141.313,0,1,1,5.29
S_VAL (selection),B2,static,AD000782,3,1,1,374.849,0,0,1,374.849,0,0,1,1.511
S_VAL (selection),B2,static,AD000810,3,1,1,490.75,0,0,1,667.845,0,0,0,1.579
S_VAL (selection),B2,static,AD000841,3,1,1,292.843,0,0,1,292.843,0,0,1,4.907
S_VAL (selection),B2,static,AD000942,3,1,1,72.575,1,1,1,72.575,1,1,1,1.422
S_VAL (selection),B2,static,AD000948,3,1,1,141.998,0,1,1,195.983,0,1,1,1.564
S_VAL (selection),B2,static,AD000969,3,1,1,73.828,1,1,1,73.828,1,1,1,1.687
S_VAL (selection),B2,static,AD000986,3,1,1,22.02,1,1,1,22.02,1,1,1,1.85
S_VAL (selection),B2,static,AD001053,4,1,1,104.832,0,1,1,111.114,0,1,1,5.162
S_VAL (selection),B2,static,AD001091,4,1,1,67.339,1,1,1,67.339,1,1,1,5.047
S_VAL (selection),B2,static,AD001122,3,1,1,304.007,0,0,1,378.993,0,0,1,5.088
S_VAL (selection),B2,static,AD001133,3,1,1,168.974,0,1,1,168.974,0,1,1,4.893
S_VAL (selection),B2,static,AD001135,3,1,1,184.695,0,1,1,184.695,0,1,1,1.627
S_VAL (selection),B2,static,AD001152,4,1,1,164.683,0,1,1,164.683,0,1,1,5.04
S_VAL (selection),B2,static,AD001178,3,1,1,266.681,0,0,1,435.97,0,0,1,1.526
S_VAL (selection),B2,static,AD001186,3,1,1,155.618,0,1,1,406.339,0,0,1,1.77
S_VAL (selection),B2,static,AD001200,4,1,1,259.091,0,0,1,397.126,0,0,1,5.24
S_VAL (selection),B2,static,AD001212,6,1,1,586.031,0,0,0,1630.448,0,0,0,5.2
S_VAL (selection),B2,static,AD001223,3,1,1,68.118,1,1,1,68.118,1,1,1,1.59
S_VAL (selection),B2,static,AD001314,3,1,1,127.278,0,1,1,127.278,0,1,1,1.655
S_VAL (selection),B2,static,AD001352,4,1,1,194.035,0,1,1,194.035,0,1,1,5.249
S_VAL (selection),B2,static,AD001363,3,1,1,372.266,0,0,1,483.889,0,0,1,1.449
S_VAL (selection),B2,static,AD001364,3,1,1,286.773,0,0,1,286.773,0,0,1,1.484
S_VAL (selection),B2,static,AD001447,3,1,1,151.867,0,1,1,151.867,0,1,1,1.579
S_VAL (selection),B2,static,AD001509,3,1,1,573.657,0,0,0,578.906,0,0,0,1.801
S_VAL (selection),B2,static,AD001627,7,1,1,255.731,0,0,1,407.821,0,0,1,4.928
S_VAL (selection),B2,static,AD001662,3,1,1,212.139,0,1,1,431.003,0,0,1,1.58
S_VAL (selection),B2,static,AD001726,3,1,1,44.471,1,1,1,44.471,1,1,1,1.634
S_VAL (selection),B2,static,AD001746,3,1,1,298.984,0,0,1,311.005,0,0,1,1.728
S_VAL (selection),B2,static,AD001753,4,1,1,85.468,1,1,1,85.468,1,1,1,5.365
S_VAL (selection),B2,static,AD001821,3,1,1,68.236,1,1,1,68.236,1,1,1,5.309
S_VAL (selection),B2,static,AD001880,3,1,1,826.704,0,0,0,826.704,0,0,0,1.414
S_VAL (selection),B2,static,AD001996,7,1,1,200.441,0,1,1,200.441,0,1,1,4.917
S_VAL (selection),B2,static,AD002067,3,1,1,181.338,0,1,1,181.338,0,1,1,1.497
S_VAL (selection),B2,static,AD002096,4,1,1,196.144,0,1,1,196.144,0,1,1,5.372
S_VAL (selection),B2,static,AD002103,3,1,1,505.207,0,0,0,525.531,0,0,0,5.313
S_VAL (selection),B2,static,AD002194,3,1,1,330.334,0,0,1,330.334,0,0,1,1.572
S_VAL (selection),B2,static,AD002244,3,1,1,1110.568,0,0,0,1110.568,0,0,0,1.683
S_VAL (selection),B2,static,AD002270,3,1,1,181.447,0,1,1,282.725,0,0,1,5.141
S_VAL (selection),B2,static,AD002357,3,1,1,226.477,0,1,1,226.477,0,1,1,1.725
S_VAL (selection),B2,static,AD002412,5,1,1,224.703,0,1,1,379.36,0,0,1,5.044
S_VAL (selection),B2,static,AD002621,3,1,1,21.134,1,1,1,21.134,1,1,1,5.173
S_VAL (selection),B2,static,AD002664,3,1,1,133.831,0,1,1,133.831,0,1,1,1.552
S_VAL (selection),B2,static,AD002685,3,1,1,265.422,0,0,1,265.422,0,0,1,4.952
S_VAL (selection),B2,static,AD002748,3,1,1,160.171,0,1,1,160.171,0,1,1,1.553
S_VAL (selection),B2,static,AD002751,3,1,1,131.817,0,1,1,190.385,0,1,1,1.686
S_VAL (selection),B2,static,AD002808,3,1,1,173.962,0,1,1,452.074,0,0,1,5.235
S_VAL (selection),B2,static,AD002875,4,1,1,100.234,0,1,1,100.234,0,1,1,5.027
S_VAL (selection),B2,static,AD002936,3,1,1,244.459,0,1,1,325.301,0,0,1,1.604
S_VAL (selection),B2,static,AD003016,3,1,1,404.383,0,0,1,664.527,0,0,0,5.024
S_VAL (selection),B2,all,AD000032,6,1,1,110.888,0,1,1,110.888,0,1,1,4.888
S_VAL (selection),B2,all,AD000037,8,1,1,152.948,0,1,1,152.948,0,1,1,1.542
S_VAL (selection),B2,all,AD000066,7,1,1,0.0,1,1,1,0.0,1,1,1,1.749
S_VAL (selection),B2,all,AD000079,6,1,1,2.0,1,1,1,2.0,1,1,1,5.271
S_VAL (selection),B2,all,AD000173,8,1,1,0.0,1,1,1,0.0,1,1,1,6.673
S_VAL (selection),B2,all,AD000197,8,1,1,0.0,1,1,1,0.0,1,1,1,1.816
S_VAL (selection),B2,all,AD000238,9,1,1,0.0,1,1,1,0.0,1,1,1,6.311
S_VAL (selection),B2,all,AD000258,11,1,1,0.0,1,1,1,0.0,1,1,1,2.759
S_VAL (selection),B2,all,AD000355,6,1,1,5.0,1,1,1,38.328,1,1,1,1.571
S_VAL (selection),B2,all,AD000379,6,1,1,0.0,1,1,1,0.0,1,1,1,1.523
S_VAL (selection),B2,all,AD000460,7,1,1,0.0,1,1,1,0.0,1,1,1,5.246
S_VAL (selection),B2,all,AD000517,8,1,1,0.0,1,1,1,0.0,1,1,1,1.598
S_VAL (selection),B2,all,AD000529,8,1,1,0.0,1,1,1,0.0,1,1,1,5.201
S_VAL (selection),B2,all,AD000624,6,1,1,148.705,0,1,1,148.705,0,1,1,1.437
S_VAL (selection),B2,all,AD000672,5,1,1,88.551,1,1,1,88.551,1,1,1,4.999
S_VAL (selection),B2,all,AD000711,7,1,1,6.083,1,1,1,8.0,1,1,1,4.986
S_VAL (selection),B2,all,AD000727,7,1,1,0.0,1,1,1,1.0,1,1,1,5.295
S_VAL (selection),B2,all,AD000735,8,1,1,0.0,1,1,1,0.0,1,1,1,1.723
S_VAL (selection),B2,all,AD000759,7,1,1,0.0,1,1,1,0.0,1,1,1,1.525
S_VAL (selection),B2,all,AD000781,9,1,1,0.0,1,1,1,0.0,1,1,1,5.29
S_VAL (selection),B2,all,AD000782,7,1,1,0.0,1,1,1,0.0,1,1,1,1.511
S_VAL (selection),B2,all,AD000810,8,1,1,0.0,1,1,1,0.0,1,1,1,1.579
S_VAL (selection),B2,all,AD000841,7,1,1,0.0,1,1,1,0.0,1,1,1,4.907
S_VAL (selection),B2,all,AD000942,7,1,1,0.0,1,1,1,0.0,1,1,1,1.422
S_VAL (selection),B2,all,AD000948,6,1,1,1.0,1,1,1,2.0,1,1,1,1.564
S_VAL (selection),B2,all,AD000969,7,1,1,0.0,1,1,1,0.0,1,1,1,1.687
S_VAL (selection),B2,all,AD000986,8,1,1,0.0,1,1,1,0.0,1,1,1,1.85
S_VAL (selection),B2,all,AD001053,8,1,1,0.0,1,1,1,0.0,1,1,1,5.162
S_VAL (selection),B2,all,AD001091,8,1,1,0.0,1,1,1,0.0,1,1,1,5.047
S_VAL (selection),B2,all,AD001122,7,1,1,0.0,1,1,1,0.0,1,1,1,5.088
S_VAL (selection),B2,all,AD001133,7,1,1,0.0,1,1,1,0.0,1,1,1,4.893
S_VAL (selection),B2,all,AD001135,6,1,1,79.071,1,1,1,79.071,1,1,1,1.627
S_VAL (selection),B2,all,AD001152,9,1,1,0.0,1,1,1,0.0,1,1,1,5.04
S_VAL (selection),B2,all,AD001178,7,1,1,0.0,1,1,1,0.0,1,1,1,1.526
S_VAL (selection),B2,all,AD001186,8,1,1,0.0,1,1,1,0.0,1,1,1,1.77
S_VAL (selection),B2,all,AD001200,8,1,1,0.0,1,1,1,0.0,1,1,1,5.24
S_VAL (selection),B2,all,AD001212,10,1,1,0.0,1,1,1,0.0,1,1,1,5.2
S_VAL (selection),B2,all,AD001223,7,1,1,0.0,1,1,1,0.0,1,1,1,1.59
S_VAL (selection),B2,all,AD001314,8,1,1,0.0,1,1,1,0.0,1,1,1,1.655
S_VAL (selection),B2,all,AD001352,7,1,1,3.0,1,1,1,5.0,1,1,1,5.249
S_VAL (selection),B2,all,AD001363,7,1,1,0.0,1,1,1,0.0,1,1,1,1.449
S_VAL (selection),B2,all,AD001364,7,1,1,0.0,1,1,1,0.0,1,1,1,1.484
S_VAL (selection),B2,all,AD001447,6,1,1,2.0,1,1,1,2.0,1,1,1,1.579
S_VAL (selection),B2,all,AD001509,8,1,1,0.0,1,1,1,0.0,1,1,1,1.801
S_VAL (selection),B2,all,AD001627,12,1,1,0.0,1,1,1,0.0,1,1,1,4.928
S_VAL (selection),B2,all,AD001662,7,1,1,0.0,1,1,1,0.0,1,1,1,1.58
S_VAL (selection),B2,all,AD001726,7,1,1,0.0,1,1,1,0.0,1,1,1,1.634
S_VAL (selection),B2,all,AD001746,8,1,1,0.0,1,1,1,0.0,1,1,1,1.728
S_VAL (selection),B2,all,AD001753,9,1,1,0.0,1,1,1,0.0,1,1,1,5.365
S_VAL (selection),B2,all,AD001821,8,1,1,0.0,1,1,1,0.0,1,1,1,5.309
S_VAL (selection),B2,all,AD001880,5,1,1,736.448,0,0,0,736.448,0,0,0,1.414
S_VAL (selection),B2,all,AD001996,10,1,1,0.0,1,1,1,0.0,1,1,1,4.917
S_VAL (selection),B2,all,AD002067,6,1,1,5.025,1,1,1,17.923,1,1,1,1.497
S_VAL (selection),B2,all,AD002096,9,1,1,0.0,1,1,1,0.0,1,1,1,5.372
S_VAL (selection),B2,all,AD002103,8,1,1,0.0,1,1,1,0.0,1,1,1,5.313
S_VAL (selection),B2,all,AD002194,8,1,1,0.0,1,1,1,0.0,1,1,1,1.572
S_VAL (selection),B2,all,AD002244,8,1,1,0.0,1,1,1,0.0,1,1,1,1.683
S_VAL (selection),B2,all,AD002270,6,1,1,0.0,1,1,1,0.0,1,1,1,5.141
S_VAL (selection),B2,all,AD002357,8,1,1,0.0,1,1,1,0.0,1,1,1,1.725
S_VAL (selection),B2,all,AD002412,8,1,1,91.093,1,1,1,94.921,1,1,1,5.044
S_VAL (selection),B2,all,AD002621,8,1,1,0.0,1,1,1,0.0,1,1,1,5.173
S_VAL (selection),B2,all,AD002664,7,1,1,0.0,1,1,1,0.0,1,1,1,1.552
S_VAL (selection),B2,all,AD002685,5,1,1,155.081,0,1,1,155.081,0,1,1,4.952
S_VAL (selection),B2,all,AD002748,8,1,1,0.0,1,1,1,0.0,1,1,1,1.553
S_VAL (selection),B2,all,AD002751,8,1,1,0.0,1,1,1,0.0,1,1,1,1.686
S_VAL (selection),B2,all,AD002808,6,1,1,162.98,0,1,1,162.98,0,1,1,5.235
S_VAL (selection),B2,all,AD002875,8,1,1,0.0,1,1,1,0.0,1,1,1,5.027
S_VAL (selection),B2,all,AD002936,7,1,1,0.0,1,1,1,0.0,1,1,1,1.604
S_VAL (selection),B2,all,AD003016,6,1,1,117.209,0,1,1,117.209,0,1,1,5.024
S_VAL (selection),B3,static,AD000032,3,1,1,415.992,0,0,1,466.514,0,0,1,4.89
S_VAL (selection),B3,static,AD000037,6,1,1,160.972,0,1,1,1302.431,0,0,0,1.541
S_VAL (selection),B3,static,AD000066,3,1,1,40.602,1,1,1,373.431,0,0,1,1.801
S_VAL (selection),B3,static,AD000079,3,1,1,165.369,0,1,1,165.369,0,1,1,4.911
S_VAL (selection),B3,static,AD000173,3,1,1,242.711,0,1,1,242.711,0,1,1,4.999
S_VAL (selection),B3,static,AD000197,3,1,1,150.741,0,1,1,460.47,0,0,1,1.785
S_VAL (selection),B3,static,AD000238,4,1,1,33.767,1,1,1,33.767,1,1,1,5.307
S_VAL (selection),B3,static,AD000258,7,1,1,251.0,0,0,1,2224.758,0,0,0,1.638
S_VAL (selection),B3,static,AD000355,3,1,1,272.932,0,0,1,272.932,0,0,1,1.553
S_VAL (selection),B3,static,AD000379,3,1,1,540.336,0,0,0,728.854,0,0,0,1.516
S_VAL (selection),B3,static,AD000460,3,1,1,240.484,0,1,1,248.907,0,1,1,4.938
S_VAL (selection),B3,static,AD000517,3,1,1,93.418,1,1,1,93.418,1,1,1,1.543
S_VAL (selection),B3,static,AD000529,3,1,1,88.168,1,1,1,110.001,0,1,1,23.73
S_VAL (selection),B3,static,AD000624,4,1,1,576.438,0,0,0,1392.849,0,0,0,1.464
S_VAL (selection),B3,static,AD000672,3,1,1,127.919,0,1,1,127.919,0,1,1,5.311
S_VAL (selection),B3,static,AD000711,4,1,1,300.083,0,0,1,300.083,0,0,1,5.153
S_VAL (selection),B3,static,AD000727,4,1,1,131.751,0,1,1,131.751,0,1,1,5.178
S_VAL (selection),B3,static,AD000735,3,1,1,244.406,0,1,1,273.629,0,0,1,1.729
S_VAL (selection),B3,static,AD000759,3,1,1,93.304,1,1,1,93.304,1,1,1,1.439
S_VAL (selection),B3,static,AD000781,4,1,1,100.846,0,1,1,141.313,0,1,1,5.083
S_VAL (selection),B3,static,AD000782,3,1,1,374.849,0,0,1,374.849,0,0,1,1.507
S_VAL (selection),B3,static,AD000810,3,1,1,490.75,0,0,1,667.845,0,0,0,1.525
S_VAL (selection),B3,static,AD000841,3,1,1,292.843,0,0,1,292.843,0,0,1,17.193
S_VAL (selection),B3,static,AD000942,3,1,1,72.575,1,1,1,72.575,1,1,1,1.377
S_VAL (selection),B3,static,AD000948,3,1,1,141.998,0,1,1,195.983,0,1,1,1.495
S_VAL (selection),B3,static,AD000969,3,1,1,73.828,1,1,1,73.828,1,1,1,1.52
S_VAL (selection),B3,static,AD000986,3,1,1,22.02,1,1,1,22.02,1,1,1,1.753
S_VAL (selection),B3,static,AD001053,4,1,1,104.832,0,1,1,111.114,0,1,1,5.089
S_VAL (selection),B3,static,AD001091,4,1,1,67.339,1,1,1,67.339,1,1,1,4.826
S_VAL (selection),B3,static,AD001122,3,1,1,304.007,0,0,1,378.993,0,0,1,5.102
S_VAL (selection),B3,static,AD001133,3,1,1,168.974,0,1,1,168.974,0,1,1,4.95
S_VAL (selection),B3,static,AD001135,3,1,1,184.695,0,1,1,184.695,0,1,1,1.578
S_VAL (selection),B3,static,AD001152,4,1,1,164.683,0,1,1,164.683,0,1,1,5.041
S_VAL (selection),B3,static,AD001178,3,1,1,266.681,0,0,1,435.97,0,0,1,1.578
S_VAL (selection),B3,static,AD001186,3,1,1,155.618,0,1,1,406.339,0,0,1,1.895
S_VAL (selection),B3,static,AD001200,4,1,1,259.091,0,0,1,397.126,0,0,1,5.17
S_VAL (selection),B3,static,AD001212,6,1,1,586.031,0,0,0,1630.448,0,0,0,5.167
S_VAL (selection),B3,static,AD001223,3,1,1,68.118,1,1,1,68.118,1,1,1,1.546
S_VAL (selection),B3,static,AD001314,3,1,1,127.278,0,1,1,127.278,0,1,1,1.694
S_VAL (selection),B3,static,AD001352,4,1,1,194.035,0,1,1,194.035,0,1,1,5.211
S_VAL (selection),B3,static,AD001363,3,1,1,372.266,0,0,1,483.889,0,0,1,1.553
S_VAL (selection),B3,static,AD001364,3,1,1,286.773,0,0,1,286.773,0,0,1,1.477
S_VAL (selection),B3,static,AD001447,3,1,1,151.867,0,1,1,151.867,0,1,1,1.648
S_VAL (selection),B3,static,AD001509,3,1,1,573.657,0,0,0,578.906,0,0,0,1.699
S_VAL (selection),B3,static,AD001627,7,1,1,255.731,0,0,1,407.821,0,0,1,4.86
S_VAL (selection),B3,static,AD001662,3,1,1,212.139,0,1,1,431.003,0,0,1,1.553
S_VAL (selection),B3,static,AD001726,3,1,1,44.471,1,1,1,44.471,1,1,1,1.549
S_VAL (selection),B3,static,AD001746,3,1,1,298.984,0,0,1,311.005,0,0,1,1.708
S_VAL (selection),B3,static,AD001753,4,1,1,85.468,1,1,1,85.468,1,1,1,5.251
S_VAL (selection),B3,static,AD001821,3,1,1,68.236,1,1,1,68.236,1,1,1,5.424
S_VAL (selection),B3,static,AD001880,3,1,1,826.704,0,0,0,826.704,0,0,0,1.563
S_VAL (selection),B3,static,AD001996,7,1,1,200.441,0,1,1,200.441,0,1,1,4.911
S_VAL (selection),B3,static,AD002067,3,1,1,181.338,0,1,1,181.338,0,1,1,1.586
S_VAL (selection),B3,static,AD002096,4,1,1,196.144,0,1,1,196.144,0,1,1,5.325
S_VAL (selection),B3,static,AD002103,3,1,1,505.207,0,0,0,525.531,0,0,0,5.16
S_VAL (selection),B3,static,AD002194,3,1,1,330.334,0,0,1,330.334,0,0,1,1.607
S_VAL (selection),B3,static,AD002244,3,1,1,1110.568,0,0,0,1110.568,0,0,0,1.729
S_VAL (selection),B3,static,AD002270,3,1,1,181.447,0,1,1,282.725,0,0,1,5.034
S_VAL (selection),B3,static,AD002357,3,1,1,226.477,0,1,1,226.477,0,1,1,1.711
S_VAL (selection),B3,static,AD002412,5,1,1,224.703,0,1,1,379.36,0,0,1,5.206
S_VAL (selection),B3,static,AD002621,3,1,1,21.134,1,1,1,21.134,1,1,1,5.284
S_VAL (selection),B3,static,AD002664,3,1,1,133.831,0,1,1,133.831,0,1,1,1.548
S_VAL (selection),B3,static,AD002685,3,1,1,265.422,0,0,1,265.422,0,0,1,32.132
S_VAL (selection),B3,static,AD002748,3,1,1,160.171,0,1,1,160.171,0,1,1,1.441
S_VAL (selection),B3,static,AD002751,3,1,1,131.817,0,1,1,190.385,0,1,1,1.995
S_VAL (selection),B3,static,AD002808,3,1,1,173.962,0,1,1,452.074,0,0,1,4.944
S_VAL (selection),B3,static,AD002875,4,1,1,100.234,0,1,1,100.234,0,1,1,4.955
S_VAL (selection),B3,static,AD002936,3,1,1,244.459,0,1,1,325.301,0,0,1,1.594
S_VAL (selection),B3,static,AD003016,3,1,1,404.383,0,0,1,664.527,0,0,0,12.098
S_VAL (selection),B3,all,AD000032,6,1,1,110.888,0,1,1,110.888,0,1,1,4.89
S_VAL (selection),B3,all,AD000037,8,1,1,152.948,0,1,1,152.948,0,1,1,1.541
S_VAL (selection),B3,all,AD000066,7,1,1,0.0,1,1,1,0.0,1,1,1,1.801
S_VAL (selection),B3,all,AD000079,6,1,1,2.0,1,1,1,2.0,1,1,1,4.911
S_VAL (selection),B3,all,AD000173,8,1,1,0.0,1,1,1,0.0,1,1,1,4.999
S_VAL (selection),B3,all,AD000197,8,1,1,0.0,1,1,1,0.0,1,1,1,1.785
S_VAL (selection),B3,all,AD000238,9,1,1,0.0,1,1,1,0.0,1,1,1,5.307
S_VAL (selection),B3,all,AD000258,11,1,1,0.0,1,1,1,0.0,1,1,1,1.638
S_VAL (selection),B3,all,AD000355,6,1,1,5.0,1,1,1,38.328,1,1,1,1.553
S_VAL (selection),B3,all,AD000379,6,1,1,0.0,1,1,1,0.0,1,1,1,1.516
S_VAL (selection),B3,all,AD000460,7,1,1,0.0,1,1,1,0.0,1,1,1,4.938
S_VAL (selection),B3,all,AD000517,8,1,1,0.0,1,1,1,0.0,1,1,1,1.543
S_VAL (selection),B3,all,AD000529,8,1,1,0.0,1,1,1,0.0,1,1,1,23.73
S_VAL (selection),B3,all,AD000624,6,1,1,148.705,0,1,1,148.705,0,1,1,1.464
S_VAL (selection),B3,all,AD000672,5,1,1,88.551,1,1,1,88.551,1,1,1,5.311
S_VAL (selection),B3,all,AD000711,7,1,1,6.083,1,1,1,8.0,1,1,1,5.153
S_VAL (selection),B3,all,AD000727,7,1,1,0.0,1,1,1,1.0,1,1,1,5.178
S_VAL (selection),B3,all,AD000735,8,1,1,0.0,1,1,1,0.0,1,1,1,1.729
S_VAL (selection),B3,all,AD000759,7,1,1,0.0,1,1,1,0.0,1,1,1,1.439
S_VAL (selection),B3,all,AD000781,9,1,1,0.0,1,1,1,0.0,1,1,1,5.083
S_VAL (selection),B3,all,AD000782,7,1,1,0.0,1,1,1,0.0,1,1,1,1.507
S_VAL (selection),B3,all,AD000810,8,1,1,0.0,1,1,1,0.0,1,1,1,1.525
S_VAL (selection),B3,all,AD000841,7,1,1,0.0,1,1,1,0.0,1,1,1,17.193
S_VAL (selection),B3,all,AD000942,7,1,1,0.0,1,1,1,0.0,1,1,1,1.377
S_VAL (selection),B3,all,AD000948,6,1,1,1.0,1,1,1,2.0,1,1,1,1.495
S_VAL (selection),B3,all,AD000969,7,1,1,0.0,1,1,1,0.0,1,1,1,1.52
S_VAL (selection),B3,all,AD000986,8,1,1,0.0,1,1,1,0.0,1,1,1,1.753
S_VAL (selection),B3,all,AD001053,8,1,1,0.0,1,1,1,0.0,1,1,1,5.089
S_VAL (selection),B3,all,AD001091,8,1,1,0.0,1,1,1,0.0,1,1,1,4.826
S_VAL (selection),B3,all,AD001122,7,1,1,0.0,1,1,1,0.0,1,1,1,5.102
S_VAL (selection),B3,all,AD001133,7,1,1,0.0,1,1,1,0.0,1,1,1,4.95
S_VAL (selection),B3,all,AD001135,6,1,1,79.071,1,1,1,79.071,1,1,1,1.578
S_VAL (selection),B3,all,AD001152,9,1,1,0.0,1,1,1,0.0,1,1,1,5.041
S_VAL (selection),B3,all,AD001178,7,1,1,0.0,1,1,1,0.0,1,1,1,1.578
S_VAL (selection),B3,all,AD001186,8,1,1,0.0,1,1,1,0.0,1,1,1,1.895
S_VAL (selection),B3,all,AD001200,8,1,1,0.0,1,1,1,0.0,1,1,1,5.17
S_VAL (selection),B3,all,AD001212,10,1,1,0.0,1,1,1,0.0,1,1,1,5.167
S_VAL (selection),B3,all,AD001223,7,1,1,0.0,1,1,1,0.0,1,1,1,1.546
S_VAL (selection),B3,all,AD001314,8,1,1,0.0,1,1,1,0.0,1,1,1,1.694
S_VAL (selection),B3,all,AD001352,7,1,1,3.0,1,1,1,5.0,1,1,1,5.211
S_VAL (selection),B3,all,AD001363,7,1,1,0.0,1,1,1,0.0,1,1,1,1.553
S_VAL (selection),B3,all,AD001364,7,1,1,0.0,1,1,1,0.0,1,1,1,1.477
S_VAL (selection),B3,all,AD001447,6,1,1,2.0,1,1,1,2.0,1,1,1,1.648
S_VAL (selection),B3,all,AD001509,8,1,1,0.0,1,1,1,0.0,1,1,1,1.699
S_VAL (selection),B3,all,AD001627,12,1,1,0.0,1,1,1,0.0,1,1,1,4.86
S_VAL (selection),B3,all,AD001662,7,1,1,0.0,1,1,1,0.0,1,1,1,1.553
S_VAL (selection),B3,all,AD001726,7,1,1,0.0,1,1,1,0.0,1,1,1,1.549
S_VAL (selection),B3,all,AD001746,8,1,1,0.0,1,1,1,0.0,1,1,1,1.708
S_VAL (selection),B3,all,AD001753,9,1,1,0.0,1,1,1,0.0,1,1,1,5.251
S_VAL (selection),B3,all,AD001821,8,1,1,0.0,1,1,1,0.0,1,1,1,5.424
S_VAL (selection),B3,all,AD001880,5,1,1,736.448,0,0,0,736.448,0,0,0,1.563
S_VAL (selection),B3,all,AD001996,10,1,1,0.0,1,1,1,0.0,1,1,1,4.911
S_VAL (selection),B3,all,AD002067,6,1,1,5.025,1,1,1,17.923,1,1,1,1.586
S_VAL (selection),B3,all,AD002096,9,1,1,0.0,1,1,1,0.0,1,1,1,5.325
S_VAL (selection),B3,all,AD002103,8,1,1,0.0,1,1,1,0.0,1,1,1,5.16
S_VAL (selection),B3,all,AD002194,8,1,1,0.0,1,1,1,0.0,1,1,1,1.607
S_VAL (selection),B3,all,AD002244,8,1,1,0.0,1,1,1,0.0,1,1,1,1.729
S_VAL (selection),B3,all,AD002270,6,1,1,0.0,1,1,1,0.0,1,1,1,5.034
S_VAL (selection),B3,all,AD002357,8,1,1,0.0,1,1,1,0.0,1,1,1,1.711
S_VAL (selection),B3,all,AD002412,8,1,1,91.093,1,1,1,94.921,1,1,1,5.206
S_VAL (selection),B3,all,AD002621,8,1,1,0.0,1,1,1,0.0,1,1,1,5.284
S_VAL (selection),B3,all,AD002664,7,1,1,0.0,1,1,1,0.0,1,1,1,1.548
S_VAL (selection),B3,all,AD002685,5,1,1,155.081,0,1,1,155.081,0,1,1,32.132
S_VAL (selection),B3,all,AD002748,8,1,1,0.0,1,1,1,0.0,1,1,1,1.441
S_VAL (selection),B3,all,AD002751,8,1,1,0.0,1,1,1,0.0,1,1,1,1.995
S_VAL (selection),B3,all,AD002808,6,1,1,162.98,0,1,1,162.98,0,1,1,4.944
S_VAL (selection),B3,all,AD002875,8,1,1,0.0,1,1,1,0.0,1,1,1,4.955
S_VAL (selection),B3,all,AD002936,7,1,1,0.0,1,1,1,0.0,1,1,1,1.594
S_VAL (selection),B3,all,AD003016,6,1,1,117.209,0,1,1,117.209,0,1,1,12.098
S_VAL (selection),B4,static,AD000032,3,1,1,415.992,0,0,1,466.514,0,0,1,4.965
S_VAL (selection),B4,static,AD000037,6,1,1,160.972,0,1,1,1302.431,0,0,0,1.491
S_VAL (selection),B4,static,AD000066,3,1,1,40.602,1,1,1,373.431,0,0,1,1.78
S_VAL (selection),B4,static,AD000079,3,1,1,165.369,0,1,1,165.369,0,1,1,5.169
S_VAL (selection),B4,static,AD000173,3,1,1,242.711,0,1,1,242.711,0,1,1,5.277
S_VAL (selection),B4,static,AD000197,3,1,1,150.741,0,1,1,460.47,0,0,1,1.763
S_VAL (selection),B4,static,AD000238,4,1,1,33.767,1,1,1,33.767,1,1,1,5.179
S_VAL (selection),B4,static,AD000258,7,1,1,251.0,0,0,1,2224.758,0,0,0,1.632
S_VAL (selection),B4,static,AD000355,3,1,1,272.932,0,0,1,272.932,0,0,1,1.526
S_VAL (selection),B4,static,AD000379,3,1,1,540.336,0,0,0,728.854,0,0,0,1.548
S_VAL (selection),B4,static,AD000460,3,1,1,240.484,0,1,1,248.907,0,1,1,5.023
S_VAL (selection),B4,static,AD000517,3,1,1,93.418,1,1,1,93.418,1,1,1,1.511
S_VAL (selection),B4,static,AD000529,3,1,1,88.168,1,1,1,110.001,0,1,1,221.619
S_VAL (selection),B4,static,AD000624,4,1,1,576.438,0,0,0,1392.849,0,0,0,1.415
S_VAL (selection),B4,static,AD000672,3,1,1,127.919,0,1,1,127.919,0,1,1,4.981
S_VAL (selection),B4,static,AD000711,4,1,1,300.083,0,0,1,300.083,0,0,1,4.852
S_VAL (selection),B4,static,AD000727,4,1,1,131.751,0,1,1,131.751,0,1,1,5.151
S_VAL (selection),B4,static,AD000735,3,1,1,244.406,0,1,1,273.629,0,0,1,1.751
S_VAL (selection),B4,static,AD000759,3,1,1,93.304,1,1,1,93.304,1,1,1,1.423
S_VAL (selection),B4,static,AD000781,4,1,1,100.846,0,1,1,141.313,0,1,1,5.334
S_VAL (selection),B4,static,AD000782,3,1,1,374.849,0,0,1,374.849,0,0,1,1.531
S_VAL (selection),B4,static,AD000810,3,1,1,490.75,0,0,1,667.845,0,0,0,1.625
S_VAL (selection),B4,static,AD000841,3,1,1,292.843,0,0,1,292.843,0,0,1,205.227
S_VAL (selection),B4,static,AD000942,3,1,1,72.575,1,1,1,72.575,1,1,1,1.489
S_VAL (selection),B4,static,AD000948,3,1,1,141.998,0,1,1,195.983,0,1,1,1.545
S_VAL (selection),B4,static,AD000969,3,1,1,73.828,1,1,1,73.828,1,1,1,2.567
S_VAL (selection),B4,static,AD000986,3,1,1,22.02,1,1,1,22.02,1,1,1,1.698
S_VAL (selection),B4,static,AD001053,4,1,1,104.832,0,1,1,111.114,0,1,1,5.219
S_VAL (selection),B4,static,AD001091,4,1,1,67.339,1,1,1,67.339,1,1,1,5.034
S_VAL (selection),B4,static,AD001122,3,1,1,304.007,0,0,1,378.993,0,0,1,7.695
S_VAL (selection),B4,static,AD001133,3,1,1,168.974,0,1,1,168.974,0,1,1,5.019
S_VAL (selection),B4,static,AD001135,3,1,1,184.695,0,1,1,184.695,0,1,1,1.677
S_VAL (selection),B4,static,AD001152,4,1,1,164.683,0,1,1,164.683,0,1,1,5.335
S_VAL (selection),B4,static,AD001178,3,1,1,266.681,0,0,1,435.97,0,0,1,1.447
S_VAL (selection),B4,static,AD001186,3,1,1,155.618,0,1,1,406.339,0,0,1,1.812
S_VAL (selection),B4,static,AD001200,4,1,1,259.091,0,0,1,397.126,0,0,1,5.364
S_VAL (selection),B4,static,AD001212,6,1,1,586.031,0,0,0,1630.448,0,0,0,5.255
S_VAL (selection),B4,static,AD001223,3,1,1,68.118,1,1,1,68.118,1,1,1,1.529
S_VAL (selection),B4,static,AD001314,3,1,1,127.278,0,1,1,127.278,0,1,1,1.767
S_VAL (selection),B4,static,AD001352,4,1,1,194.035,0,1,1,194.035,0,1,1,5.28
S_VAL (selection),B4,static,AD001363,3,1,1,372.266,0,0,1,483.889,0,0,1,1.554
S_VAL (selection),B4,static,AD001364,3,1,1,286.773,0,0,1,286.773,0,0,1,1.549
S_VAL (selection),B4,static,AD001447,3,1,1,151.867,0,1,1,151.867,0,1,1,1.582
S_VAL (selection),B4,static,AD001509,3,1,1,573.657,0,0,0,578.906,0,0,0,1.775
S_VAL (selection),B4,static,AD001627,7,1,1,255.731,0,0,1,407.821,0,0,1,5.148
S_VAL (selection),B4,static,AD001662,3,1,1,212.139,0,1,1,431.003,0,0,1,1.575
S_VAL (selection),B4,static,AD001726,3,1,1,44.471,1,1,1,44.471,1,1,1,1.686
S_VAL (selection),B4,static,AD001746,3,1,1,298.984,0,0,1,311.005,0,0,1,1.78
S_VAL (selection),B4,static,AD001753,4,1,1,85.468,1,1,1,85.468,1,1,1,5.372
S_VAL (selection),B4,static,AD001821,3,1,1,68.236,1,1,1,68.236,1,1,1,5.429
S_VAL (selection),B4,static,AD001880,3,1,1,826.704,0,0,0,826.704,0,0,0,1.768
S_VAL (selection),B4,static,AD001996,7,1,1,200.441,0,1,1,200.441,0,1,1,4.838
S_VAL (selection),B4,static,AD002067,3,1,1,181.338,0,1,1,181.338,0,1,1,1.584
S_VAL (selection),B4,static,AD002096,4,1,1,196.144,0,1,1,196.144,0,1,1,5.22
S_VAL (selection),B4,static,AD002103,3,1,1,505.207,0,0,0,525.531,0,0,0,5.161
S_VAL (selection),B4,static,AD002194,3,1,1,330.334,0,0,1,330.334,0,0,1,1.643
S_VAL (selection),B4,static,AD002244,3,1,1,1110.568,0,0,0,1110.568,0,0,0,2.473
S_VAL (selection),B4,static,AD002270,3,1,1,181.447,0,1,1,282.725,0,0,1,5.01
S_VAL (selection),B4,static,AD002357,3,1,1,226.477,0,1,1,226.477,0,1,1,1.705
S_VAL (selection),B4,static,AD002412,5,1,1,224.703,0,1,1,379.36,0,0,1,5.071
S_VAL (selection),B4,static,AD002621,3,1,1,21.134,1,1,1,21.134,1,1,1,5.369
S_VAL (selection),B4,static,AD002664,3,1,1,133.831,0,1,1,133.831,0,1,1,1.639
S_VAL (selection),B4,static,AD002685,3,1,1,265.422,0,0,1,265.422,0,0,1,215.881
S_VAL (selection),B4,static,AD002748,3,1,1,160.171,0,1,1,160.171,0,1,1,1.709
S_VAL (selection),B4,static,AD002751,3,1,1,131.817,0,1,1,190.385,0,1,1,1.713
S_VAL (selection),B4,static,AD002808,3,1,1,173.962,0,1,1,452.074,0,0,1,5.275
S_VAL (selection),B4,static,AD002875,4,1,1,100.234,0,1,1,100.234,0,1,1,5.224
S_VAL (selection),B4,static,AD002936,3,1,1,244.459,0,1,1,325.301,0,0,1,1.629
S_VAL (selection),B4,static,AD003016,3,1,1,404.383,0,0,1,664.527,0,0,0,224.154
S_VAL (selection),B4,all,AD000032,6,1,1,110.888,0,1,1,110.888,0,1,1,4.965
S_VAL (selection),B4,all,AD000037,8,1,1,152.948,0,1,1,152.948,0,1,1,1.491
S_VAL (selection),B4,all,AD000066,7,1,1,0.0,1,1,1,0.0,1,1,1,1.78
S_VAL (selection),B4,all,AD000079,6,1,1,2.0,1,1,1,2.0,1,1,1,5.169
S_VAL (selection),B4,all,AD000173,8,1,1,0.0,1,1,1,0.0,1,1,1,5.277
S_VAL (selection),B4,all,AD000197,8,1,1,0.0,1,1,1,0.0,1,1,1,1.763
S_VAL (selection),B4,all,AD000238,9,1,1,0.0,1,1,1,0.0,1,1,1,5.179
S_VAL (selection),B4,all,AD000258,11,1,1,0.0,1,1,1,0.0,1,1,1,1.632
S_VAL (selection),B4,all,AD000355,6,1,1,5.0,1,1,1,38.328,1,1,1,1.526
S_VAL (selection),B4,all,AD000379,6,1,1,0.0,1,1,1,0.0,1,1,1,1.548
S_VAL (selection),B4,all,AD000460,7,1,1,0.0,1,1,1,0.0,1,1,1,5.023
S_VAL (selection),B4,all,AD000517,8,1,1,0.0,1,1,1,0.0,1,1,1,1.511
S_VAL (selection),B4,all,AD000529,8,1,1,0.0,1,1,1,0.0,1,1,1,221.619
S_VAL (selection),B4,all,AD000624,6,1,1,148.705,0,1,1,148.705,0,1,1,1.415
S_VAL (selection),B4,all,AD000672,5,1,1,88.551,1,1,1,88.551,1,1,1,4.981
S_VAL (selection),B4,all,AD000711,7,1,1,6.083,1,1,1,8.0,1,1,1,4.852
S_VAL (selection),B4,all,AD000727,7,1,1,0.0,1,1,1,1.0,1,1,1,5.151
S_VAL (selection),B4,all,AD000735,8,1,1,0.0,1,1,1,0.0,1,1,1,1.751
S_VAL (selection),B4,all,AD000759,7,1,1,0.0,1,1,1,0.0,1,1,1,1.423
S_VAL (selection),B4,all,AD000781,9,1,1,0.0,1,1,1,0.0,1,1,1,5.334
S_VAL (selection),B4,all,AD000782,7,1,1,0.0,1,1,1,0.0,1,1,1,1.531
S_VAL (selection),B4,all,AD000810,8,1,1,0.0,1,1,1,0.0,1,1,1,1.625
S_VAL (selection),B4,all,AD000841,7,1,1,0.0,1,1,1,0.0,1,1,1,205.227
S_VAL (selection),B4,all,AD000942,7,1,1,0.0,1,1,1,0.0,1,1,1,1.489
S_VAL (selection),B4,all,AD000948,6,1,1,1.0,1,1,1,2.0,1,1,1,1.545
S_VAL (selection),B4,all,AD000969,7,1,1,0.0,1,1,1,0.0,1,1,1,2.567
S_VAL (selection),B4,all,AD000986,8,1,1,0.0,1,1,1,0.0,1,1,1,1.698
S_VAL (selection),B4,all,AD001053,8,1,1,0.0,1,1,1,0.0,1,1,1,5.219
S_VAL (selection),B4,all,AD001091,8,1,1,0.0,1,1,1,0.0,1,1,1,5.034
S_VAL (selection),B4,all,AD001122,7,1,1,0.0,1,1,1,0.0,1,1,1,7.695
S_VAL (selection),B4,all,AD001133,7,1,1,0.0,1,1,1,0.0,1,1,1,5.019
S_VAL (selection),B4,all,AD001135,6,1,1,79.071,1,1,1,79.071,1,1,1,1.677
S_VAL (selection),B4,all,AD001152,9,1,1,0.0,1,1,1,0.0,1,1,1,5.335
S_VAL (selection),B4,all,AD001178,7,1,1,0.0,1,1,1,0.0,1,1,1,1.447
S_VAL (selection),B4,all,AD001186,8,1,1,0.0,1,1,1,0.0,1,1,1,1.812
S_VAL (selection),B4,all,AD001200,8,1,1,0.0,1,1,1,0.0,1,1,1,5.364
S_VAL (selection),B4,all,AD001212,10,1,1,0.0,1,1,1,0.0,1,1,1,5.255
S_VAL (selection),B4,all,AD001223,7,1,1,0.0,1,1,1,0.0,1,1,1,1.529
S_VAL (selection),B4,all,AD001314,8,1,1,0.0,1,1,1,0.0,1,1,1,1.767
S_VAL (selection),B4,all,AD001352,7,1,1,3.0,1,1,1,5.0,1,1,1,5.28
S_VAL (selection),B4,all,AD001363,7,1,1,0.0,1,1,1,0.0,1,1,1,1.554
S_VAL (selection),B4,all,AD001364,7,1,1,0.0,1,1,1,0.0,1,1,1,1.549
S_VAL (selection),B4,all,AD001447,6,1,1,2.0,1,1,1,2.0,1,1,1,1.582
S_VAL (selection),B4,all,AD001509,8,1,1,0.0,1,1,1,0.0,1,1,1,1.775
S_VAL (selection),B4,all,AD001627,12,1,1,0.0,1,1,1,0.0,1,1,1,5.148
S_VAL (selection),B4,all,AD001662,7,1,1,0.0,1,1,1,0.0,1,1,1,1.575
S_VAL (selection),B4,all,AD001726,7,1,1,0.0,1,1,1,0.0,1,1,1,1.686
S_VAL (selection),B4,all,AD001746,8,1,1,0.0,1,1,1,0.0,1,1,1,1.78
S_VAL (selection),B4,all,AD001753,9,1,1,0.0,1,1,1,0.0,1,1,1,5.372
S_VAL (selection),B4,all,AD001821,8,1,1,0.0,1,1,1,0.0,1,1,1,5.429
S_VAL (selection),B4,all,AD001880,5,1,1,736.448,0,0,0,736.448,0,0,0,1.768
S_VAL (selection),B4,all,AD001996,10,1,1,0.0,1,1,1,0.0,1,1,1,4.838
S_VAL (selection),B4,all,AD002067,6,1,1,5.025,1,1,1,17.923,1,1,1,1.584
S_VAL (selection),B4,all,AD002096,9,1,1,0.0,1,1,1,0.0,1,1,1,5.22
S_VAL (selection),B4,all,AD002103,8,1,1,0.0,1,1,1,0.0,1,1,1,5.161
S_VAL (selection),B4,all,AD002194,8,1,1,0.0,1,1,1,0.0,1,1,1,1.643
S_VAL (selection),B4,all,AD002244,8,1,1,0.0,1,1,1,0.0,1,1,1,2.473
S_VAL (selection),B4,all,AD002270,6,1,1,0.0,1,1,1,0.0,1,1,1,5.01
S_VAL (selection),B4,all,AD002357,8,1,1,0.0,1,1,1,0.0,1,1,1,1.705
S_VAL (selection),B4,all,AD002412,8,1,1,91.093,1,1,1,94.921,1,1,1,5.071
S_VAL (selection),B4,all,AD002621,8,1,1,0.0,1,1,1,0.0,1,1,1,5.369
S_VAL (selection),B4,all,AD002664,7,1,1,0.0,1,1,1,0.0,1,1,1,1.639
S_VAL (selection),B4,all,AD002685,5,1,1,155.081,0,1,1,155.081,0,1,1,215.881
S_VAL (selection),B4,all,AD002748,8,1,1,0.0,1,1,1,0.0,1,1,1,1.709
S_VAL (selection),B4,all,AD002751,8,1,1,0.0,1,1,1,0.0,1,1,1,1.713
S_VAL (selection),B4,all,AD002808,6,1,1,162.98,0,1,1,162.98,0,1,1,5.275
S_VAL (selection),B4,all,AD002875,8,1,1,0.0,1,1,1,0.0,1,1,1,5.224
S_VAL (selection),B4,all,AD002936,7,1,1,0.0,1,1,1,0.0,1,1,1,1.629
S_VAL (selection),B4,all,AD003016,6,1,1,117.209,0,1,1,117.209,0,1,1,224.154
S_TRAIN+S_VAL (stability),B1,static,AD000001,3,1,1,90.403,1,1,1,108.593,0,1,1,0.779
S_TRAIN+S_VAL (stability),B1,static,AD000012,3,1,1,121.264,0,1,1,121.264,0,1,1,1.021
S_TRAIN+S_VAL (stability),B1,static,AD000023,3,1,1,381.158,0,0,1,381.158,0,0,1,1.001
S_TRAIN+S_VAL (stability),B1,static,AD000027,3,1,1,164.502,0,1,1,319.555,0,0,1,1.111
S_TRAIN+S_VAL (stability),B1,static,AD000032,3,1,1,415.992,0,0,1,466.514,0,0,1,0.91
S_TRAIN+S_VAL (stability),B1,static,AD000037,6,1,1,160.972,0,1,1,1302.431,0,0,0,0.88
S_TRAIN+S_VAL (stability),B1,static,AD000047,3,1,1,431.46,0,0,1,560.169,0,0,0,1.013
S_TRAIN+S_VAL (stability),B1,static,AD000049,3,1,1,348.54,0,0,1,348.54,0,0,1,1.3
S_TRAIN+S_VAL (stability),B1,static,AD000062,3,1,1,65.157,1,1,1,171.811,0,1,1,1.022
S_TRAIN+S_VAL (stability),B1,static,AD000066,3,1,1,40.602,1,1,1,373.431,0,0,1,1.108
S_TRAIN+S_VAL (stability),B1,static,AD000068,3,1,1,187.628,0,1,1,187.628,0,1,1,0.784
S_TRAIN+S_VAL (stability),B1,static,AD000069,3,1,1,630.283,0,0,0,764.138,0,0,0,1.725
S_TRAIN+S_VAL (stability),B1,static,AD000079,3,1,1,165.369,0,1,1,165.369,0,1,1,1.184
S_TRAIN+S_VAL (stability),B1,static,AD000088,3,1,1,56.43,1,1,1,56.43,1,1,1,0.978
S_TRAIN+S_VAL (stability),B1,static,AD000094,3,1,1,75.701,1,1,1,75.701,1,1,1,1.052
S_TRAIN+S_VAL (stability),B1,static,AD000096,3,1,1,338.155,0,0,1,355.067,0,0,1,1.116
S_TRAIN+S_VAL (stability),B1,static,AD000105,3,1,1,447.63,0,0,1,586.055,0,0,0,1.043
S_TRAIN+S_VAL (stability),B1,static,AD000114,3,1,1,74.165,1,1,1,74.165,1,1,1,0.997
S_TRAIN+S_VAL (stability),B1,static,AD000129,3,1,1,523.526,0,0,0,630.789,0,0,0,1.13
S_TRAIN+S_VAL (stability),B1,static,AD000138,3,1,1,48.487,1,1,1,156.387,0,1,1,1.66
S_TRAIN+S_VAL (stability),B1,static,AD000142,3,1,1,145.525,0,1,1,145.525,0,1,1,1.146
S_TRAIN+S_VAL (stability),B1,static,AD000155,3,1,1,44.643,1,1,1,44.643,1,1,1,1.503
S_TRAIN+S_VAL (stability),B1,static,AD000172,3,1,1,304.109,0,0,1,304.109,0,0,1,0.876
S_TRAIN+S_VAL (stability),B1,static,AD000173,3,1,1,242.711,0,1,1,242.711,0,1,1,1.444
S_TRAIN+S_VAL (stability),B1,static,AD000176,3,1,1,343.193,0,0,1,343.193,0,0,1,0.91
S_TRAIN+S_VAL (stability),B1,static,AD000197,3,1,1,150.741,0,1,1,460.47,0,0,1,1.424
S_TRAIN+S_VAL (stability),B1,static,AD000198,3,1,1,204.444,0,1,1,399.858,0,0,1,1.146
S_TRAIN+S_VAL (stability),B1,static,AD000204,3,1,1,131.042,0,1,1,131.042,0,1,1,0.968
S_TRAIN+S_VAL (stability),B1,static,AD000223,3,1,1,297.433,0,0,1,297.433,0,0,1,1.016
S_TRAIN+S_VAL (stability),B1,static,AD000238,4,1,1,33.767,1,1,1,33.767,1,1,1,1.156
S_TRAIN+S_VAL (stability),B1,static,AD000253,3,1,1,166.756,0,1,1,166.756,0,1,1,0.76
S_TRAIN+S_VAL (stability),B1,static,AD000258,7,1,1,251.0,0,0,1,2224.758,0,0,0,0.869
S_TRAIN+S_VAL (stability),B1,static,AD000260,3,1,1,244.712,0,1,1,244.712,0,1,1,0.888
S_TRAIN+S_VAL (stability),B1,static,AD000309,3,1,1,254.285,0,0,1,254.285,0,0,1,0.96
S_TRAIN+S_VAL (stability),B1,static,AD000316,3,1,1,57.073,1,1,1,57.073,1,1,1,1.153
S_TRAIN+S_VAL (stability),B1,static,AD000323,3,1,1,79.699,1,1,1,79.699,1,1,1,1.004
S_TRAIN+S_VAL (stability),B1,static,AD000337,3,1,1,30.585,1,1,1,30.585,1,1,1,0.75
S_TRAIN+S_VAL (stability),B1,static,AD000338,3,1,1,338.916,0,0,1,338.916,0,0,1,1.06
S_TRAIN+S_VAL (stability),B1,static,AD000354,3,1,1,138.668,0,1,1,138.668,0,1,1,0.759
S_TRAIN+S_VAL (stability),B1,static,AD000355,3,1,1,272.932,0,0,1,272.932,0,0,1,0.857
S_TRAIN+S_VAL (stability),B1,static,AD000360,3,1,1,364.144,0,0,1,364.144,0,0,1,0.782
S_TRAIN+S_VAL (stability),B1,static,AD000369,3,1,1,121.08,0,1,1,121.08,0,1,1,1.123
S_TRAIN+S_VAL (stability),B1,static,AD000379,3,1,1,540.336,0,0,0,728.854,0,0,0,0.973
S_TRAIN+S_VAL (stability),B1,static,AD000387,3,1,1,278.708,0,0,1,302.318,0,0,1,0.811
S_TRAIN+S_VAL (stability),B1,static,AD000397,3,1,1,81.298,1,1,1,263.528,0,0,1,1.017
S_TRAIN+S_VAL (stability),B1,static,AD000412,3,1,1,226.165,0,1,1,226.165,0,1,1,1.037
S_TRAIN+S_VAL (stability),B1,static,AD000424,3,1,1,146.899,0,1,1,146.899,0,1,1,1.114
S_TRAIN+S_VAL (stability),B1,static,AD000430,3,1,1,147.474,0,1,1,170.972,0,1,1,0.792
S_TRAIN+S_VAL (stability),B1,static,AD000433,4,1,1,523.238,0,0,0,2045.598,0,0,0,1.064
S_TRAIN+S_VAL (stability),B1,static,AD000451,3,1,1,340.478,0,0,1,384.221,0,0,1,1.054
S_TRAIN+S_VAL (stability),B1,static,AD000460,3,1,1,240.484,0,1,1,248.907,0,1,1,1.088
S_TRAIN+S_VAL (stability),B1,static,AD000475,3,1,1,184.642,0,1,1,387.754,0,0,1,1.181
S_TRAIN+S_VAL (stability),B1,static,AD000517,3,1,1,93.418,1,1,1,93.418,1,1,1,0.939
S_TRAIN+S_VAL (stability),B1,static,AD000524,3,1,1,149.958,0,1,1,149.958,0,1,1,1.12
S_TRAIN+S_VAL (stability),B1,static,AD000526,3,1,1,832.488,0,0,0,852.128,0,0,0,1.021
S_TRAIN+S_VAL (stability),B1,static,AD000529,3,1,1,88.168,1,1,1,110.001,0,1,1,1.094
S_TRAIN+S_VAL (stability),B1,static,AD000541,3,1,1,274.462,0,0,1,274.462,0,0,1,1.196
S_TRAIN+S_VAL (stability),B1,static,AD000560,3,1,1,412.681,0,0,1,412.681,0,0,1,1.117
S_TRAIN+S_VAL (stability),B1,static,AD000589,3,1,1,276.584,0,0,1,337.894,0,0,1,0.938
S_TRAIN+S_VAL (stability),B1,static,AD000602,3,1,1,317.322,0,0,1,319.707,0,0,1,0.984
S_TRAIN+S_VAL (stability),B1,static,AD000608,3,1,1,297.686,0,0,1,297.686,0,0,1,1.02
S_TRAIN+S_VAL (stability),B1,static,AD000613,4,1,1,324.211,0,0,1,331.051,0,0,1,1.221
S_TRAIN+S_VAL (stability),B1,static,AD000624,4,1,1,576.438,0,0,0,1392.849,0,0,0,0.729
S_TRAIN+S_VAL (stability),B1,static,AD000630,3,1,1,212.896,0,1,1,219.042,0,1,1,0.716
S_TRAIN+S_VAL (stability),B1,static,AD000631,4,1,1,273.457,0,0,1,278.238,0,0,1,1.154
S_TRAIN+S_VAL (stability),B1,static,AD000634,3,1,1,544.149,0,0,0,670.439,0,0,0,0.835
S_TRAIN+S_VAL (stability),B1,static,AD000639,3,1,1,68.889,1,1,1,126.421,0,1,1,0.945
S_TRAIN+S_VAL (stability),B1,static,AD000652,3,1,1,166.513,0,1,1,166.513,0,1,1,1.059
S_TRAIN+S_VAL (stability),B1,static,AD000658,3,1,1,319.558,0,0,1,535.327,0,0,0,0.848
S_TRAIN+S_VAL (stability),B1,static,AD000667,3,1,1,486.411,0,0,1,620.642,0,0,0,0.983
S_TRAIN+S_VAL (stability),B1,static,AD000668,3,1,1,110.386,0,1,1,110.386,0,1,1,0.976
S_TRAIN+S_VAL (stability),B1,static,AD000672,3,1,1,127.919,0,1,1,127.919,0,1,1,0.959
S_TRAIN+S_VAL (stability),B1,static,AD000710,3,1,1,315.092,0,0,1,464.85,0,0,1,0.783
S_TRAIN+S_VAL (stability),B1,static,AD000711,3,1,1,300.083,0,0,1,300.083,0,0,1,0.989
S_TRAIN+S_VAL (stability),B1,static,AD000722,3,1,1,360.067,0,0,1,360.067,0,0,1,1.139
S_TRAIN+S_VAL (stability),B1,static,AD000727,4,1,1,131.751,0,1,1,131.751,0,1,1,1.131
S_TRAIN+S_VAL (stability),B1,static,AD000733,3,1,1,188.101,0,1,1,245.596,0,1,1,1.159
S_TRAIN+S_VAL (stability),B1,static,AD000735,3,1,1,244.406,0,1,1,273.629,0,0,1,1.045
S_TRAIN+S_VAL (stability),B1,static,AD000741,3,1,1,122.761,0,1,1,122.761,0,1,1,0.818
S_TRAIN+S_VAL (stability),B1,static,AD000753,3,1,1,374.894,0,0,1,374.894,0,0,1,0.886
S_TRAIN+S_VAL (stability),B1,static,AD000756,3,1,1,194.267,0,1,1,221.641,0,1,1,0.853
S_TRAIN+S_VAL (stability),B1,static,AD000759,3,1,1,93.304,1,1,1,93.304,1,1,1,0.715
S_TRAIN+S_VAL (stability),B1,static,AD000779,3,1,1,1270.469,0,0,0,1270.469,0,0,0,1.167
S_TRAIN+S_VAL (stability),B1,static,AD000781,4,1,1,100.846,0,1,1,141.313,0,1,1,1.205
S_TRAIN+S_VAL (stability),B1,static,AD000782,3,1,1,374.849,0,0,1,374.849,0,0,1,0.762
S_TRAIN+S_VAL (stability),B1,static,AD000785,6,1,1,323.556,0,0,1,1029.123,0,0,0,1.227
S_TRAIN+S_VAL (stability),B1,static,AD000787,3,1,1,16.819,1,1,1,16.819,1,1,1,0.908
S_TRAIN+S_VAL (stability),B1,static,AD000808,4,1,1,114.664,0,1,1,401.552,0,0,1,1.121
S_TRAIN+S_VAL (stability),B1,static,AD000809,3,1,1,496.101,0,0,1,496.101,0,0,1,1.04
S_TRAIN+S_VAL (stability),B1,static,AD000810,3,1,1,490.75,0,0,1,667.845,0,0,0,0.915
S_TRAIN+S_VAL (stability),B1,static,AD000817,3,1,1,233.947,0,1,1,233.947,0,1,1,1.214
S_TRAIN+S_VAL (stability),B1,static,AD000825,3,1,1,55.1,1,1,1,55.1,1,1,1,1.032
S_TRAIN+S_VAL (stability),B1,static,AD000836,4,1,1,306.573,0,0,1,396.888,0,0,1,1.221
S_TRAIN+S_VAL (stability),B1,static,AD000841,3,1,1,292.843,0,0,1,292.843,0,0,1,1.104
S_TRAIN+S_VAL (stability),B1,static,AD000850,3,1,1,168.423,0,1,1,316.332,0,0,1,0.877
S_TRAIN+S_VAL (stability),B1,static,AD000854,3,1,1,490.741,0,0,1,608.084,0,0,0,0.943
S_TRAIN+S_VAL (stability),B1,static,AD000869,3,1,1,229.127,0,1,1,229.127,0,1,1,1.047
S_TRAIN+S_VAL (stability),B1,static,AD000904,3,1,1,265.391,0,0,1,265.391,0,0,1,0.769
S_TRAIN+S_VAL (stability),B1,static,AD000924,6,1,1,342.963,0,0,1,343.702,0,0,1,1.224
S_TRAIN+S_VAL (stability),B1,static,AD000936,3,1,1,364.652,0,0,1,364.652,0,0,1,1.875
S_TRAIN+S_VAL (stability),B1,static,AD000942,3,1,1,72.575,1,1,1,72.575,1,1,1,0.875
S_TRAIN+S_VAL (stability),B1,static,AD000948,3,1,1,141.998,0,1,1,195.983,0,1,1,0.79
S_TRAIN+S_VAL (stability),B1,static,AD000950,3,1,1,415.048,0,0,1,430.427,0,0,1,0.951
S_TRAIN+S_VAL (stability),B1,static,AD000969,3,1,1,73.828,1,1,1,73.828,1,1,1,0.941
S_TRAIN+S_VAL (stability),B1,static,AD000986,3,1,1,22.02,1,1,1,22.02,1,1,1,1.031
S_TRAIN+S_VAL (stability),B1,static,AD001031,3,1,1,138.994,0,1,1,142.05,0,1,1,0.971
S_TRAIN+S_VAL (stability),B1,static,AD001035,3,1,1,614.284,0,0,0,614.284,0,0,0,0.986
S_TRAIN+S_VAL (stability),B1,static,AD001040,3,1,1,110.505,0,1,1,110.505,0,1,1,1.167
S_TRAIN+S_VAL (stability),B1,static,AD001042,3,1,1,27.237,1,1,1,27.237,1,1,1,1.032
S_TRAIN+S_VAL (stability),B1,static,AD001045,3,1,1,260.787,0,0,1,260.787,0,0,1,0.865
S_TRAIN+S_VAL (stability),B1,static,AD001053,4,1,1,104.832,0,1,1,111.114,0,1,1,1.205
S_TRAIN+S_VAL (stability),B1,static,AD001080,7,1,1,190.432,0,1,1,190.432,0,1,1,0.831
S_TRAIN+S_VAL (stability),B1,static,AD001091,4,1,1,67.339,1,1,1,67.339,1,1,1,1.086
S_TRAIN+S_VAL (stability),B1,static,AD001105,3,1,1,444.251,0,0,1,459.324,0,0,1,0.908
S_TRAIN+S_VAL (stability),B1,static,AD001116,4,1,1,28.827,1,1,1,28.827,1,1,1,0.985
S_TRAIN+S_VAL (stability),B1,static,AD001121,4,1,1,115.333,0,1,1,115.333,0,1,1,1.228
S_TRAIN+S_VAL (stability),B1,static,AD001122,3,1,1,304.007,0,0,1,378.993,0,0,1,1.128
S_TRAIN+S_VAL (stability),B1,static,AD001127,3,1,1,229.544,0,1,1,229.544,0,1,1,0.902
S_TRAIN+S_VAL (stability),B1,static,AD001130,3,1,1,118.209,0,1,1,118.209,0,1,1,0.957
S_TRAIN+S_VAL (stability),B1,static,AD001133,3,1,1,168.974,0,1,1,168.974,0,1,1,0.877
S_TRAIN+S_VAL (stability),B1,static,AD001135,3,1,1,184.695,0,1,1,184.695,0,1,1,0.811
S_TRAIN+S_VAL (stability),B1,static,AD001145,3,1,1,47.432,1,1,1,47.432,1,1,1,0.898
S_TRAIN+S_VAL (stability),B1,static,AD001152,4,1,1,164.683,0,1,1,164.683,0,1,1,1.021
S_TRAIN+S_VAL (stability),B1,static,AD001156,6,1,1,140.057,0,1,1,140.057,0,1,1,0.998
S_TRAIN+S_VAL (stability),B1,static,AD001170,3,1,1,165.887,0,1,1,165.887,0,1,1,1.084
S_TRAIN+S_VAL (stability),B1,static,AD001178,3,1,1,266.681,0,0,1,435.97,0,0,1,0.891
S_TRAIN+S_VAL (stability),B1,static,AD001186,3,1,1,155.618,0,1,1,406.339,0,0,1,1.135
S_TRAIN+S_VAL (stability),B1,static,AD001200,4,1,1,259.091,0,0,1,397.126,0,0,1,1.116
S_TRAIN+S_VAL (stability),B1,static,AD001212,6,1,1,586.031,0,0,0,1630.448,0,0,0,1.142
S_TRAIN+S_VAL (stability),B1,static,AD001223,3,1,1,68.118,1,1,1,68.118,1,1,1,0.819
S_TRAIN+S_VAL (stability),B1,static,AD001232,3,1,1,139.564,0,1,1,139.564,0,1,1,0.957
S_TRAIN+S_VAL (stability),B1,static,AD001236,3,1,1,460.182,0,0,1,460.182,0,0,1,1.007
S_TRAIN+S_VAL (stability),B1,static,AD001254,3,1,1,177.545,0,1,1,177.545,0,1,1,1.128
S_TRAIN+S_VAL (stability),B1,static,AD001268,3,1,1,318.791,0,0,1,452.607,0,0,1,0.823
S_TRAIN+S_VAL (stability),B1,static,AD001272,3,1,1,359.736,0,0,1,437.513,0,0,1,0.982
S_TRAIN+S_VAL (stability),B1,static,AD001294,8,1,1,340.935,0,0,1,1623.747,0,0,0,1.159
S_TRAIN+S_VAL (stability),B1,static,AD001314,3,1,1,127.278,0,1,1,127.278,0,1,1,1.046
S_TRAIN+S_VAL (stability),B1,static,AD001324,3,1,1,17.056,1,1,1,17.056,1,1,1,0.904
S_TRAIN+S_VAL (stability),B1,static,AD001339,4,1,1,334.842,0,0,1,356.319,0,0,1,1.067
S_TRAIN+S_VAL (stability),B1,static,AD001352,3,1,1,194.035,0,1,1,194.035,0,1,1,0.964
S_TRAIN+S_VAL (stability),B1,static,AD001357,3,1,1,214.084,0,1,1,271.159,0,0,1,0.736
S_TRAIN+S_VAL (stability),B1,static,AD001363,3,1,1,372.266,0,0,1,483.889,0,0,1,0.803
S_TRAIN+S_VAL (stability),B1,static,AD001364,3,1,1,286.773,0,0,1,286.773,0,0,1,0.819
S_TRAIN+S_VAL (stability),B1,static,AD001380,3,1,1,169.53,0,1,1,169.53,0,1,1,1.0
S_TRAIN+S_VAL (stability),B1,static,AD001408,3,1,1,137.242,0,1,1,494.721,0,0,1,1.102
S_TRAIN+S_VAL (stability),B1,static,AD001416,3,1,1,60.559,1,1,1,60.559,1,1,1,1.137
S_TRAIN+S_VAL (stability),B1,static,AD001422,3,1,1,362.907,0,0,1,362.907,0,0,1,1.017
S_TRAIN+S_VAL (stability),B1,static,AD001447,3,1,1,151.867,0,1,1,151.867,0,1,1,0.962
S_TRAIN+S_VAL (stability),B1,static,AD001462,4,1,1,391.66,0,0,1,429.362,0,0,1,1.242
S_TRAIN+S_VAL (stability),B1,static,AD001465,3,1,1,364.64,0,0,1,473.339,0,0,1,1.069
S_TRAIN+S_VAL (stability),B1,static,AD001479,3,1,1,579.372,0,0,0,669.168,0,0,0,0.967
S_TRAIN+S_VAL (stability),B1,static,AD001495,7,1,1,378.662,0,0,1,472.797,0,0,1,1.271
S_TRAIN+S_VAL (stability),B1,static,AD001499,3,1,1,92.125,1,1,1,92.125,1,1,1,1.048
S_TRAIN+S_VAL (stability),B1,static,AD001505,3,1,1,99.561,1,1,1,99.561,1,1,1,0.999
S_TRAIN+S_VAL (stability),B1,static,AD001509,3,1,1,573.657,0,0,0,578.906,0,0,0,1.056
S_TRAIN+S_VAL (stability),B1,static,AD001521,3,1,1,304.96,0,0,1,419.052,0,0,1,0.832
S_TRAIN+S_VAL (stability),B1,static,AD001523,3,1,1,326.644,0,0,1,354.348,0,0,1,1.107
S_TRAIN+S_VAL (stability),B1,static,AD001539,3,1,1,154.721,0,1,1,154.721,0,1,1,0.88
S_TRAIN+S_VAL (stability),B1,static,AD001540,3,1,1,170.946,0,1,1,170.946,0,1,1,0.79
S_TRAIN+S_VAL (stability),B1,static,AD001551,3,1,1,551.817,0,0,0,779.139,0,0,0,0.801
S_TRAIN+S_VAL (stability),B1,static,AD001554,3,1,1,122.705,0,1,1,142.904,0,1,1,0.812
S_TRAIN+S_VAL (stability),B1,static,AD001555,3,1,1,232.754,0,1,1,323.581,0,0,1,1.258
S_TRAIN+S_VAL (stability),B1,static,AD001578,3,1,1,117.904,0,1,1,117.904,0,1,1,1.038
S_TRAIN+S_VAL (stability),B1,static,AD001581,3,1,1,121.891,0,1,1,121.891,0,1,1,1.049
S_TRAIN+S_VAL (stability),B1,static,AD001587,3,1,1,424.637,0,0,1,424.637,0,0,1,0.863
S_TRAIN+S_VAL (stability),B1,static,AD001619,3,1,1,104.472,0,1,1,104.472,0,1,1,0.8
S_TRAIN+S_VAL (stability),B1,static,AD001627,7,1,1,255.731,0,0,1,407.821,0,0,1,1.274
S_TRAIN+S_VAL (stability),B1,static,AD001638,3,1,1,301.118,0,0,1,319.686,0,0,1,1.028
S_TRAIN+S_VAL (stability),B1,static,AD001647,3,1,1,112.468,0,1,1,152.158,0,1,1,1.187
S_TRAIN+S_VAL (stability),B1,static,AD001662,3,1,1,212.139,0,1,1,431.003,0,0,1,0.996
S_TRAIN+S_VAL (stability),B1,static,AD001689,3,1,1,115.462,0,1,1,115.462,0,1,1,0.827
S_TRAIN+S_VAL (stability),B1,static,AD001697,3,1,1,148.802,0,1,1,148.802,0,1,1,0.994
S_TRAIN+S_VAL (stability),B1,static,AD001700,3,1,1,23.483,1,1,1,23.483,1,1,1,0.795
S_TRAIN+S_VAL (stability),B1,static,AD001713,3,1,1,2.163,1,1,1,2.163,1,1,1,0.963
S_TRAIN+S_VAL (stability),B1,static,AD001722,4,1,1,376.948,0,0,1,1332.773,0,0,0,1.052
S_TRAIN+S_VAL (stability),B1,static,AD001726,3,1,1,44.471,1,1,1,44.471,1,1,1,0.963
S_TRAIN+S_VAL (stability),B1,static,AD001731,3,1,1,85.387,1,1,1,85.387,1,1,1,0.799
S_TRAIN+S_VAL (stability),B1,static,AD001738,3,1,1,250.635,0,0,1,262.395,0,0,1,1.107
S_TRAIN+S_VAL (stability),B1,static,AD001741,3,1,1,159.227,0,1,1,159.227,0,1,1,0.872
S_TRAIN+S_VAL (stability),B1,static,AD001742,3,1,1,320.581,0,0,1,320.581,0,0,1,1.13
S_TRAIN+S_VAL (stability),B1,static,AD001746,3,1,1,298.984,0,0,1,311.005,0,0,1,1.192
S_TRAIN+S_VAL (stability),B1,static,AD001753,3,1,1,85.468,1,1,1,85.468,1,1,1,1.198
S_TRAIN+S_VAL (stability),B1,static,AD001760,3,1,1,376.147,0,0,1,376.147,0,0,1,0.994
S_TRAIN+S_VAL (stability),B1,static,AD001767,3,1,1,188.518,0,1,1,188.518,0,1,1,1.349
S_TRAIN+S_VAL (stability),B1,static,AD001779,3,1,1,139.212,0,1,1,139.212,0,1,1,0.866
S_TRAIN+S_VAL (stability),B1,static,AD001788,4,1,1,185.065,0,1,1,364.04,0,0,1,1.087
S_TRAIN+S_VAL (stability),B1,static,AD001792,7,1,1,68.019,1,1,1,68.019,1,1,1,1.03
S_TRAIN+S_VAL (stability),B1,static,AD001794,3,1,1,261.739,0,0,1,304.36,0,0,1,1.051
S_TRAIN+S_VAL (stability),B1,static,AD001812,4,1,1,189.717,0,1,1,428.837,0,0,1,1.186
S_TRAIN+S_VAL (stability),B1,static,AD001815,3,1,1,365.02,0,0,1,365.02,0,0,1,1.059
S_TRAIN+S_VAL (stability),B1,static,AD001821,3,1,1,68.236,1,1,1,68.236,1,1,1,1.266
S_TRAIN+S_VAL (stability),B1,static,AD001879,3,1,1,258.424,0,0,1,258.424,0,0,1,0.849
S_TRAIN+S_VAL (stability),B1,static,AD001880,3,1,1,826.704,0,0,0,826.704,0,0,0,0.8
S_TRAIN+S_VAL (stability),B1,static,AD001891,4,1,1,393.628,0,0,1,441.467,0,0,1,1.123
S_TRAIN+S_VAL (stability),B1,static,AD001923,3,1,1,173.908,0,1,1,181.824,0,1,1,0.806
S_TRAIN+S_VAL (stability),B1,static,AD001937,3,1,1,40.553,1,1,1,40.553,1,1,1,0.98
S_TRAIN+S_VAL (stability),B1,static,AD001954,3,1,1,490.272,0,0,1,497.427,0,0,1,1.056
S_TRAIN+S_VAL (stability),B1,static,AD001972,3,1,1,64.154,1,1,1,64.154,1,1,1,0.915
S_TRAIN+S_VAL (stability),B1,static,AD001973,6,1,1,303.133,0,0,1,1495.194,0,0,0,1.386
S_TRAIN+S_VAL (stability),B1,static,AD001995,3,1,1,148.268,0,1,1,148.268,0,1,1,0.956
S_TRAIN+S_VAL (stability),B1,static,AD001996,7,1,1,200.441,0,1,1,200.441,0,1,1,1.092
S_TRAIN+S_VAL (stability),B1,static,AD002027,3,1,1,216.82,0,1,1,258.132,0,0,1,1.067
S_TRAIN+S_VAL (stability),B1,static,AD002045,3,1,1,176.434,0,1,1,176.434,0,1,1,0.947
S_TRAIN+S_VAL (stability),B1,static,AD002057,2,1,1,1224.483,0,0,0,1224.483,0,0,0,0.914
S_TRAIN+S_VAL (stability),B1,static,AD002060,3,1,1,163.64,0,1,1,163.64,0,1,1,0.845
S_TRAIN+S_VAL (stability),B1,static,AD002061,3,1,1,148.318,0,1,1,148.318,0,1,1,1.075
S_TRAIN+S_VAL (stability),B1,static,AD002067,3,1,1,181.338,0,1,1,181.338,0,1,1,0.897
S_TRAIN+S_VAL (stability),B1,static,AD002069,4,1,1,131.309,0,1,1,148.362,0,1,1,1.116
S_TRAIN+S_VAL (stability),B1,static,AD002070,3,1,1,1838.564,0,0,0,1838.564,0,0,0,0.751
S_TRAIN+S_VAL (stability),B1,static,AD002074,3,1,1,45.414,1,1,1,45.414,1,1,1,1.202
S_TRAIN+S_VAL (stability),B1,static,AD002089,3,1,1,222.236,0,1,1,274.665,0,0,1,0.982
S_TRAIN+S_VAL (stability),B1,static,AD002096,3,1,1,196.144,0,1,1,196.144,0,1,1,1.094
S_TRAIN+S_VAL (stability),B1,static,AD002103,3,1,1,505.207,0,0,0,525.531,0,0,0,1.318
S_TRAIN+S_VAL (stability),B1,static,AD002112,4,1,1,73.237,1,1,1,73.237,1,1,1,1.213
S_TRAIN+S_VAL (stability),B1,static,AD002123,3,1,1,186.671,0,1,1,259.821,0,0,1,0.987
S_TRAIN+S_VAL (stability),B1,static,AD002131,3,1,1,213.082,0,1,1,213.082,0,1,1,1.006
S_TRAIN+S_VAL (stability),B1,static,AD002134,3,1,1,87.328,1,1,1,95.892,1,1,1,1.05
S_TRAIN+S_VAL (stability),B1,static,AD002138,4,1,1,186.074,0,1,1,186.074,0,1,1,1.089
S_TRAIN+S_VAL (stability),B1,static,AD002154,3,1,1,318.425,0,0,1,318.425,0,0,1,1.281
S_TRAIN+S_VAL (stability),B1,static,AD002176,3,1,1,368.01,0,0,1,440.986,0,0,1,0.948
S_TRAIN+S_VAL (stability),B1,static,AD002181,3,1,1,36.676,1,1,1,36.676,1,1,1,0.922
S_TRAIN+S_VAL (stability),B1,static,AD002194,3,1,1,330.334,0,0,1,330.334,0,0,1,1.011
S_TRAIN+S_VAL (stability),B1,static,AD002197,4,1,1,50.408,1,1,1,50.408,1,1,1,1.17
S_TRAIN+S_VAL (stability),B1,static,AD002244,3,1,1,1110.568,0,0,0,1110.568,0,0,0,1.072
S_TRAIN+S_VAL (stability),B1,static,AD002245,3,1,1,100.242,0,1,1,100.242,0,1,1,1.19
S_TRAIN+S_VAL (stability),B1,static,AD002251,3,1,1,441.991,0,0,1,488.531,0,0,1,0.868
S_TRAIN+S_VAL (stability),B1,static,AD002253,3,1,1,329.605,0,0,1,376.755,0,0,1,1.244
S_TRAIN+S_VAL (stability),B1,static,AD002270,3,1,1,181.447,0,1,1,282.725,0,0,1,1.073
S_TRAIN+S_VAL (stability),B1,static,AD002299,3,1,1,360.794,0,0,1,360.794,0,0,1,1.113
S_TRAIN+S_VAL (stability),B1,static,AD002332,6,1,1,392.431,0,0,1,1527.992,0,0,0,1.335
S_TRAIN+S_VAL (stability),B1,static,AD002333,7,1,1,427.12,0,0,1,627.699,0,0,0,1.221
S_TRAIN+S_VAL (stability),B1,static,AD002357,3,1,1,226.477,0,1,1,226.477,0,1,1,1.087
S_TRAIN+S_VAL (stability),B1,static,AD002362,3,1,1,45.404,1,1,1,45.404,1,1,1,1.097
S_TRAIN+S_VAL (stability),B1,static,AD002412,3,1,1,224.703,0,1,1,379.36,0,0,1,1.005
S_TRAIN+S_VAL (stability),B1,static,AD002415,3,1,1,128.812,0,1,1,2668.133,0,0,0,0.907
S_TRAIN+S_VAL (stability),B1,static,AD002416,3,1,1,1613.944,0,0,0,1613.944,0,0,0,0.92
S_TRAIN+S_VAL (stability),B1,static,AD002424,3,1,1,42.104,1,1,1,42.104,1,1,1,0.821
S_TRAIN+S_VAL (stability),B1,static,AD002458,5,1,1,31.428,1,1,1,371.058,0,0,1,1.214
S_TRAIN+S_VAL (stability),B1,static,AD002466,3,1,1,283.952,0,0,1,288.353,0,0,1,1.124
S_TRAIN+S_VAL (stability),B1,static,AD002485,8,1,1,159.05,0,1,1,1488.776,0,0,0,1.432
S_TRAIN+S_VAL (stability),B1,static,AD002490,3,1,1,253.11,0,0,1,419.0,0,0,1,1.017
S_TRAIN+S_VAL (stability),B1,static,AD002499,3,1,1,133.431,0,1,1,187.103,0,1,1,0.951
S_TRAIN+S_VAL (stability),B1,static,AD002504,3,1,1,185.528,0,1,1,185.528,0,1,1,1.653
S_TRAIN+S_VAL (stability),B1,static,AD002509,3,1,1,135.661,0,1,1,135.661,0,1,1,2.122
S_TRAIN+S_VAL (stability),B1,static,AD002535,3,1,1,373.48,0,0,1,373.48,0,0,1,1.131
S_TRAIN+S_VAL (stability),B1,static,AD002566,3,1,1,171.073,0,1,1,184.765,0,1,1,1.081
S_TRAIN+S_VAL (stability),B1,static,AD002579,3,1,1,283.325,0,0,1,289.137,0,0,1,1.071
S_TRAIN+S_VAL (stability),B1,static,AD002583,3,1,1,309.94,0,0,1,309.94,0,0,1,1.092
S_TRAIN+S_VAL (stability),B1,static,AD002606,3,1,1,85.555,1,1,1,85.555,1,1,1,1.118
S_TRAIN+S_VAL (stability),B1,static,AD002621,3,1,1,21.134,1,1,1,21.134,1,1,1,1.545
S_TRAIN+S_VAL (stability),B1,static,AD002633,3,1,1,106.349,0,1,1,106.349,0,1,1,0.989
S_TRAIN+S_VAL (stability),B1,static,AD002637,5,1,1,91.777,1,1,1,118.022,0,1,1,1.001
S_TRAIN+S_VAL (stability),B1,static,AD002661,6,1,1,316.701,0,0,1,316.701,0,0,1,1.161
S_TRAIN+S_VAL (stability),B1,static,AD002663,3,1,1,1280.649,0,0,0,1280.649,0,0,0,0.79
S_TRAIN+S_VAL (stability),B1,static,AD002664,3,1,1,133.831,0,1,1,133.831,0,1,1,1.054
S_TRAIN+S_VAL (stability),B1,static,AD002673,3,1,1,228.513,0,1,1,229.151,0,1,1,1.076
S_TRAIN+S_VAL (stability),B1,static,AD002685,3,1,1,265.422,0,0,1,265.422,0,0,1,1.08
S_TRAIN+S_VAL (stability),B1,static,AD002691,6,1,1,426.968,0,0,1,1631.933,0,0,0,1.025
S_TRAIN+S_VAL (stability),B1,static,AD002696,4,1,1,544.383,0,0,0,624.376,0,0,0,0.992
S_TRAIN+S_VAL (stability),B1,static,AD002711,3,1,1,792.599,0,0,0,794.753,0,0,0,1.044
S_TRAIN+S_VAL (stability),B1,static,AD002728,5,1,1,141.898,0,1,1,585.363,0,0,0,1.134
S_TRAIN+S_VAL (stability),B1,static,AD002737,3,1,1,188.476,0,1,1,188.476,0,1,1,0.996
S_TRAIN+S_VAL (stability),B1,static,AD002748,3,1,1,160.171,0,1,1,160.171,0,1,1,0.88
S_TRAIN+S_VAL (stability),B1,static,AD002751,3,1,1,131.817,0,1,1,190.385,0,1,1,0.985
S_TRAIN+S_VAL (stability),B1,static,AD002763,3,1,1,167.829,0,1,1,167.829,0,1,1,0.826
S_TRAIN+S_VAL (stability),B1,static,AD002764,3,1,1,19.454,1,1,1,19.454,1,1,1,0.964
S_TRAIN+S_VAL (stability),B1,static,AD002796,2,1,1,2968.077,0,0,0,2968.077,0,0,0,0.969
S_TRAIN+S_VAL (stability),B1,static,AD002802,3,1,1,251.194,0,0,1,251.194,0,0,1,1.015
S_TRAIN+S_VAL (stability),B1,static,AD002808,3,1,1,173.962,0,1,1,452.074,0,0,1,1.147
S_TRAIN+S_VAL (stability),B1,static,AD002809,3,1,1,197.466,0,1,1,197.466,0,1,1,0.85
S_TRAIN+S_VAL (stability),B1,static,AD002819,5,1,1,406.75,0,0,1,1095.517,0,0,0,1.278
S_TRAIN+S_VAL (stability),B1,static,AD002821,4,1,1,212.317,0,1,1,212.317,0,1,1,1.291
S_TRAIN+S_VAL (stability),B1,static,AD002849,3,1,1,329.901,0,0,1,468.026,0,0,1,0.857
S_TRAIN+S_VAL (stability),B1,static,AD002858,3,1,1,520.022,0,0,0,520.022,0,0,0,1.102
S_TRAIN+S_VAL (stability),B1,static,AD002870,3,1,1,218.623,0,1,1,265.251,0,0,1,1.081
S_TRAIN+S_VAL (stability),B1,static,AD002875,4,1,1,100.234,0,1,1,100.234,0,1,1,1.085
S_TRAIN+S_VAL (stability),B1,static,AD002880,3,1,1,240.254,0,1,1,240.254,0,1,1,0.946
S_TRAIN+S_VAL (stability),B1,static,AD002882,6,1,1,158.452,0,1,1,1632.287,0,0,0,0.964
S_TRAIN+S_VAL (stability),B1,static,AD002911,3,1,1,216.162,0,1,1,216.162,0,1,1,1.008
S_TRAIN+S_VAL (stability),B1,static,AD002936,3,1,1,244.459,0,1,1,325.301,0,0,1,1.082
S_TRAIN+S_VAL (stability),B1,static,AD002962,3,1,1,361.314,0,0,1,476.419,0,0,1,0.973
S_TRAIN+S_VAL (stability),B1,static,AD002966,3,1,1,542.382,0,0,0,542.382,0,0,0,0.929
S_TRAIN+S_VAL (stability),B1,static,AD002996,3,1,1,183.498,0,1,1,183.498,0,1,1,0.962
S_TRAIN+S_VAL (stability),B1,static,AD003014,3,1,1,106.823,0,1,1,106.823,0,1,1,0.857
S_TRAIN+S_VAL (stability),B1,static,AD003016,3,1,1,404.383,0,0,1,664.527,0,0,0,1.435
S_TRAIN+S_VAL (stability),B1,static,AD003041,3,1,1,99.139,1,1,1,99.139,1,1,1,0.875
S_TRAIN+S_VAL (stability),B1,static,AD003050,3,1,1,203.889,0,1,1,203.889,0,1,1,1.044
S_TRAIN+S_VAL (stability),B1,static,AD003060,3,1,1,132.89,0,1,1,215.219,0,1,1,1.086
S_TRAIN+S_VAL (stability),B1,static,AD003067,3,1,1,301.886,0,0,1,301.886,0,0,1,1.066
S_TRAIN+S_VAL (stability),B1,static,AD003074,6,1,1,98.267,1,1,1,818.656,0,0,0,0.989
S_TRAIN+S_VAL (stability),B1,static,AD003077,3,1,1,318.999,0,0,1,318.999,0,0,1,0.995
S_TRAIN+S_VAL (stability),B1,static,AD003085,3,1,1,16.682,1,1,1,16.682,1,1,1,0.898
S_TRAIN+S_VAL (stability),B1,all,AD000001,8,1,1,0.0,1,1,1,0.0,1,1,1,0.779
S_TRAIN+S_VAL (stability),B1,all,AD000012,8,1,1,0.0,1,1,1,0.0,1,1,1,1.021
S_TRAIN+S_VAL (stability),B1,all,AD000023,8,1,1,0.0,1,1,1,0.0,1,1,1,1.001
S_TRAIN+S_VAL (stability),B1,all,AD000027,8,1,1,0.0,1,1,1,0.0,1,1,1,1.111
S_TRAIN+S_VAL (stability),B1,all,AD000032,6,1,1,110.888,0,1,1,110.888,0,1,1,0.91
S_TRAIN+S_VAL (stability),B1,all,AD000037,8,1,1,152.948,0,1,1,152.948,0,1,1,0.88
S_TRAIN+S_VAL (stability),B1,all,AD000047,5,1,1,40.478,1,1,1,40.478,1,1,1,1.013
S_TRAIN+S_VAL (stability),B1,all,AD000049,8,1,1,0.0,1,1,1,0.0,1,1,1,1.3
S_TRAIN+S_VAL (stability),B1,all,AD000062,8,1,1,0.0,1,1,1,0.0,1,1,1,1.022
S_TRAIN+S_VAL (stability),B1,all,AD000066,7,1,1,0.0,1,1,1,0.0,1,1,1,1.108
S_TRAIN+S_VAL (stability),B1,all,AD000068,7,1,1,0.0,1,1,1,0.0,1,1,1,0.784
S_TRAIN+S_VAL (stability),B1,all,AD000069,6,1,1,0.0,1,1,1,0.0,1,1,1,1.725
S_TRAIN+S_VAL (stability),B1,all,AD000079,6,1,1,2.0,1,1,1,2.0,1,1,1,1.184
S_TRAIN+S_VAL (stability),B1,all,AD000088,7,1,1,0.0,1,1,1,0.0,1,1,1,0.978
S_TRAIN+S_VAL (stability),B1,all,AD000094,7,1,1,0.0,1,1,1,0.0,1,1,1,1.052
S_TRAIN+S_VAL (stability),B1,all,AD000096,8,1,1,0.0,1,1,1,0.0,1,1,1,1.116
S_TRAIN+S_VAL (stability),B1,all,AD000105,7,1,1,0.0,1,1,1,0.0,1,1,1,1.043
S_TRAIN+S_VAL (stability),B1,all,AD000114,8,1,1,0.0,1,1,1,0.0,1,1,1,0.997
S_TRAIN+S_VAL (stability),B1,all,AD000129,8,1,1,0.0,1,1,1,0.0,1,1,1,1.13
S_TRAIN+S_VAL (stability),B1,all,AD000138,7,1,1,0.0,1,1,1,0.0,1,1,1,1.66
S_TRAIN+S_VAL (stability),B1,all,AD000142,8,1,1,0.0,1,1,1,0.0,1,1,1,1.146
S_TRAIN+S_VAL (stability),B1,all,AD000155,8,1,1,0.0,1,1,1,0.0,1,1,1,1.503
S_TRAIN+S_VAL (stability),B1,all,AD000172,7,1,1,0.0,1,1,1,0.0,1,1,1,0.876
S_TRAIN+S_VAL (stability),B1,all,AD000173,8,1,1,0.0,1,1,1,0.0,1,1,1,1.444
S_TRAIN+S_VAL (stability),B1,all,AD000176,7,1,1,0.0,1,1,1,0.0,1,1,1,0.91
S_TRAIN+S_VAL (stability),B1,all,AD000197,8,1,1,0.0,1,1,1,0.0,1,1,1,1.424
S_TRAIN+S_VAL (stability),B1,all,AD000198,8,1,1,0.0,1,1,1,0.0,1,1,1,1.146
S_TRAIN+S_VAL (stability),B1,all,AD000204,8,1,1,0.0,1,1,1,0.0,1,1,1,0.968
S_TRAIN+S_VAL (stability),B1,all,AD000223,6,1,1,3.0,1,1,1,8.062,1,1,1,1.016
S_TRAIN+S_VAL (stability),B1,all,AD000238,9,1,1,0.0,1,1,1,0.0,1,1,1,1.156
S_TRAIN+S_VAL (stability),B1,all,AD000253,7,1,1,0.0,1,1,1,0.0,1,1,1,0.76
S_TRAIN+S_VAL (stability),B1,all,AD000258,11,1,1,0.0,1,1,1,0.0,1,1,1,0.869
S_TRAIN+S_VAL (stability),B1,all,AD000260,8,1,1,0.0,1,1,1,0.0,1,1,1,0.888
S_TRAIN+S_VAL (stability),B1,all,AD000309,8,1,1,0.0,1,1,1,0.0,1,1,1,0.96
S_TRAIN+S_VAL (stability),B1,all,AD000316,8,1,1,0.0,1,1,1,0.0,1,1,1,1.153
S_TRAIN+S_VAL (stability),B1,all,AD000323,6,1,1,2.0,1,1,1,2.0,1,1,1,1.004
S_TRAIN+S_VAL (stability),B1,all,AD000337,7,1,1,0.0,1,1,1,0.0,1,1,1,0.75
S_TRAIN+S_VAL (stability),B1,all,AD000338,7,1,1,0.0,1,1,1,0.0,1,1,1,1.06
S_TRAIN+S_VAL (stability),B1,all,AD000354,6,1,1,138.668,0,1,1,176.1,0,1,1,0.759
S_TRAIN+S_VAL (stability),B1,all,AD000355,6,1,1,5.0,1,1,1,38.328,1,1,1,0.857
S_TRAIN+S_VAL (stability),B1,all,AD000360,6,1,1,0.0,1,1,1,0.0,1,1,1,0.782
S_TRAIN+S_VAL (stability),B1,all,AD000369,8,1,1,0.0,1,1,1,0.0,1,1,1,1.123
S_TRAIN+S_VAL (stability),B1,all,AD000379,6,1,1,0.0,1,1,1,0.0,1,1,1,0.973
S_TRAIN+S_VAL (stability),B1,all,AD000387,7,1,1,0.0,1,1,1,0.0,1,1,1,0.811
S_TRAIN+S_VAL (stability),B1,all,AD000397,7,1,1,0.0,1,1,1,0.0,1,1,1,1.017
S_TRAIN+S_VAL (stability),B1,all,AD000412,6,1,1,0.0,1,1,1,0.0,1,1,1,1.037
S_TRAIN+S_VAL (stability),B1,all,AD000424,6,1,1,1.803,1,1,1,8.5,1,1,1,1.114
S_TRAIN+S_VAL (stability),B1,all,AD000430,7,1,1,0.0,1,1,1,0.0,1,1,1,0.792
S_TRAIN+S_VAL (stability),B1,all,AD000433,8,1,1,0.0,1,1,1,0.0,1,1,1,1.064
S_TRAIN+S_VAL (stability),B1,all,AD000451,8,1,1,0.0,1,1,1,0.0,1,1,1,1.054
S_TRAIN+S_VAL (stability),B1,all,AD000460,7,1,1,0.0,1,1,1,0.0,1,1,1,1.088
S_TRAIN+S_VAL (stability),B1,all,AD000475,8,1,1,0.0,1,1,1,0.0,1,1,1,1.181
S_TRAIN+S_VAL (stability),B1,all,AD000517,8,1,1,0.0,1,1,1,0.0,1,1,1,0.939
S_TRAIN+S_VAL (stability),B1,all,AD000524,8,1,1,0.0,1,1,1,0.0,1,1,1,1.12
S_TRAIN+S_VAL (stability),B1,all,AD000526,6,1,1,588.165,0,0,0,589.337,0,0,0,1.021
S_TRAIN+S_VAL (stability),B1,all,AD000529,8,1,1,0.0,1,1,1,0.0,1,1,1,1.094
S_TRAIN+S_VAL (stability),B1,all,AD000541,8,1,1,0.0,1,1,1,0.0,1,1,1,1.196
S_TRAIN+S_VAL (stability),B1,all,AD000560,8,1,1,0.0,1,1,1,0.0,1,1,1,1.117
S_TRAIN+S_VAL (stability),B1,all,AD000589,6,1,1,5.701,1,1,1,17.678,1,1,1,0.938
S_TRAIN+S_VAL (stability),B1,all,AD000602,8,1,1,0.0,1,1,1,0.0,1,1,1,0.984
S_TRAIN+S_VAL (stability),B1,all,AD000608,8,1,1,0.0,1,1,1,0.0,1,1,1,1.02
S_TRAIN+S_VAL (stability),B1,all,AD000613,9,1,1,0.0,1,1,1,0.0,1,1,1,1.221
S_TRAIN+S_VAL (stability),B1,all,AD000624,6,1,1,148.705,0,1,1,148.705,0,1,1,0.729
S_TRAIN+S_VAL (stability),B1,all,AD000630,7,1,1,0.0,1,1,1,0.0,1,1,1,0.716
S_TRAIN+S_VAL (stability),B1,all,AD000631,7,1,1,1.118,1,1,1,2.693,1,1,1,1.154
S_TRAIN+S_VAL (stability),B1,all,AD000634,7,1,1,0.0,1,1,1,0.0,1,1,1,0.835
S_TRAIN+S_VAL (stability),B1,all,AD000639,5,1,1,68.889,1,1,1,183.696,0,1,1,0.945
S_TRAIN+S_VAL (stability),B1,all,AD000652,8,1,1,0.0,1,1,1,0.0,1,1,1,1.059
S_TRAIN+S_VAL (stability),B1,all,AD000658,6,1,1,5.59,1,1,1,46.36,1,1,1,0.848
S_TRAIN+S_VAL (stability),B1,all,AD000667,8,1,1,0.0,1,1,1,0.0,1,1,1,0.983
S_TRAIN+S_VAL (stability),B1,all,AD000668,8,1,1,0.0,1,1,1,0.0,1,1,1,0.976
S_TRAIN+S_VAL (stability),B1,all,AD000672,5,1,1,88.551,1,1,1,88.551,1,1,1,0.959
S_TRAIN+S_VAL (stability),B1,all,AD000710,7,1,1,0.0,1,1,1,0.0,1,1,1,0.783
S_TRAIN+S_VAL (stability),B1,all,AD000711,6,1,1,6.083,1,1,1,8.0,1,1,1,0.989
S_TRAIN+S_VAL (stability),B1,all,AD000722,6,1,1,4.5,1,1,1,7.5,1,1,1,1.139
S_TRAIN+S_VAL (stability),B1,all,AD000727,7,1,1,0.0,1,1,1,1.0,1,1,1,1.131
S_TRAIN+S_VAL (stability),B1,all,AD000733,8,1,1,0.0,1,1,1,0.0,1,1,1,1.159
S_TRAIN+S_VAL (stability),B1,all,AD000735,8,1,1,0.0,1,1,1,0.0,1,1,1,1.045
S_TRAIN+S_VAL (stability),B1,all,AD000741,6,1,1,122.761,0,1,1,126.338,0,1,1,0.818
S_TRAIN+S_VAL (stability),B1,all,AD000753,6,1,1,30.647,1,1,1,30.647,1,1,1,0.886
S_TRAIN+S_VAL (stability),B1,all,AD000756,6,1,1,95.73,1,1,1,95.73,1,1,1,0.853
S_TRAIN+S_VAL (stability),B1,all,AD000759,7,1,1,0.0,1,1,1,0.0,1,1,1,0.715
S_TRAIN+S_VAL (stability),B1,all,AD000779,5,1,1,1159.281,0,0,0,1159.281,0,0,0,1.167
S_TRAIN+S_VAL (stability),B1,all,AD000781,9,1,1,0.0,1,1,1,0.0,1,1,1,1.205
S_TRAIN+S_VAL (stability),B1,all,AD000782,7,1,1,0.0,1,1,1,0.0,1,1,1,0.762
S_TRAIN+S_VAL (stability),B1,all,AD000785,10,1,1,0.0,1,1,1,0.0,1,1,1,1.227
S_TRAIN+S_VAL (stability),B1,all,AD000787,8,1,1,0.0,1,1,1,0.0,1,1,1,0.908
S_TRAIN+S_VAL (stability),B1,all,AD000808,9,1,1,0.0,1,1,1,0.0,1,1,1,1.121
S_TRAIN+S_VAL (stability),B1,all,AD000809,8,1,1,0.0,1,1,1,0.0,1,1,1,1.04
S_TRAIN+S_VAL (stability),B1,all,AD000810,8,1,1,0.0,1,1,1,0.0,1,1,1,0.915
S_TRAIN+S_VAL (stability),B1,all,AD000817,8,1,1,0.0,1,1,1,0.0,1,1,1,1.214
S_TRAIN+S_VAL (stability),B1,all,AD000825,7,1,1,0.0,1,1,1,0.0,1,1,1,1.032
S_TRAIN+S_VAL (stability),B1,all,AD000836,8,1,1,0.0,1,1,1,0.0,1,1,1,1.221
S_TRAIN+S_VAL (stability),B1,all,AD000841,7,1,1,0.0,1,1,1,0.0,1,1,1,1.104
S_TRAIN+S_VAL (stability),B1,all,AD000850,7,1,1,0.0,1,1,1,0.0,1,1,1,0.877
S_TRAIN+S_VAL (stability),B1,all,AD000854,8,1,1,0.0,1,1,1,0.0,1,1,1,0.943
S_TRAIN+S_VAL (stability),B1,all,AD000869,6,1,1,4.0,1,1,1,5.0,1,1,1,1.047
S_TRAIN+S_VAL (stability),B1,all,AD000904,7,1,1,0.0,1,1,1,0.0,1,1,1,0.769
S_TRAIN+S_VAL (stability),B1,all,AD000924,11,1,1,0.0,1,1,1,0.0,1,1,1,1.224
S_TRAIN+S_VAL (stability),B1,all,AD000936,8,1,1,0.0,1,1,1,0.0,1,1,1,1.875
S_TRAIN+S_VAL (stability),B1,all,AD000942,7,1,1,0.0,1,1,1,0.0,1,1,1,0.875
S_TRAIN+S_VAL (stability),B1,all,AD000948,6,1,1,1.0,1,1,1,2.0,1,1,1,0.79
S_TRAIN+S_VAL (stability),B1,all,AD000950,8,1,1,0.0,1,1,1,0.0,1,1,1,0.951
S_TRAIN+S_VAL (stability),B1,all,AD000969,7,1,1,0.0,1,1,1,0.0,1,1,1,0.941
S_TRAIN+S_VAL (stability),B1,all,AD000986,8,1,1,0.0,1,1,1,0.0,1,1,1,1.031
S_TRAIN+S_VAL (stability),B1,all,AD001031,8,1,1,0.0,1,1,1,0.0,1,1,1,0.971
S_TRAIN+S_VAL (stability),B1,all,AD001035,8,1,1,0.0,1,1,1,0.0,1,1,1,0.986
S_TRAIN+S_VAL (stability),B1,all,AD001040,8,1,1,0.0,1,1,1,0.0,1,1,1,1.167
S_TRAIN+S_VAL (stability),B1,all,AD001042,8,1,1,0.0,1,1,1,0.0,1,1,1,1.032
S_TRAIN+S_VAL (stability),B1,all,AD001045,8,1,1,0.0,1,1,1,0.0,1,1,1,0.865
S_TRAIN+S_VAL (stability),B1,all,AD001053,8,1,1,0.0,1,1,1,0.0,1,1,1,1.205
S_TRAIN+S_VAL (stability),B1,all,AD001080,11,1,1,0.0,1,1,1,0.0,1,1,1,0.831
S_TRAIN+S_VAL (stability),B1,all,AD001091,8,1,1,0.0,1,1,1,0.0,1,1,1,1.086
S_TRAIN+S_VAL (stability),B1,all,AD001105,6,1,1,2.0,1,1,1,2.0,1,1,1,0.908
S_TRAIN+S_VAL (stability),B1,all,AD001116,8,1,1,0.0,1,1,1,0.0,1,1,1,0.985
S_TRAIN+S_VAL (stability),B1,all,AD001121,9,1,1,0.0,1,1,1,0.0,1,1,1,1.228
S_TRAIN+S_VAL (stability),B1,all,AD001122,7,1,1,0.0,1,1,1,0.0,1,1,1,1.128
S_TRAIN+S_VAL (stability),B1,all,AD001127,6,1,1,15.7,1,1,1,15.7,1,1,1,0.902
S_TRAIN+S_VAL (stability),B1,all,AD001130,7,1,1,0.0,1,1,1,0.0,1,1,1,0.957
S_TRAIN+S_VAL (stability),B1,all,AD001133,7,1,1,0.0,1,1,1,0.0,1,1,1,0.877
S_TRAIN+S_VAL (stability),B1,all,AD001135,6,1,1,79.071,1,1,1,79.071,1,1,1,0.811
S_TRAIN+S_VAL (stability),B1,all,AD001145,8,1,1,0.0,1,1,1,0.0,1,1,1,0.898
S_TRAIN+S_VAL (stability),B1,all,AD001152,9,1,1,0.0,1,1,1,0.0,1,1,1,1.021
S_TRAIN+S_VAL (stability),B1,all,AD001156,11,1,1,0.0,1,1,1,0.0,1,1,1,0.998
S_TRAIN+S_VAL (stability),B1,all,AD001170,8,1,1,0.0,1,1,1,0.0,1,1,1,1.084
S_TRAIN+S_VAL (stability),B1,all,AD001178,7,1,1,0.0,1,1,1,0.0,1,1,1,0.891
S_TRAIN+S_VAL (stability),B1,all,AD001186,8,1,1,0.0,1,1,1,0.0,1,1,1,1.135
S_TRAIN+S_VAL (stability),B1,all,AD001200,8,1,1,0.0,1,1,1,0.0,1,1,1,1.116
S_TRAIN+S_VAL (stability),B1,all,AD001212,10,1,1,0.0,1,1,1,0.0,1,1,1,1.142
S_TRAIN+S_VAL (stability),B1,all,AD001223,7,1,1,0.0,1,1,1,0.0,1,1,1,0.819
S_TRAIN+S_VAL (stability),B1,all,AD001232,8,1,1,0.0,1,1,1,0.0,1,1,1,0.957
S_TRAIN+S_VAL (stability),B1,all,AD001236,7,1,1,0.0,1,1,1,0.0,1,1,1,1.007
S_TRAIN+S_VAL (stability),B1,all,AD001254,8,1,1,0.0,1,1,1,0.0,1,1,1,1.128
S_TRAIN+S_VAL (stability),B1,all,AD001268,5,1,1,196.329,0,1,1,196.329,0,1,1,0.823
S_TRAIN+S_VAL (stability),B1,all,AD001272,8,1,1,0.0,1,1,1,0.0,1,1,1,0.982
S_TRAIN+S_VAL (stability),B1,all,AD001294,13,1,1,0.0,1,1,1,0.0,1,1,1,1.159
S_TRAIN+S_VAL (stability),B1,all,AD001314,8,1,1,0.0,1,1,1,0.0,1,1,1,1.046
S_TRAIN+S_VAL (stability),B1,all,AD001324,8,1,1,0.0,1,1,1,0.0,1,1,1,0.904
S_TRAIN+S_VAL (stability),B1,all,AD001339,7,1,1,118.052,0,1,1,119.085,0,1,1,1.067
S_TRAIN+S_VAL (stability),B1,all,AD001352,6,1,1,3.0,1,1,1,5.0,1,1,1,0.964
S_TRAIN+S_VAL (stability),B1,all,AD001357,7,1,1,0.0,1,1,1,0.0,1,1,1,0.736
S_TRAIN+S_VAL (stability),B1,all,AD001363,7,1,1,0.0,1,1,1,0.0,1,1,1,0.803
S_TRAIN+S_VAL (stability),B1,all,AD001364,7,1,1,0.0,1,1,1,0.0,1,1,1,0.819
S_TRAIN+S_VAL (stability),B1,all,AD001380,8,1,1,0.0,1,1,1,0.0,1,1,1,1.0
S_TRAIN+S_VAL (stability),B1,all,AD001408,8,1,1,0.0,1,1,1,0.0,1,1,1,1.102
S_TRAIN+S_VAL (stability),B1,all,AD001416,8,1,1,0.0,1,1,1,0.0,1,1,1,1.137
S_TRAIN+S_VAL (stability),B1,all,AD001422,6,1,1,7.0,1,1,1,7.0,1,1,1,1.017
S_TRAIN+S_VAL (stability),B1,all,AD001447,6,1,1,2.0,1,1,1,2.0,1,1,1,0.962
S_TRAIN+S_VAL (stability),B1,all,AD001462,9,1,1,0.0,1,1,1,0.0,1,1,1,1.242
S_TRAIN+S_VAL (stability),B1,all,AD001465,8,1,1,0.0,1,1,1,0.0,1,1,1,1.069
S_TRAIN+S_VAL (stability),B1,all,AD001479,6,1,1,0.0,1,1,1,0.0,1,1,1,0.967
S_TRAIN+S_VAL (stability),B1,all,AD001495,10,1,1,0.0,1,1,1,38.328,1,1,1,1.271
S_TRAIN+S_VAL (stability),B1,all,AD001499,8,1,1,0.0,1,1,1,0.0,1,1,1,1.048
S_TRAIN+S_VAL (stability),B1,all,AD001505,8,1,1,0.0,1,1,1,0.0,1,1,1,0.999
S_TRAIN+S_VAL (stability),B1,all,AD001509,8,1,1,0.0,1,1,1,0.0,1,1,1,1.056
S_TRAIN+S_VAL (stability),B1,all,AD001521,7,1,1,0.0,1,1,1,0.0,1,1,1,0.832
S_TRAIN+S_VAL (stability),B1,all,AD001523,8,1,1,0.0,1,1,1,0.0,1,1,1,1.107
S_TRAIN+S_VAL (stability),B1,all,AD001539,8,1,1,0.0,1,1,1,0.0,1,1,1,0.88
S_TRAIN+S_VAL (stability),B1,all,AD001540,7,1,1,0.0,1,1,1,0.0,1,1,1,0.79
S_TRAIN+S_VAL (stability),B1,all,AD001551,6,1,1,141.902,0,1,1,141.902,0,1,1,0.801
S_TRAIN+S_VAL (stability),B1,all,AD001554,7,1,1,0.0,1,1,1,0.0,1,1,1,0.812
S_TRAIN+S_VAL (stability),B1,all,AD001555,8,1,1,0.0,1,1,1,0.0,1,1,1,1.258
S_TRAIN+S_VAL (stability),B1,all,AD001578,6,1,1,0.0,1,1,1,0.0,1,1,1,1.038
S_TRAIN+S_VAL (stability),B1,all,AD001581,8,1,1,0.0,1,1,1,0.0,1,1,1,1.049
S_TRAIN+S_VAL (stability),B1,all,AD001587,7,1,1,0.0,1,1,1,0.0,1,1,1,0.863
S_TRAIN+S_VAL (stability),B1,all,AD001619,7,1,1,0.0,1,1,1,0.0,1,1,1,0.8
S_TRAIN+S_VAL (stability),B1,all,AD001627,12,1,1,0.0,1,1,1,0.0,1,1,1,1.274
S_TRAIN+S_VAL (stability),B1,all,AD001638,6,1,1,6.0,1,1,1,15.0,1,1,1,1.028
S_TRAIN+S_VAL (stability),B1,all,AD001647,8,1,1,0.0,1,1,1,0.0,1,1,1,1.187
S_TRAIN+S_VAL (stability),B1,all,AD001662,7,1,1,0.0,1,1,1,0.0,1,1,1,0.996
S_TRAIN+S_VAL (stability),B1,all,AD001689,7,1,1,0.0,1,1,1,0.0,1,1,1,0.827
S_TRAIN+S_VAL (stability),B1,all,AD001697,6,1,1,1.118,1,1,1,7.566,1,1,1,0.994
S_TRAIN+S_VAL (stability),B1,all,AD001700,7,1,1,0.0,1,1,1,0.0,1,1,1,0.795
S_TRAIN+S_VAL (stability),B1,all,AD001713,8,1,1,0.0,1,1,1,0.0,1,1,1,0.963
S_TRAIN+S_VAL (stability),B1,all,AD001722,9,1,1,0.0,1,1,1,0.0,1,1,1,1.052
S_TRAIN+S_VAL (stability),B1,all,AD001726,7,1,1,0.0,1,1,1,0.0,1,1,1,0.963
S_TRAIN+S_VAL (stability),B1,all,AD001731,6,1,1,31.0,1,1,1,42.0,1,1,1,0.799
S_TRAIN+S_VAL (stability),B1,all,AD001738,7,1,1,0.0,1,1,1,0.0,1,1,1,1.107
S_TRAIN+S_VAL (stability),B1,all,AD001741,7,1,1,0.0,1,1,1,0.0,1,1,1,0.872
S_TRAIN+S_VAL (stability),B1,all,AD001742,7,1,1,0.0,1,1,1,0.0,1,1,1,1.13
S_TRAIN+S_VAL (stability),B1,all,AD001746,8,1,1,0.0,1,1,1,0.0,1,1,1,1.192
S_TRAIN+S_VAL (stability),B1,all,AD001753,8,1,1,0.0,1,1,1,0.0,1,1,1,1.198
S_TRAIN+S_VAL (stability),B1,all,AD001760,8,1,1,0.0,1,1,1,0.0,1,1,1,0.994
S_TRAIN+S_VAL (stability),B1,all,AD001767,5,1,1,156.644,0,1,1,156.644,0,1,1,1.349
S_TRAIN+S_VAL (stability),B1,all,AD001779,7,1,1,0.0,1,1,1,0.0,1,1,1,0.866
S_TRAIN+S_VAL (stability),B1,all,AD001788,7,1,1,0.0,1,1,1,18.868,1,1,1,1.087
S_TRAIN+S_VAL (stability),B1,all,AD001792,10,1,1,8.631,1,1,1,8.631,1,1,1,1.03
S_TRAIN+S_VAL (stability),B1,all,AD001794,8,1,1,0.0,1,1,1,0.0,1,1,1,1.051
S_TRAIN+S_VAL (stability),B1,all,AD001812,8,1,1,0.0,1,1,1,0.0,1,1,1,1.186
S_TRAIN+S_VAL (stability),B1,all,AD001815,8,1,1,0.0,1,1,1,0.0,1,1,1,1.059
S_TRAIN+S_VAL (stability),B1,all,AD001821,8,1,1,0.0,1,1,1,0.0,1,1,1,1.266
S_TRAIN+S_VAL (stability),B1,all,AD001879,7,1,1,0.0,1,1,1,0.0,1,1,1,0.849
S_TRAIN+S_VAL (stability),B1,all,AD001880,5,1,1,736.448,0,0,0,736.448,0,0,0,0.8
S_TRAIN+S_VAL (stability),B1,all,AD001891,7,1,1,0.0,1,1,1,6.325,1,1,1,1.123
S_TRAIN+S_VAL (stability),B1,all,AD001923,7,1,1,0.0,1,1,1,0.0,1,1,1,0.806
S_TRAIN+S_VAL (stability),B1,all,AD001937,7,1,1,0.0,1,1,1,0.0,1,1,1,0.98
S_TRAIN+S_VAL (stability),B1,all,AD001954,8,1,1,0.0,1,1,1,0.0,1,1,1,1.056
S_TRAIN+S_VAL (stability),B1,all,AD001972,8,1,1,0.0,1,1,1,0.0,1,1,1,0.915
S_TRAIN+S_VAL (stability),B1,all,AD001973,11,1,1,0.0,1,1,1,0.0,1,1,1,1.386
S_TRAIN+S_VAL (stability),B1,all,AD001995,5,1,1,148.268,0,1,1,190.145,0,1,1,0.956
S_TRAIN+S_VAL (stability),B1,all,AD001996,10,1,1,0.0,1,1,1,0.0,1,1,1,1.092
S_TRAIN+S_VAL (stability),B1,all,AD002027,8,1,1,0.0,1,1,1,0.0,1,1,1,1.067
S_TRAIN+S_VAL (stability),B1,all,AD002045,7,1,1,0.0,1,1,1,0.0,1,1,1,0.947
S_TRAIN+S_VAL (stability),B1,all,AD002057,4,1,1,182.227,0,1,1,182.227,0,1,1,0.914
S_TRAIN+S_VAL (stability),B1,all,AD002060,8,1,1,0.0,1,1,1,0.0,1,1,1,0.845
S_TRAIN+S_VAL (stability),B1,all,AD002061,7,1,1,0.0,1,1,1,0.0,1,1,1,1.075
S_TRAIN+S_VAL (stability),B1,all,AD002067,6,1,1,5.025,1,1,1,17.923,1,1,1,0.897
S_TRAIN+S_VAL (stability),B1,all,AD002069,8,1,1,0.0,1,1,1,0.0,1,1,1,1.116
S_TRAIN+S_VAL (stability),B1,all,AD002070,5,1,1,1838.564,0,0,0,2011.34,0,0,0,0.751
S_TRAIN+S_VAL (stability),B1,all,AD002074,7,1,1,0.0,1,1,1,0.0,1,1,1,1.202
S_TRAIN+S_VAL (stability),B1,all,AD002089,8,1,1,0.0,1,1,1,0.0,1,1,1,0.982
S_TRAIN+S_VAL (stability),B1,all,AD002096,8,1,1,0.0,1,1,1,0.0,1,1,1,1.094
S_TRAIN+S_VAL (stability),B1,all,AD002103,8,1,1,0.0,1,1,1,0.0,1,1,1,1.318
S_TRAIN+S_VAL (stability),B1,all,AD002112,9,1,1,0.0,1,1,1,0.0,1,1,1,1.213
S_TRAIN+S_VAL (stability),B1,all,AD002123,6,1,1,2.236,1,1,1,2.236,1,1,1,0.987
S_TRAIN+S_VAL (stability),B1,all,AD002131,8,1,1,0.0,1,1,1,0.0,1,1,1,1.006
S_TRAIN+S_VAL (stability),B1,all,AD002134,8,1,1,0.0,1,1,1,0.0,1,1,1,1.05
S_TRAIN+S_VAL (stability),B1,all,AD002138,9,1,1,0.0,1,1,1,0.0,1,1,1,1.089
S_TRAIN+S_VAL (stability),B1,all,AD002154,8,1,1,0.0,1,1,1,0.0,1,1,1,1.281
S_TRAIN+S_VAL (stability),B1,all,AD002176,7,1,1,0.0,1,1,1,0.0,1,1,1,0.948
S_TRAIN+S_VAL (stability),B1,all,AD002181,6,1,1,4.0,1,1,1,6.0,1,1,1,0.922
S_TRAIN+S_VAL (stability),B1,all,AD002194,8,1,1,0.0,1,1,1,0.0,1,1,1,1.011
S_TRAIN+S_VAL (stability),B1,all,AD002197,8,1,1,0.0,1,1,1,0.0,1,1,1,1.17
S_TRAIN+S_VAL (stability),B1,all,AD002244,8,1,1,0.0,1,1,1,0.0,1,1,1,1.072
S_TRAIN+S_VAL (stability),B1,all,AD002245,7,1,1,0.0,1,1,1,0.0,1,1,1,1.19
S_TRAIN+S_VAL (stability),B1,all,AD002251,7,1,1,0.0,1,1,1,0.0,1,1,1,0.868
S_TRAIN+S_VAL (stability),B1,all,AD002253,8,1,1,0.0,1,1,1,0.0,1,1,1,1.244
S_TRAIN+S_VAL (stability),B1,all,AD002270,6,1,1,0.0,1,1,1,0.0,1,1,1,1.073
S_TRAIN+S_VAL (stability),B1,all,AD002299,8,1,1,0.0,1,1,1,0.0,1,1,1,1.113
S_TRAIN+S_VAL (stability),B1,all,AD002332,11,1,1,0.0,1,1,1,0.0,1,1,1,1.335
S_TRAIN+S_VAL (stability),B1,all,AD002333,12,1,1,0.0,1,1,1,0.0,1,1,1,1.221
S_TRAIN+S_VAL (stability),B1,all,AD002357,8,1,1,0.0,1,1,1,0.0,1,1,1,1.087
S_TRAIN+S_VAL (stability),B1,all,AD002362,8,1,1,0.0,1,1,1,0.0,1,1,1,1.097
S_TRAIN+S_VAL (stability),B1,all,AD002412,6,1,1,91.093,1,1,1,94.921,1,1,1,1.005
S_TRAIN+S_VAL (stability),B1,all,AD002415,6,1,1,128.812,0,1,1,2540.825,0,0,0,0.907
S_TRAIN+S_VAL (stability),B1,all,AD002416,5,1,1,1613.944,0,0,0,1970.533,0,0,0,0.92
S_TRAIN+S_VAL (stability),B1,all,AD002424,7,1,1,0.0,1,1,1,0.0,1,1,1,0.821
S_TRAIN+S_VAL (stability),B1,all,AD002458,9,1,1,0.0,1,1,1,0.0,1,1,1,1.214
S_TRAIN+S_VAL (stability),B1,all,AD002466,8,1,1,0.0,1,1,1,0.0,1,1,1,1.124
S_TRAIN+S_VAL (stability),B1,all,AD002485,12,1,1,0.0,1,1,1,0.0,1,1,1,1.432
S_TRAIN+S_VAL (stability),B1,all,AD002490,8,1,1,0.0,1,1,1,0.0,1,1,1,1.017
S_TRAIN+S_VAL (stability),B1,all,AD002499,7,1,1,0.0,1,1,1,0.0,1,1,1,0.951
S_TRAIN+S_VAL (stability),B1,all,AD002504,8,1,1,0.0,1,1,1,0.0,1,1,1,1.653
S_TRAIN+S_VAL (stability),B1,all,AD002509,8,1,1,0.0,1,1,1,0.0,1,1,1,2.122
S_TRAIN+S_VAL (stability),B1,all,AD002535,8,1,1,0.0,1,1,1,0.0,1,1,1,1.131
S_TRAIN+S_VAL (stability),B1,all,AD002566,7,1,1,0.0,1,1,1,0.0,1,1,1,1.081
S_TRAIN+S_VAL (stability),B1,all,AD002579,8,1,1,0.0,1,1,1,0.0,1,1,1,1.071
S_TRAIN+S_VAL (stability),B1,all,AD002583,8,1,1,0.0,1,1,1,0.0,1,1,1,1.092
S_TRAIN+S_VAL (stability),B1,all,AD002606,5,1,1,85.555,1,1,1,184.408,0,1,1,1.118
S_TRAIN+S_VAL (stability),B1,all,AD002621,8,1,1,0.0,1,1,1,0.0,1,1,1,1.545
S_TRAIN+S_VAL (stability),B1,all,AD002633,7,1,1,0.0,1,1,1,0.0,1,1,1,0.989
S_TRAIN+S_VAL (stability),B1,all,AD002637,10,1,1,0.0,1,1,1,0.0,1,1,1,1.001
S_TRAIN+S_VAL (stability),B1,all,AD002661,11,1,1,0.0,1,1,1,0.0,1,1,1,1.161
S_TRAIN+S_VAL (stability),B1,all,AD002663,6,1,1,0.0,1,1,1,12.042,1,1,1,0.79
S_TRAIN+S_VAL (stability),B1,all,AD002664,7,1,1,0.0,1,1,1,0.0,1,1,1,1.054
S_TRAIN+S_VAL (stability),B1,all,AD002673,6,1,1,5.701,1,1,1,5.701,1,1,1,1.076
S_TRAIN+S_VAL (stability),B1,all,AD002685,5,1,1,155.081,0,1,1,155.081,0,1,1,1.08
S_TRAIN+S_VAL (stability),B1,all,AD002691,9,1,1,0.0,1,1,1,0.0,1,1,1,1.025
S_TRAIN+S_VAL (stability),B1,all,AD002696,6,1,1,156.029,0,1,1,156.029,0,1,1,0.992
S_TRAIN+S_VAL (stability),B1,all,AD002711,6,1,1,0.0,1,1,1,0.0,1,1,1,1.044
S_TRAIN+S_VAL (stability),B1,all,AD002728,8,1,1,40.954,1,1,1,43.603,1,1,1,1.134
S_TRAIN+S_VAL (stability),B1,all,AD002737,7,1,1,0.0,1,1,1,0.0,1,1,1,0.996
S_TRAIN+S_VAL (stability),B1,all,AD002748,8,1,1,0.0,1,1,1,0.0,1,1,1,0.88
S_TRAIN+S_VAL (stability),B1,all,AD002751,8,1,1,0.0,1,1,1,0.0,1,1,1,0.985
S_TRAIN+S_VAL (stability),B1,all,AD002763,7,1,1,0.0,1,1,1,0.0,1,1,1,0.826
S_TRAIN+S_VAL (stability),B1,all,AD002764,5,1,1,19.454,1,1,1,38.161,1,1,1,0.964
S_TRAIN+S_VAL (stability),B1,all,AD002796,4,1,1,59.76,1,1,1,59.76,1,1,1,0.969
S_TRAIN+S_VAL (stability),B1,all,AD002802,8,1,1,0.0,1,1,1,0.0,1,1,1,1.015
S_TRAIN+S_VAL (stability),B1,all,AD002808,6,1,1,162.98,0,1,1,162.98,0,1,1,1.147
S_TRAIN+S_VAL (stability),B1,all,AD002809,7,1,1,0.0,1,1,1,0.0,1,1,1,0.85
S_TRAIN+S_VAL (stability),B1,all,AD002819,8,1,1,1.803,1,1,1,1.803,1,1,1,1.278
S_TRAIN+S_VAL (stability),B1,all,AD002821,9,1,1,0.0,1,1,1,0.0,1,1,1,1.291
S_TRAIN+S_VAL (stability),B1,all,AD002849,6,1,1,5.0,1,1,1,16.643,1,1,1,0.857
S_TRAIN+S_VAL (stability),B1,all,AD002858,8,1,1,0.0,1,1,1,0.0,1,1,1,1.102
S_TRAIN+S_VAL (stability),B1,all,AD002870,8,1,1,0.0,1,1,1,0.0,1,1,1,1.081
S_TRAIN+S_VAL (stability),B1,all,AD002875,8,1,1,0.0,1,1,1,0.0,1,1,1,1.085
S_TRAIN+S_VAL (stability),B1,all,AD002880,8,1,1,0.0,1,1,1,0.0,1,1,1,0.946
S_TRAIN+S_VAL (stability),B1,all,AD002882,11,1,1,0.0,1,1,1,0.0,1,1,1,0.964
S_TRAIN+S_VAL (stability),B1,all,AD002911,8,1,1,0.0,1,1,1,0.0,1,1,1,1.008
S_TRAIN+S_VAL (stability),B1,all,AD002936,7,1,1,0.0,1,1,1,0.0,1,1,1,1.082
S_TRAIN+S_VAL (stability),B1,all,AD002962,8,1,1,0.0,1,1,1,0.0,1,1,1,0.973
S_TRAIN+S_VAL (stability),B1,all,AD002966,8,1,1,0.0,1,1,1,0.0,1,1,1,0.929
S_TRAIN+S_VAL (stability),B1,all,AD002996,7,1,1,0.0,1,1,1,0.0,1,1,1,0.962
S_TRAIN+S_VAL (stability),B1,all,AD003014,7,1,1,0.0,1,1,1,0.0,1,1,1,0.857
S_TRAIN+S_VAL (stability),B1,all,AD003016,6,1,1,117.209,0,1,1,117.209,0,1,1,1.435
S_TRAIN+S_VAL (stability),B1,all,AD003041,7,1,1,0.0,1,1,1,0.0,1,1,1,0.875
S_TRAIN+S_VAL (stability),B1,all,AD003050,8,1,1,0.0,1,1,1,0.0,1,1,1,1.044
S_TRAIN+S_VAL (stability),B1,all,AD003060,8,1,1,0.0,1,1,1,0.0,1,1,1,1.086
S_TRAIN+S_VAL (stability),B1,all,AD003067,8,1,1,0.0,1,1,1,0.0,1,1,1,1.066
S_TRAIN+S_VAL (stability),B1,all,AD003074,11,1,1,0.0,1,1,1,0.0,1,1,1,0.989
S_TRAIN+S_VAL (stability),B1,all,AD003077,8,1,1,0.0,1,1,1,0.0,1,1,1,0.995
S_TRAIN+S_VAL (stability),B1,all,AD003085,8,1,1,0.0,1,1,1,0.0,1,1,1,0.898
S_TRAIN+S_VAL (stability),B2,static,AD000001,3,1,1,90.403,1,1,1,108.593,0,1,1,4.834
S_TRAIN+S_VAL (stability),B2,static,AD000012,3,1,1,121.264,0,1,1,121.264,0,1,1,1.613
S_TRAIN+S_VAL (stability),B2,static,AD000023,3,1,1,381.158,0,0,1,381.158,0,0,1,1.685
S_TRAIN+S_VAL (stability),B2,static,AD000027,3,1,1,164.502,0,1,1,319.555,0,0,1,1.681
S_TRAIN+S_VAL (stability),B2,static,AD000032,3,1,1,415.992,0,0,1,466.514,0,0,1,4.888
S_TRAIN+S_VAL (stability),B2,static,AD000037,6,1,1,160.972,0,1,1,1302.431,0,0,0,1.542
S_TRAIN+S_VAL (stability),B2,static,AD000047,3,1,1,431.46,0,0,1,560.169,0,0,0,1.651
S_TRAIN+S_VAL (stability),B2,static,AD000049,3,1,1,348.54,0,0,1,348.54,0,0,1,5.127
S_TRAIN+S_VAL (stability),B2,static,AD000062,3,1,1,65.157,1,1,1,171.811,0,1,1,1.745
S_TRAIN+S_VAL (stability),B2,static,AD000066,3,1,1,40.602,1,1,1,373.431,0,0,1,1.749
S_TRAIN+S_VAL (stability),B2,static,AD000068,3,1,1,187.628,0,1,1,187.628,0,1,1,4.786
S_TRAIN+S_VAL (stability),B2,static,AD000069,3,1,1,630.283,0,0,0,764.138,0,0,0,1.59
S_TRAIN+S_VAL (stability),B2,static,AD000079,3,1,1,165.369,0,1,1,165.369,0,1,1,5.271
S_TRAIN+S_VAL (stability),B2,static,AD000088,3,1,1,56.43,1,1,1,56.43,1,1,1,1.598
S_TRAIN+S_VAL (stability),B2,static,AD000094,5,1,1,75.701,1,1,1,75.701,1,1,1,5.13
S_TRAIN+S_VAL (stability),B2,static,AD000096,3,1,1,338.155,0,0,1,355.067,0,0,1,5.41
S_TRAIN+S_VAL (stability),B2,static,AD000105,3,1,1,447.63,0,0,1,586.055,0,0,0,1.792
S_TRAIN+S_VAL (stability),B2,static,AD000114,3,1,1,74.165,1,1,1,74.165,1,1,1,1.609
S_TRAIN+S_VAL (stability),B2,static,AD000129,4,1,1,523.526,0,0,0,630.789,0,0,0,7.431
S_TRAIN+S_VAL (stability),B2,static,AD000138,3,1,1,48.487,1,1,1,156.387,0,1,1,1.752
S_TRAIN+S_VAL (stability),B2,static,AD000142,3,1,1,145.525,0,1,1,145.525,0,1,1,3.108
S_TRAIN+S_VAL (stability),B2,static,AD000155,3,1,1,44.643,1,1,1,44.643,1,1,1,5.355
S_TRAIN+S_VAL (stability),B2,static,AD000172,3,1,1,304.109,0,0,1,304.109,0,0,1,5.26
S_TRAIN+S_VAL (stability),B2,static,AD000173,3,1,1,242.711,0,1,1,242.711,0,1,1,6.673
S_TRAIN+S_VAL (stability),B2,static,AD000176,3,1,1,343.193,0,0,1,343.193,0,0,1,4.794
S_TRAIN+S_VAL (stability),B2,static,AD000197,3,1,1,150.741,0,1,1,460.47,0,0,1,1.816
S_TRAIN+S_VAL (stability),B2,static,AD000198,3,1,1,204.444,0,1,1,399.858,0,0,1,1.655
S_TRAIN+S_VAL (stability),B2,static,AD000204,3,1,1,131.042,0,1,1,131.042,0,1,1,2.518
S_TRAIN+S_VAL (stability),B2,static,AD000223,3,1,1,297.433,0,0,1,297.433,0,0,1,1.758
S_TRAIN+S_VAL (stability),B2,static,AD000238,4,1,1,33.767,1,1,1,33.767,1,1,1,6.311
S_TRAIN+S_VAL (stability),B2,static,AD000253,3,1,1,166.756,0,1,1,166.756,0,1,1,2.319
S_TRAIN+S_VAL (stability),B2,static,AD000258,7,1,1,251.0,0,0,1,2224.758,0,0,0,2.759
S_TRAIN+S_VAL (stability),B2,static,AD000260,3,1,1,244.712,0,1,1,244.712,0,1,1,2.679
S_TRAIN+S_VAL (stability),B2,static,AD000309,3,1,1,254.285,0,0,1,254.285,0,0,1,1.897
S_TRAIN+S_VAL (stability),B2,static,AD000316,3,1,1,57.073,1,1,1,57.073,1,1,1,5.216
S_TRAIN+S_VAL (stability),B2,static,AD000323,3,1,1,79.699,1,1,1,79.699,1,1,1,5.06
S_TRAIN+S_VAL (stability),B2,static,AD000337,3,1,1,30.585,1,1,1,30.585,1,1,1,1.552
S_TRAIN+S_VAL (stability),B2,static,AD000338,3,1,1,338.916,0,0,1,338.916,0,0,1,4.838
S_TRAIN+S_VAL (stability),B2,static,AD000354,3,1,1,138.668,0,1,1,138.668,0,1,1,1.517
S_TRAIN+S_VAL (stability),B2,static,AD000355,3,1,1,272.932,0,0,1,272.932,0,0,1,1.571
S_TRAIN+S_VAL (stability),B2,static,AD000360,3,1,1,364.144,0,0,1,364.144,0,0,1,5.204
S_TRAIN+S_VAL (stability),B2,static,AD000369,3,1,1,121.08,0,1,1,121.08,0,1,1,5.152
S_TRAIN+S_VAL (stability),B2,static,AD000379,3,1,1,540.336,0,0,0,728.854,0,0,0,1.523
S_TRAIN+S_VAL (stability),B2,static,AD000387,3,1,1,278.708,0,0,1,302.318,0,0,1,1.576
S_TRAIN+S_VAL (stability),B2,static,AD000397,3,1,1,81.298,1,1,1,263.528,0,0,1,1.653
S_TRAIN+S_VAL (stability),B2,static,AD000412,3,1,1,226.165,0,1,1,226.165,0,1,1,5.184
S_TRAIN+S_VAL (stability),B2,static,AD000424,3,1,1,146.899,0,1,1,146.899,0,1,1,4.948
S_TRAIN+S_VAL (stability),B2,static,AD000430,3,1,1,147.474,0,1,1,170.972,0,1,1,1.383
S_TRAIN+S_VAL (stability),B2,static,AD000433,4,1,1,523.238,0,0,0,2045.598,0,0,0,4.951
S_TRAIN+S_VAL (stability),B2,static,AD000451,3,1,1,340.478,0,0,1,384.221,0,0,1,1.683
S_TRAIN+S_VAL (stability),B2,static,AD000460,3,1,1,240.484,0,1,1,248.907,0,1,1,5.246
S_TRAIN+S_VAL (stability),B2,static,AD000475,3,1,1,184.642,0,1,1,387.754,0,0,1,5.237
S_TRAIN+S_VAL (stability),B2,static,AD000517,3,1,1,93.418,1,1,1,93.418,1,1,1,1.598
S_TRAIN+S_VAL (stability),B2,static,AD000524,3,1,1,149.958,0,1,1,149.958,0,1,1,1.919
S_TRAIN+S_VAL (stability),B2,static,AD000526,3,1,1,832.488,0,0,0,852.128,0,0,0,5.133
S_TRAIN+S_VAL (stability),B2,static,AD000529,3,1,1,88.168,1,1,1,110.001,0,1,1,5.201
S_TRAIN+S_VAL (stability),B2,static,AD000541,3,1,1,274.462,0,0,1,274.462,0,0,1,5.364
S_TRAIN+S_VAL (stability),B2,static,AD000560,3,1,1,412.681,0,0,1,412.681,0,0,1,4.851
S_TRAIN+S_VAL (stability),B2,static,AD000589,3,1,1,276.584,0,0,1,337.894,0,0,1,1.686
S_TRAIN+S_VAL (stability),B2,static,AD000602,3,1,1,317.322,0,0,1,319.707,0,0,1,2.301
S_TRAIN+S_VAL (stability),B2,static,AD000608,4,1,1,297.686,0,0,1,297.686,0,0,1,5.15
S_TRAIN+S_VAL (stability),B2,static,AD000613,4,1,1,324.211,0,0,1,331.051,0,0,1,5.172
S_TRAIN+S_VAL (stability),B2,static,AD000624,4,1,1,576.438,0,0,0,1392.849,0,0,0,1.437
S_TRAIN+S_VAL (stability),B2,static,AD000630,3,1,1,212.896,0,1,1,219.042,0,1,1,1.478
S_TRAIN+S_VAL (stability),B2,static,AD000631,4,1,1,273.457,0,0,1,278.238,0,0,1,6.642
S_TRAIN+S_VAL (stability),B2,static,AD000634,3,1,1,544.149,0,0,0,670.439,0,0,0,4.851
S_TRAIN+S_VAL (stability),B2,static,AD000639,3,1,1,68.889,1,1,1,126.421,0,1,1,1.658
S_TRAIN+S_VAL (stability),B2,static,AD000652,3,1,1,166.513,0,1,1,166.513,0,1,1,1.79
S_TRAIN+S_VAL (stability),B2,static,AD000658,3,1,1,319.558,0,0,1,535.327,0,0,0,1.652
S_TRAIN+S_VAL (stability),B2,static,AD000667,3,1,1,486.411,0,0,1,620.642,0,0,0,1.759
S_TRAIN+S_VAL (stability),B2,static,AD000668,3,1,1,110.386,0,1,1,110.386,0,1,1,1.593
S_TRAIN+S_VAL (stability),B2,static,AD000672,3,1,1,127.919,0,1,1,127.919,0,1,1,4.999
S_TRAIN+S_VAL (stability),B2,static,AD000710,3,1,1,315.092,0,0,1,464.85,0,0,1,1.428
S_TRAIN+S_VAL (stability),B2,static,AD000711,4,1,1,300.083,0,0,1,300.083,0,0,1,4.986
S_TRAIN+S_VAL (stability),B2,static,AD000722,3,1,1,360.067,0,0,1,360.067,0,0,1,9.246
S_TRAIN+S_VAL (stability),B2,static,AD000727,4,1,1,131.751,0,1,1,131.751,0,1,1,5.295
S_TRAIN+S_VAL (stability),B2,static,AD000733,3,1,1,188.101,0,1,1,245.596,0,1,1,5.309
S_TRAIN+S_VAL (stability),B2,static,AD000735,3,1,1,244.406,0,1,1,273.629,0,0,1,1.723
S_TRAIN+S_VAL (stability),B2,static,AD000741,3,1,1,122.761,0,1,1,122.761,0,1,1,1.587
S_TRAIN+S_VAL (stability),B2,static,AD000753,3,1,1,374.894,0,0,1,374.894,0,0,1,1.544
S_TRAIN+S_VAL (stability),B2,static,AD000756,3,1,1,194.267,0,1,1,221.641,0,1,1,1.568
S_TRAIN+S_VAL (stability),B2,static,AD000759,3,1,1,93.304,1,1,1,93.304,1,1,1,1.525
S_TRAIN+S_VAL (stability),B2,static,AD000779,3,1,1,1270.469,0,0,0,1270.469,0,0,0,1.534
S_TRAIN+S_VAL (stability),B2,static,AD000781,4,1,1,100.846,0,1,1,141.313,0,1,1,5.29
S_TRAIN+S_VAL (stability),B2,static,AD000782,3,1,1,374.849,0,0,1,374.849,0,0,1,1.511
S_TRAIN+S_VAL (stability),B2,static,AD000785,6,1,1,323.556,0,0,1,1029.123,0,0,0,5.246
S_TRAIN+S_VAL (stability),B2,static,AD000787,3,1,1,16.819,1,1,1,16.819,1,1,1,4.972
S_TRAIN+S_VAL (stability),B2,static,AD000808,4,1,1,114.664,0,1,1,401.552,0,0,1,5.19
S_TRAIN+S_VAL (stability),B2,static,AD000809,3,1,1,496.101,0,0,1,496.101,0,0,1,1.748
S_TRAIN+S_VAL (stability),B2,static,AD000810,3,1,1,490.75,0,0,1,667.845,0,0,0,1.579
S_TRAIN+S_VAL (stability),B2,static,AD000817,3,1,1,233.947,0,1,1,233.947,0,1,1,1.814
S_TRAIN+S_VAL (stability),B2,static,AD000825,3,1,1,55.1,1,1,1,55.1,1,1,1,5.005
S_TRAIN+S_VAL (stability),B2,static,AD000836,4,1,1,306.573,0,0,1,396.888,0,0,1,5.155
S_TRAIN+S_VAL (stability),B2,static,AD000841,3,1,1,292.843,0,0,1,292.843,0,0,1,4.907
S_TRAIN+S_VAL (stability),B2,static,AD000850,3,1,1,168.423,0,1,1,316.332,0,0,1,1.486
S_TRAIN+S_VAL (stability),B2,static,AD000854,3,1,1,490.741,0,0,1,608.084,0,0,0,1.529
S_TRAIN+S_VAL (stability),B2,static,AD000869,4,1,1,58.667,1,1,1,229.127,0,1,1,5.261
S_TRAIN+S_VAL (stability),B2,static,AD000904,3,1,1,265.391,0,0,1,265.391,0,0,1,5.007
S_TRAIN+S_VAL (stability),B2,static,AD000924,6,1,1,342.963,0,0,1,343.702,0,0,1,4.93
S_TRAIN+S_VAL (stability),B2,static,AD000936,3,1,1,364.652,0,0,1,364.652,0,0,1,5.184
S_TRAIN+S_VAL (stability),B2,static,AD000942,3,1,1,72.575,1,1,1,72.575,1,1,1,1.422
S_TRAIN+S_VAL (stability),B2,static,AD000948,3,1,1,141.998,0,1,1,195.983,0,1,1,1.564
S_TRAIN+S_VAL (stability),B2,static,AD000950,3,1,1,415.048,0,0,1,430.427,0,0,1,1.642
S_TRAIN+S_VAL (stability),B2,static,AD000969,3,1,1,73.828,1,1,1,73.828,1,1,1,1.687
S_TRAIN+S_VAL (stability),B2,static,AD000986,3,1,1,22.02,1,1,1,22.02,1,1,1,1.85
S_TRAIN+S_VAL (stability),B2,static,AD001031,3,1,1,138.994,0,1,1,142.05,0,1,1,1.802
S_TRAIN+S_VAL (stability),B2,static,AD001035,3,1,1,614.284,0,0,0,614.284,0,0,0,2.056
S_TRAIN+S_VAL (stability),B2,static,AD001040,3,1,1,110.505,0,1,1,110.505,0,1,1,5.333
S_TRAIN+S_VAL (stability),B2,static,AD001042,3,1,1,27.237,1,1,1,27.237,1,1,1,1.714
S_TRAIN+S_VAL (stability),B2,static,AD001045,3,1,1,260.787,0,0,1,260.787,0,0,1,1.57
S_TRAIN+S_VAL (stability),B2,static,AD001053,4,1,1,104.832,0,1,1,111.114,0,1,1,5.162
S_TRAIN+S_VAL (stability),B2,static,AD001080,7,1,1,190.432,0,1,1,190.432,0,1,1,1.608
S_TRAIN+S_VAL (stability),B2,static,AD001091,4,1,1,67.339,1,1,1,67.339,1,1,1,5.047
S_TRAIN+S_VAL (stability),B2,static,AD001105,3,1,1,444.251,0,0,1,459.324,0,0,1,1.637
S_TRAIN+S_VAL (stability),B2,static,AD001116,4,1,1,28.827,1,1,1,28.827,1,1,1,6.224
S_TRAIN+S_VAL (stability),B2,static,AD001121,4,1,1,115.333,0,1,1,115.333,0,1,1,5.263
S_TRAIN+S_VAL (stability),B2,static,AD001122,3,1,1,304.007,0,0,1,378.993,0,0,1,5.088
S_TRAIN+S_VAL (stability),B2,static,AD001127,3,1,1,229.544,0,1,1,229.544,0,1,1,1.507
S_TRAIN+S_VAL (stability),B2,static,AD001130,3,1,1,118.209,0,1,1,118.209,0,1,1,5.198
S_TRAIN+S_VAL (stability),B2,static,AD001133,3,1,1,168.974,0,1,1,168.974,0,1,1,4.893
S_TRAIN+S_VAL (stability),B2,static,AD001135,3,1,1,184.695,0,1,1,184.695,0,1,1,1.627
S_TRAIN+S_VAL (stability),B2,static,AD001145,3,1,1,47.432,1,1,1,47.432,1,1,1,1.688
S_TRAIN+S_VAL (stability),B2,static,AD001152,4,1,1,164.683,0,1,1,164.683,0,1,1,5.04
S_TRAIN+S_VAL (stability),B2,static,AD001156,6,1,1,140.057,0,1,1,140.057,0,1,1,1.741
S_TRAIN+S_VAL (stability),B2,static,AD001170,3,1,1,165.887,0,1,1,165.887,0,1,1,1.707
S_TRAIN+S_VAL (stability),B2,static,AD001178,3,1,1,266.681,0,0,1,435.97,0,0,1,1.526
S_TRAIN+S_VAL (stability),B2,static,AD001186,3,1,1,155.618,0,1,1,406.339,0,0,1,1.77
S_TRAIN+S_VAL (stability),B2,static,AD001200,4,1,1,259.091,0,0,1,397.126,0,0,1,5.24
S_TRAIN+S_VAL (stability),B2,static,AD001212,6,1,1,586.031,0,0,0,1630.448,0,0,0,5.2
S_TRAIN+S_VAL (stability),B2,static,AD001223,3,1,1,68.118,1,1,1,68.118,1,1,1,1.59
S_TRAIN+S_VAL (stability),B2,static,AD001232,3,1,1,139.564,0,1,1,139.564,0,1,1,1.634
S_TRAIN+S_VAL (stability),B2,static,AD001236,3,1,1,460.182,0,0,1,460.182,0,0,1,1.726
S_TRAIN+S_VAL (stability),B2,static,AD001254,4,1,1,177.545,0,1,1,177.545,0,1,1,4.985
S_TRAIN+S_VAL (stability),B2,static,AD001268,3,1,1,318.791,0,0,1,452.607,0,0,1,1.437
S_TRAIN+S_VAL (stability),B2,static,AD001272,3,1,1,359.736,0,0,1,437.513,0,0,1,1.731
S_TRAIN+S_VAL (stability),B2,static,AD001294,8,1,1,340.935,0,0,1,1623.747,0,0,0,5.292
S_TRAIN+S_VAL (stability),B2,static,AD001314,3,1,1,127.278,0,1,1,127.278,0,1,1,1.655
S_TRAIN+S_VAL (stability),B2,static,AD001324,3,1,1,17.056,1,1,1,17.056,1,1,1,1.556
S_TRAIN+S_VAL (stability),B2,static,AD001339,4,1,1,334.842,0,0,1,356.319,0,0,1,4.982
S_TRAIN+S_VAL (stability),B2,static,AD001352,4,1,1,194.035,0,1,1,194.035,0,1,1,5.249
S_TRAIN+S_VAL (stability),B2,static,AD001357,3,1,1,214.084,0,1,1,271.159,0,0,1,1.462
S_TRAIN+S_VAL (stability),B2,static,AD001363,3,1,1,372.266,0,0,1,483.889,0,0,1,1.449
S_TRAIN+S_VAL (stability),B2,static,AD001364,3,1,1,286.773,0,0,1,286.773,0,0,1,1.484
S_TRAIN+S_VAL (stability),B2,static,AD001380,3,1,1,169.53,0,1,1,169.53,0,1,1,1.725
S_TRAIN+S_VAL (stability),B2,static,AD001408,3,1,1,137.242,0,1,1,494.721,0,0,1,5.169
S_TRAIN+S_VAL (stability),B2,static,AD001416,3,1,1,60.559,1,1,1,60.559,1,1,1,5.08
S_TRAIN+S_VAL (stability),B2,static,AD001422,3,1,1,362.907,0,0,1,362.907,0,0,1,1.826
S_TRAIN+S_VAL (stability),B2,static,AD001447,3,1,1,151.867,0,1,1,151.867,0,1,1,1.579
S_TRAIN+S_VAL (stability),B2,static,AD001462,4,1,1,391.66,0,0,1,429.362,0,0,1,6.5
S_TRAIN+S_VAL (stability),B2,static,AD001465,3,1,1,364.64,0,0,1,473.339,0,0,1,5.01
S_TRAIN+S_VAL (stability),B2,static,AD001479,3,1,1,579.372,0,0,0,669.168,0,0,0,1.582
S_TRAIN+S_VAL (stability),B2,static,AD001495,7,1,1,378.662,0,0,1,472.797,0,0,1,4.907
S_TRAIN+S_VAL (stability),B2,static,AD001499,3,1,1,92.125,1,1,1,92.125,1,1,1,1.849
S_TRAIN+S_VAL (stability),B2,static,AD001505,3,1,1,99.561,1,1,1,99.561,1,1,1,1.837
S_TRAIN+S_VAL (stability),B2,static,AD001509,3,1,1,573.657,0,0,0,578.906,0,0,0,1.801
S_TRAIN+S_VAL (stability),B2,static,AD001521,3,1,1,304.96,0,0,1,419.052,0,0,1,1.459
S_TRAIN+S_VAL (stability),B2,static,AD001523,3,1,1,326.644,0,0,1,354.348,0,0,1,4.89
S_TRAIN+S_VAL (stability),B2,static,AD001539,3,1,1,154.721,0,1,1,154.721,0,1,1,1.501
S_TRAIN+S_VAL (stability),B2,static,AD001540,3,1,1,170.946,0,1,1,170.946,0,1,1,1.474
S_TRAIN+S_VAL (stability),B2,static,AD001551,3,1,1,551.817,0,0,0,779.139,0,0,0,1.617
S_TRAIN+S_VAL (stability),B2,static,AD001554,3,1,1,122.705,0,1,1,142.904,0,1,1,1.571
S_TRAIN+S_VAL (stability),B2,static,AD001555,3,1,1,232.754,0,1,1,323.581,0,0,1,5.389
S_TRAIN+S_VAL (stability),B2,static,AD001578,3,1,1,117.904,0,1,1,117.904,0,1,1,5.002
S_TRAIN+S_VAL (stability),B2,static,AD001581,3,1,1,121.891,0,1,1,121.891,0,1,1,5.149
S_TRAIN+S_VAL (stability),B2,static,AD001587,3,1,1,424.637,0,0,1,424.637,0,0,1,1.49
S_TRAIN+S_VAL (stability),B2,static,AD001619,3,1,1,104.472,0,1,1,104.472,0,1,1,1.507
S_TRAIN+S_VAL (stability),B2,static,AD001627,7,1,1,255.731,0,0,1,407.821,0,0,1,4.928
S_TRAIN+S_VAL (stability),B2,static,AD001638,3,1,1,301.118,0,0,1,319.686,0,0,1,1.699
S_TRAIN+S_VAL (stability),B2,static,AD001647,3,1,1,112.468,0,1,1,152.158,0,1,1,5.283
S_TRAIN+S_VAL (stability),B2,static,AD001662,3,1,1,212.139,0,1,1,431.003,0,0,1,1.58
S_TRAIN+S_VAL (stability),B2,static,AD001689,3,1,1,115.462,0,1,1,115.462,0,1,1,1.605
S_TRAIN+S_VAL (stability),B2,static,AD001697,3,1,1,148.802,0,1,1,148.802,0,1,1,1.7
S_TRAIN+S_VAL (stability),B2,static,AD001700,3,1,1,23.483,1,1,1,23.483,1,1,1,1.485
S_TRAIN+S_VAL (stability),B2,static,AD001713,3,1,1,2.163,1,1,1,2.163,1,1,1,4.772
S_TRAIN+S_VAL (stability),B2,static,AD001722,4,1,1,376.948,0,0,1,1332.773,0,0,0,1.699
S_TRAIN+S_VAL (stability),B2,static,AD001726,3,1,1,44.471,1,1,1,44.471,1,1,1,1.634
S_TRAIN+S_VAL (stability),B2,static,AD001731,3,1,1,85.387,1,1,1,85.387,1,1,1,1.481
S_TRAIN+S_VAL (stability),B2,static,AD001738,3,1,1,250.635,0,0,1,262.395,0,0,1,5.067
S_TRAIN+S_VAL (stability),B2,static,AD001741,3,1,1,159.227,0,1,1,159.227,0,1,1,1.539
S_TRAIN+S_VAL (stability),B2,static,AD001742,3,1,1,320.581,0,0,1,320.581,0,0,1,4.982
S_TRAIN+S_VAL (stability),B2,static,AD001746,3,1,1,298.984,0,0,1,311.005,0,0,1,1.728
S_TRAIN+S_VAL (stability),B2,static,AD001753,4,1,1,85.468,1,1,1,85.468,1,1,1,5.365
S_TRAIN+S_VAL (stability),B2,static,AD001760,3,1,1,376.147,0,0,1,376.147,0,0,1,5.069
S_TRAIN+S_VAL (stability),B2,static,AD001767,3,1,1,188.518,0,1,1,188.518,0,1,1,4.895
S_TRAIN+S_VAL (stability),B2,static,AD001779,3,1,1,139.212,0,1,1,139.212,0,1,1,1.445
S_TRAIN+S_VAL (stability),B2,static,AD001788,4,1,1,185.065,0,1,1,364.04,0,0,1,5.083
S_TRAIN+S_VAL (stability),B2,static,AD001792,7,1,1,68.019,1,1,1,68.019,1,1,1,5.169
S_TRAIN+S_VAL (stability),B2,static,AD001794,3,1,1,261.739,0,0,1,304.36,0,0,1,1.695
S_TRAIN+S_VAL (stability),B2,static,AD001812,4,1,1,189.717,0,1,1,428.837,0,0,1,5.178
S_TRAIN+S_VAL (stability),B2,static,AD001815,3,1,1,365.02,0,0,1,365.02,0,0,1,1.709
S_TRAIN+S_VAL (stability),B2,static,AD001821,3,1,1,68.236,1,1,1,68.236,1,1,1,5.309
S_TRAIN+S_VAL (stability),B2,static,AD001879,3,1,1,258.424,0,0,1,258.424,0,0,1,1.517
S_TRAIN+S_VAL (stability),B2,static,AD001880,3,1,1,826.704,0,0,0,826.704,0,0,0,1.414
S_TRAIN+S_VAL (stability),B2,static,AD001891,4,1,1,393.628,0,0,1,441.467,0,0,1,5.036
S_TRAIN+S_VAL (stability),B2,static,AD001923,3,1,1,173.908,0,1,1,181.824,0,1,1,1.42
S_TRAIN+S_VAL (stability),B2,static,AD001937,3,1,1,40.553,1,1,1,40.553,1,1,1,1.691
S_TRAIN+S_VAL (stability),B2,static,AD001954,3,1,1,490.272,0,0,1,497.427,0,0,1,1.768
S_TRAIN+S_VAL (stability),B2,static,AD001972,3,1,1,64.154,1,1,1,64.154,1,1,1,1.592
S_TRAIN+S_VAL (stability),B2,static,AD001973,6,1,1,303.133,0,0,1,1495.194,0,0,0,5.202
S_TRAIN+S_VAL (stability),B2,static,AD001995,3,1,1,148.268,0,1,1,148.268,0,1,1,5.126
S_TRAIN+S_VAL (stability),B2,static,AD001996,7,1,1,200.441,0,1,1,200.441,0,1,1,4.917
S_TRAIN+S_VAL (stability),B2,static,AD002027,3,1,1,216.82,0,1,1,258.132,0,0,1,1.677
S_TRAIN+S_VAL (stability),B2,static,AD002045,3,1,1,176.434,0,1,1,176.434,0,1,1,4.965
S_TRAIN+S_VAL (stability),B2,static,AD002057,2,1,1,1224.483,0,0,0,1224.483,0,0,0,1.471
S_TRAIN+S_VAL (stability),B2,static,AD002060,3,1,1,163.64,0,1,1,163.64,0,1,1,1.504
S_TRAIN+S_VAL (stability),B2,static,AD002061,3,1,1,148.318,0,1,1,148.318,0,1,1,1.715
S_TRAIN+S_VAL (stability),B2,static,AD002067,3,1,1,181.338,0,1,1,181.338,0,1,1,1.497
S_TRAIN+S_VAL (stability),B2,static,AD002069,4,1,1,131.309,0,1,1,148.362,0,1,1,5.22
S_TRAIN+S_VAL (stability),B2,static,AD002070,3,1,1,1838.564,0,0,0,1838.564,0,0,0,1.425
S_TRAIN+S_VAL (stability),B2,static,AD002074,3,1,1,45.414,1,1,1,45.414,1,1,1,4.707
S_TRAIN+S_VAL (stability),B2,static,AD002089,3,1,1,222.236,0,1,1,274.665,0,0,1,1.701
S_TRAIN+S_VAL (stability),B2,static,AD002096,4,1,1,196.144,0,1,1,196.144,0,1,1,5.372
S_TRAIN+S_VAL (stability),B2,static,AD002103,3,1,1,505.207,0,0,0,525.531,0,0,0,5.313
S_TRAIN+S_VAL (stability),B2,static,AD002112,4,1,1,73.237,1,1,1,73.237,1,1,1,5.307
S_TRAIN+S_VAL (stability),B2,static,AD002123,3,1,1,186.671,0,1,1,259.821,0,0,1,1.718
S_TRAIN+S_VAL (stability),B2,static,AD002131,3,1,1,213.082,0,1,1,213.082,0,1,1,1.645
S_TRAIN+S_VAL (stability),B2,static,AD002134,3,1,1,87.328,1,1,1,95.892,1,1,1,5.379
S_TRAIN+S_VAL (stability),B2,static,AD002138,4,1,1,186.074,0,1,1,186.074,0,1,1,5.218
S_TRAIN+S_VAL (stability),B2,static,AD002154,3,1,1,318.425,0,0,1,318.425,0,0,1,5.206
S_TRAIN+S_VAL (stability),B2,static,AD002176,3,1,1,368.01,0,0,1,440.986,0,0,1,1.519
S_TRAIN+S_VAL (stability),B2,static,AD002181,3,1,1,36.676,1,1,1,36.676,1,1,1,1.518
S_TRAIN+S_VAL (stability),B2,static,AD002194,3,1,1,330.334,0,0,1,330.334,0,0,1,1.572
S_TRAIN+S_VAL (stability),B2,static,AD002197,4,1,1,50.408,1,1,1,50.408,1,1,1,4.788
S_TRAIN+S_VAL (stability),B2,static,AD002244,3,1,1,1110.568,0,0,0,1110.568,0,0,0,1.683
S_TRAIN+S_VAL (stability),B2,static,AD002245,3,1,1,100.242,0,1,1,100.242,0,1,1,1.511
S_TRAIN+S_VAL (stability),B2,static,AD002251,3,1,1,441.991,0,0,1,488.531,0,0,1,1.462
S_TRAIN+S_VAL (stability),B2,static,AD002253,3,1,1,329.605,0,0,1,376.755,0,0,1,1.762
S_TRAIN+S_VAL (stability),B2,static,AD002270,3,1,1,181.447,0,1,1,282.725,0,0,1,5.141
S_TRAIN+S_VAL (stability),B2,static,AD002299,3,1,1,360.794,0,0,1,360.794,0,0,1,1.664
S_TRAIN+S_VAL (stability),B2,static,AD002332,6,1,1,392.431,0,0,1,1527.992,0,0,0,5.228
S_TRAIN+S_VAL (stability),B2,static,AD002333,7,1,1,427.12,0,0,1,627.699,0,0,0,1.884
S_TRAIN+S_VAL (stability),B2,static,AD002357,3,1,1,226.477,0,1,1,226.477,0,1,1,1.725
S_TRAIN+S_VAL (stability),B2,static,AD002362,3,1,1,45.404,1,1,1,45.404,1,1,1,1.722
S_TRAIN+S_VAL (stability),B2,static,AD002412,5,1,1,224.703,0,1,1,379.36,0,0,1,5.044
S_TRAIN+S_VAL (stability),B2,static,AD002415,5,1,1,128.812,0,1,1,2668.133,0,0,0,5.484
S_TRAIN+S_VAL (stability),B2,static,AD002416,3,1,1,1613.944,0,0,0,1613.944,0,0,0,4.943
S_TRAIN+S_VAL (stability),B2,static,AD002424,3,1,1,42.104,1,1,1,42.104,1,1,1,1.408
S_TRAIN+S_VAL (stability),B2,static,AD002458,5,1,1,31.428,1,1,1,371.058,0,0,1,4.93
S_TRAIN+S_VAL (stability),B2,static,AD002466,3,1,1,283.952,0,0,1,288.353,0,0,1,5.22
S_TRAIN+S_VAL (stability),B2,static,AD002485,8,1,1,159.05,0,1,1,1488.776,0,0,0,5.257
S_TRAIN+S_VAL (stability),B2,static,AD002490,3,1,1,253.11,0,0,1,419.0,0,0,1,1.584
S_TRAIN+S_VAL (stability),B2,static,AD002499,3,1,1,133.431,0,1,1,187.103,0,1,1,1.53
S_TRAIN+S_VAL (stability),B2,static,AD002504,3,1,1,185.528,0,1,1,185.528,0,1,1,5.223
S_TRAIN+S_VAL (stability),B2,static,AD002509,3,1,1,135.661,0,1,1,135.661,0,1,1,5.083
S_TRAIN+S_VAL (stability),B2,static,AD002535,5,1,1,373.48,0,0,1,373.48,0,0,1,4.964
S_TRAIN+S_VAL (stability),B2,static,AD002566,4,1,1,171.073,0,1,1,184.765,0,1,1,5.299
S_TRAIN+S_VAL (stability),B2,static,AD002579,3,1,1,283.325,0,0,1,289.137,0,0,1,1.543
S_TRAIN+S_VAL (stability),B2,static,AD002583,3,1,1,309.94,0,0,1,309.94,0,0,1,1.727
S_TRAIN+S_VAL (stability),B2,static,AD002606,3,1,1,85.555,1,1,1,85.555,1,1,1,1.369
S_TRAIN+S_VAL (stability),B2,static,AD002621,3,1,1,21.134,1,1,1,21.134,1,1,1,5.173
S_TRAIN+S_VAL (stability),B2,static,AD002633,3,1,1,106.349,0,1,1,106.349,0,1,1,4.916
S_TRAIN+S_VAL (stability),B2,static,AD002637,5,1,1,91.777,1,1,1,118.022,0,1,1,1.475
S_TRAIN+S_VAL (stability),B2,static,AD002661,6,1,1,316.701,0,0,1,316.701,0,0,1,1.727
S_TRAIN+S_VAL (stability),B2,static,AD002663,3,1,1,1280.649,0,0,0,1280.649,0,0,0,1.492
S_TRAIN+S_VAL (stability),B2,static,AD002664,3,1,1,133.831,0,1,1,133.831,0,1,1,1.552
S_TRAIN+S_VAL (stability),B2,static,AD002673,3,1,1,228.513,0,1,1,229.151,0,1,1,1.641
S_TRAIN+S_VAL (stability),B2,static,AD002685,3,1,1,265.422,0,0,1,265.422,0,0,1,4.952
S_TRAIN+S_VAL (stability),B2,static,AD002691,6,1,1,426.968,0,0,1,1631.933,0,0,0,1.717
S_TRAIN+S_VAL (stability),B2,static,AD002696,4,1,1,544.383,0,0,0,624.376,0,0,0,4.959
S_TRAIN+S_VAL (stability),B2,static,AD002711,3,1,1,792.599,0,0,0,794.753,0,0,0,4.974
S_TRAIN+S_VAL (stability),B2,static,AD002728,5,1,1,141.898,0,1,1,585.363,0,0,0,4.921
S_TRAIN+S_VAL (stability),B2,static,AD002737,4,1,1,188.476,0,1,1,188.476,0,1,1,5.146
S_TRAIN+S_VAL (stability),B2,static,AD002748,3,1,1,160.171,0,1,1,160.171,0,1,1,1.553
S_TRAIN+S_VAL (stability),B2,static,AD002751,3,1,1,131.817,0,1,1,190.385,0,1,1,1.686
S_TRAIN+S_VAL (stability),B2,static,AD002763,3,1,1,167.829,0,1,1,167.829,0,1,1,1.428
S_TRAIN+S_VAL (stability),B2,static,AD002764,3,1,1,19.454,1,1,1,19.454,1,1,1,5.013
S_TRAIN+S_VAL (stability),B2,static,AD002796,2,1,1,2968.077,0,0,0,2968.077,0,0,0,1.555
S_TRAIN+S_VAL (stability),B2,static,AD002802,3,1,1,251.194,0,0,1,251.194,0,0,1,5.063
S_TRAIN+S_VAL (stability),B2,static,AD002808,3,1,1,173.962,0,1,1,452.074,0,0,1,5.235
S_TRAIN+S_VAL (stability),B2,static,AD002809,3,1,1,197.466,0,1,1,197.466,0,1,1,1.474
S_TRAIN+S_VAL (stability),B2,static,AD002819,5,1,1,406.75,0,0,1,1095.517,0,0,0,1.634
S_TRAIN+S_VAL (stability),B2,static,AD002821,4,1,1,212.317,0,1,1,212.317,0,1,1,5.26
S_TRAIN+S_VAL (stability),B2,static,AD002849,3,1,1,329.901,0,0,1,468.026,0,0,1,1.547
S_TRAIN+S_VAL (stability),B2,static,AD002858,3,1,1,520.022,0,0,0,520.022,0,0,0,1.746
S_TRAIN+S_VAL (stability),B2,static,AD002870,3,1,1,218.623,0,1,1,265.251,0,0,1,1.724
S_TRAIN+S_VAL (stability),B2,static,AD002875,4,1,1,100.234,0,1,1,100.234,0,1,1,5.027
S_TRAIN+S_VAL (stability),B2,static,AD002880,3,1,1,240.254,0,1,1,240.254,0,1,1,1.681
S_TRAIN+S_VAL (stability),B2,static,AD002882,6,1,1,158.452,0,1,1,1632.287,0,0,0,1.625
S_TRAIN+S_VAL (stability),B2,static,AD002911,3,1,1,216.162,0,1,1,216.162,0,1,1,1.609
S_TRAIN+S_VAL (stability),B2,static,AD002936,3,1,1,244.459,0,1,1,325.301,0,0,1,1.604
S_TRAIN+S_VAL (stability),B2,static,AD002962,3,1,1,361.314,0,0,1,476.419,0,0,1,1.496
S_TRAIN+S_VAL (stability),B2,static,AD002966,3,1,1,542.382,0,0,0,542.382,0,0,0,1.538
S_TRAIN+S_VAL (stability),B2,static,AD002996,3,1,1,183.498,0,1,1,183.498,0,1,1,1.448
S_TRAIN+S_VAL (stability),B2,static,AD003014,5,1,1,106.823,0,1,1,106.823,0,1,1,4.863
S_TRAIN+S_VAL (stability),B2,static,AD003016,3,1,1,404.383,0,0,1,664.527,0,0,0,5.024
S_TRAIN+S_VAL (stability),B2,static,AD003041,4,1,1,99.139,1,1,1,99.139,1,1,1,4.929
S_TRAIN+S_VAL (stability),B2,static,AD003050,3,1,1,203.889,0,1,1,203.889,0,1,1,1.697
S_TRAIN+S_VAL (stability),B2,static,AD003060,3,1,1,132.89,0,1,1,215.219,0,1,1,5.161
S_TRAIN+S_VAL (stability),B2,static,AD003067,3,1,1,301.886,0,0,1,301.886,0,0,1,4.872
S_TRAIN+S_VAL (stability),B2,static,AD003074,6,1,1,98.267,1,1,1,818.656,0,0,0,1.626
S_TRAIN+S_VAL (stability),B2,static,AD003077,3,1,1,318.999,0,0,1,318.999,0,0,1,1.61
S_TRAIN+S_VAL (stability),B2,static,AD003085,3,1,1,16.682,1,1,1,16.682,1,1,1,1.567
S_TRAIN+S_VAL (stability),B2,all,AD000001,8,1,1,0.0,1,1,1,0.0,1,1,1,4.834
S_TRAIN+S_VAL (stability),B2,all,AD000012,8,1,1,0.0,1,1,1,0.0,1,1,1,1.613
S_TRAIN+S_VAL (stability),B2,all,AD000023,8,1,1,0.0,1,1,1,0.0,1,1,1,1.685
S_TRAIN+S_VAL (stability),B2,all,AD000027,8,1,1,0.0,1,1,1,0.0,1,1,1,1.681
S_TRAIN+S_VAL (stability),B2,all,AD000032,6,1,1,110.888,0,1,1,110.888,0,1,1,4.888
S_TRAIN+S_VAL (stability),B2,all,AD000037,8,1,1,152.948,0,1,1,152.948,0,1,1,1.542
S_TRAIN+S_VAL (stability),B2,all,AD000047,5,1,1,40.478,1,1,1,40.478,1,1,1,1.651
S_TRAIN+S_VAL (stability),B2,all,AD000049,8,1,1,0.0,1,1,1,0.0,1,1,1,5.127
S_TRAIN+S_VAL (stability),B2,all,AD000062,8,1,1,0.0,1,1,1,0.0,1,1,1,1.745
S_TRAIN+S_VAL (stability),B2,all,AD000066,7,1,1,0.0,1,1,1,0.0,1,1,1,1.749
S_TRAIN+S_VAL (stability),B2,all,AD000068,7,1,1,0.0,1,1,1,0.0,1,1,1,4.786
S_TRAIN+S_VAL (stability),B2,all,AD000069,6,1,1,0.0,1,1,1,0.0,1,1,1,1.59
S_TRAIN+S_VAL (stability),B2,all,AD000079,6,1,1,2.0,1,1,1,2.0,1,1,1,5.271
S_TRAIN+S_VAL (stability),B2,all,AD000088,7,1,1,0.0,1,1,1,0.0,1,1,1,1.598
S_TRAIN+S_VAL (stability),B2,all,AD000094,9,1,1,0.0,1,1,1,0.0,1,1,1,5.13
S_TRAIN+S_VAL (stability),B2,all,AD000096,8,1,1,0.0,1,1,1,0.0,1,1,1,5.41
S_TRAIN+S_VAL (stability),B2,all,AD000105,7,1,1,0.0,1,1,1,0.0,1,1,1,1.792
S_TRAIN+S_VAL (stability),B2,all,AD000114,8,1,1,0.0,1,1,1,0.0,1,1,1,1.609
S_TRAIN+S_VAL (stability),B2,all,AD000129,9,1,1,0.0,1,1,1,0.0,1,1,1,7.431
S_TRAIN+S_VAL (stability),B2,all,AD000138,7,1,1,0.0,1,1,1,0.0,1,1,1,1.752
S_TRAIN+S_VAL (stability),B2,all,AD000142,8,1,1,0.0,1,1,1,0.0,1,1,1,3.108
S_TRAIN+S_VAL (stability),B2,all,AD000155,8,1,1,0.0,1,1,1,0.0,1,1,1,5.355
S_TRAIN+S_VAL (stability),B2,all,AD000172,7,1,1,0.0,1,1,1,0.0,1,1,1,5.26
S_TRAIN+S_VAL (stability),B2,all,AD000173,8,1,1,0.0,1,1,1,0.0,1,1,1,6.673
S_TRAIN+S_VAL (stability),B2,all,AD000176,7,1,1,0.0,1,1,1,0.0,1,1,1,4.794
S_TRAIN+S_VAL (stability),B2,all,AD000197,8,1,1,0.0,1,1,1,0.0,1,1,1,1.816
S_TRAIN+S_VAL (stability),B2,all,AD000198,8,1,1,0.0,1,1,1,0.0,1,1,1,1.655
S_TRAIN+S_VAL (stability),B2,all,AD000204,8,1,1,0.0,1,1,1,0.0,1,1,1,2.518
S_TRAIN+S_VAL (stability),B2,all,AD000223,6,1,1,3.0,1,1,1,8.062,1,1,1,1.758
S_TRAIN+S_VAL (stability),B2,all,AD000238,9,1,1,0.0,1,1,1,0.0,1,1,1,6.311
S_TRAIN+S_VAL (stability),B2,all,AD000253,7,1,1,0.0,1,1,1,0.0,1,1,1,2.319
S_TRAIN+S_VAL (stability),B2,all,AD000258,11,1,1,0.0,1,1,1,0.0,1,1,1,2.759
S_TRAIN+S_VAL (stability),B2,all,AD000260,8,1,1,0.0,1,1,1,0.0,1,1,1,2.679
S_TRAIN+S_VAL (stability),B2,all,AD000309,8,1,1,0.0,1,1,1,0.0,1,1,1,1.897
S_TRAIN+S_VAL (stability),B2,all,AD000316,8,1,1,0.0,1,1,1,0.0,1,1,1,5.216
S_TRAIN+S_VAL (stability),B2,all,AD000323,6,1,1,2.0,1,1,1,2.0,1,1,1,5.06
S_TRAIN+S_VAL (stability),B2,all,AD000337,7,1,1,0.0,1,1,1,0.0,1,1,1,1.552
S_TRAIN+S_VAL (stability),B2,all,AD000338,7,1,1,0.0,1,1,1,0.0,1,1,1,4.838
S_TRAIN+S_VAL (stability),B2,all,AD000354,6,1,1,138.668,0,1,1,176.1,0,1,1,1.517
S_TRAIN+S_VAL (stability),B2,all,AD000355,6,1,1,5.0,1,1,1,38.328,1,1,1,1.571
S_TRAIN+S_VAL (stability),B2,all,AD000360,6,1,1,0.0,1,1,1,0.0,1,1,1,5.204
S_TRAIN+S_VAL (stability),B2,all,AD000369,8,1,1,0.0,1,1,1,0.0,1,1,1,5.152
S_TRAIN+S_VAL (stability),B2,all,AD000379,6,1,1,0.0,1,1,1,0.0,1,1,1,1.523
S_TRAIN+S_VAL (stability),B2,all,AD000387,7,1,1,0.0,1,1,1,0.0,1,1,1,1.576
S_TRAIN+S_VAL (stability),B2,all,AD000397,7,1,1,0.0,1,1,1,0.0,1,1,1,1.653
S_TRAIN+S_VAL (stability),B2,all,AD000412,6,1,1,0.0,1,1,1,0.0,1,1,1,5.184
S_TRAIN+S_VAL (stability),B2,all,AD000424,6,1,1,1.803,1,1,1,8.5,1,1,1,4.948
S_TRAIN+S_VAL (stability),B2,all,AD000430,7,1,1,0.0,1,1,1,0.0,1,1,1,1.383
S_TRAIN+S_VAL (stability),B2,all,AD000433,8,1,1,0.0,1,1,1,0.0,1,1,1,4.951
S_TRAIN+S_VAL (stability),B2,all,AD000451,8,1,1,0.0,1,1,1,0.0,1,1,1,1.683
S_TRAIN+S_VAL (stability),B2,all,AD000460,7,1,1,0.0,1,1,1,0.0,1,1,1,5.246
S_TRAIN+S_VAL (stability),B2,all,AD000475,8,1,1,0.0,1,1,1,0.0,1,1,1,5.237
S_TRAIN+S_VAL (stability),B2,all,AD000517,8,1,1,0.0,1,1,1,0.0,1,1,1,1.598
S_TRAIN+S_VAL (stability),B2,all,AD000524,8,1,1,0.0,1,1,1,0.0,1,1,1,1.919
S_TRAIN+S_VAL (stability),B2,all,AD000526,6,1,1,588.165,0,0,0,589.337,0,0,0,5.133
S_TRAIN+S_VAL (stability),B2,all,AD000529,8,1,1,0.0,1,1,1,0.0,1,1,1,5.201
S_TRAIN+S_VAL (stability),B2,all,AD000541,8,1,1,0.0,1,1,1,0.0,1,1,1,5.364
S_TRAIN+S_VAL (stability),B2,all,AD000560,8,1,1,0.0,1,1,1,0.0,1,1,1,4.851
S_TRAIN+S_VAL (stability),B2,all,AD000589,6,1,1,5.701,1,1,1,17.678,1,1,1,1.686
S_TRAIN+S_VAL (stability),B2,all,AD000602,8,1,1,0.0,1,1,1,0.0,1,1,1,2.301
S_TRAIN+S_VAL (stability),B2,all,AD000608,9,1,1,0.0,1,1,1,0.0,1,1,1,5.15
S_TRAIN+S_VAL (stability),B2,all,AD000613,9,1,1,0.0,1,1,1,0.0,1,1,1,5.172
S_TRAIN+S_VAL (stability),B2,all,AD000624,6,1,1,148.705,0,1,1,148.705,0,1,1,1.437
S_TRAIN+S_VAL (stability),B2,all,AD000630,7,1,1,0.0,1,1,1,0.0,1,1,1,1.478
S_TRAIN+S_VAL (stability),B2,all,AD000631,7,1,1,1.118,1,1,1,2.693,1,1,1,6.642
S_TRAIN+S_VAL (stability),B2,all,AD000634,7,1,1,0.0,1,1,1,0.0,1,1,1,4.851
S_TRAIN+S_VAL (stability),B2,all,AD000639,5,1,1,68.889,1,1,1,183.696,0,1,1,1.658
S_TRAIN+S_VAL (stability),B2,all,AD000652,8,1,1,0.0,1,1,1,0.0,1,1,1,1.79
S_TRAIN+S_VAL (stability),B2,all,AD000658,6,1,1,5.59,1,1,1,46.36,1,1,1,1.652
S_TRAIN+S_VAL (stability),B2,all,AD000667,8,1,1,0.0,1,1,1,0.0,1,1,1,1.759
S_TRAIN+S_VAL (stability),B2,all,AD000668,8,1,1,0.0,1,1,1,0.0,1,1,1,1.593
S_TRAIN+S_VAL (stability),B2,all,AD000672,5,1,1,88.551,1,1,1,88.551,1,1,1,4.999
S_TRAIN+S_VAL (stability),B2,all,AD000710,7,1,1,0.0,1,1,1,0.0,1,1,1,1.428
S_TRAIN+S_VAL (stability),B2,all,AD000711,7,1,1,6.083,1,1,1,8.0,1,1,1,4.986
S_TRAIN+S_VAL (stability),B2,all,AD000722,6,1,1,4.5,1,1,1,7.5,1,1,1,9.246
S_TRAIN+S_VAL (stability),B2,all,AD000727,7,1,1,0.0,1,1,1,1.0,1,1,1,5.295
S_TRAIN+S_VAL (stability),B2,all,AD000733,8,1,1,0.0,1,1,1,0.0,1,1,1,5.309
S_TRAIN+S_VAL (stability),B2,all,AD000735,8,1,1,0.0,1,1,1,0.0,1,1,1,1.723
S_TRAIN+S_VAL (stability),B2,all,AD000741,6,1,1,122.761,0,1,1,126.338,0,1,1,1.587
S_TRAIN+S_VAL (stability),B2,all,AD000753,6,1,1,30.647,1,1,1,30.647,1,1,1,1.544
S_TRAIN+S_VAL (stability),B2,all,AD000756,6,1,1,95.73,1,1,1,95.73,1,1,1,1.568
S_TRAIN+S_VAL (stability),B2,all,AD000759,7,1,1,0.0,1,1,1,0.0,1,1,1,1.525
S_TRAIN+S_VAL (stability),B2,all,AD000779,5,1,1,1159.281,0,0,0,1159.281,0,0,0,1.534
S_TRAIN+S_VAL (stability),B2,all,AD000781,9,1,1,0.0,1,1,1,0.0,1,1,1,5.29
S_TRAIN+S_VAL (stability),B2,all,AD000782,7,1,1,0.0,1,1,1,0.0,1,1,1,1.511
S_TRAIN+S_VAL (stability),B2,all,AD000785,10,1,1,0.0,1,1,1,0.0,1,1,1,5.246
S_TRAIN+S_VAL (stability),B2,all,AD000787,8,1,1,0.0,1,1,1,0.0,1,1,1,4.972
S_TRAIN+S_VAL (stability),B2,all,AD000808,9,1,1,0.0,1,1,1,0.0,1,1,1,5.19
S_TRAIN+S_VAL (stability),B2,all,AD000809,8,1,1,0.0,1,1,1,0.0,1,1,1,1.748
S_TRAIN+S_VAL (stability),B2,all,AD000810,8,1,1,0.0,1,1,1,0.0,1,1,1,1.579
S_TRAIN+S_VAL (stability),B2,all,AD000817,8,1,1,0.0,1,1,1,0.0,1,1,1,1.814
S_TRAIN+S_VAL (stability),B2,all,AD000825,7,1,1,0.0,1,1,1,0.0,1,1,1,5.005
S_TRAIN+S_VAL (stability),B2,all,AD000836,8,1,1,0.0,1,1,1,0.0,1,1,1,5.155
S_TRAIN+S_VAL (stability),B2,all,AD000841,7,1,1,0.0,1,1,1,0.0,1,1,1,4.907
S_TRAIN+S_VAL (stability),B2,all,AD000850,7,1,1,0.0,1,1,1,0.0,1,1,1,1.486
S_TRAIN+S_VAL (stability),B2,all,AD000854,8,1,1,0.0,1,1,1,0.0,1,1,1,1.529
S_TRAIN+S_VAL (stability),B2,all,AD000869,7,1,1,4.0,1,1,1,5.0,1,1,1,5.261
S_TRAIN+S_VAL (stability),B2,all,AD000904,7,1,1,0.0,1,1,1,0.0,1,1,1,5.007
S_TRAIN+S_VAL (stability),B2,all,AD000924,11,1,1,0.0,1,1,1,0.0,1,1,1,4.93
S_TRAIN+S_VAL (stability),B2,all,AD000936,8,1,1,0.0,1,1,1,0.0,1,1,1,5.184
S_TRAIN+S_VAL (stability),B2,all,AD000942,7,1,1,0.0,1,1,1,0.0,1,1,1,1.422
S_TRAIN+S_VAL (stability),B2,all,AD000948,6,1,1,1.0,1,1,1,2.0,1,1,1,1.564
S_TRAIN+S_VAL (stability),B2,all,AD000950,8,1,1,0.0,1,1,1,0.0,1,1,1,1.642
S_TRAIN+S_VAL (stability),B2,all,AD000969,7,1,1,0.0,1,1,1,0.0,1,1,1,1.687
S_TRAIN+S_VAL (stability),B2,all,AD000986,8,1,1,0.0,1,1,1,0.0,1,1,1,1.85
S_TRAIN+S_VAL (stability),B2,all,AD001031,8,1,1,0.0,1,1,1,0.0,1,1,1,1.802
S_TRAIN+S_VAL (stability),B2,all,AD001035,8,1,1,0.0,1,1,1,0.0,1,1,1,2.056
S_TRAIN+S_VAL (stability),B2,all,AD001040,8,1,1,0.0,1,1,1,0.0,1,1,1,5.333
S_TRAIN+S_VAL (stability),B2,all,AD001042,8,1,1,0.0,1,1,1,0.0,1,1,1,1.714
S_TRAIN+S_VAL (stability),B2,all,AD001045,8,1,1,0.0,1,1,1,0.0,1,1,1,1.57
S_TRAIN+S_VAL (stability),B2,all,AD001053,8,1,1,0.0,1,1,1,0.0,1,1,1,5.162
S_TRAIN+S_VAL (stability),B2,all,AD001080,11,1,1,0.0,1,1,1,0.0,1,1,1,1.608
S_TRAIN+S_VAL (stability),B2,all,AD001091,8,1,1,0.0,1,1,1,0.0,1,1,1,5.047
S_TRAIN+S_VAL (stability),B2,all,AD001105,6,1,1,2.0,1,1,1,2.0,1,1,1,1.637
S_TRAIN+S_VAL (stability),B2,all,AD001116,8,1,1,0.0,1,1,1,0.0,1,1,1,6.224
S_TRAIN+S_VAL (stability),B2,all,AD001121,9,1,1,0.0,1,1,1,0.0,1,1,1,5.263
S_TRAIN+S_VAL (stability),B2,all,AD001122,7,1,1,0.0,1,1,1,0.0,1,1,1,5.088
S_TRAIN+S_VAL (stability),B2,all,AD001127,6,1,1,15.7,1,1,1,15.7,1,1,1,1.507
S_TRAIN+S_VAL (stability),B2,all,AD001130,7,1,1,0.0,1,1,1,0.0,1,1,1,5.198
S_TRAIN+S_VAL (stability),B2,all,AD001133,7,1,1,0.0,1,1,1,0.0,1,1,1,4.893
S_TRAIN+S_VAL (stability),B2,all,AD001135,6,1,1,79.071,1,1,1,79.071,1,1,1,1.627
S_TRAIN+S_VAL (stability),B2,all,AD001145,8,1,1,0.0,1,1,1,0.0,1,1,1,1.688
S_TRAIN+S_VAL (stability),B2,all,AD001152,9,1,1,0.0,1,1,1,0.0,1,1,1,5.04
S_TRAIN+S_VAL (stability),B2,all,AD001156,11,1,1,0.0,1,1,1,0.0,1,1,1,1.741
S_TRAIN+S_VAL (stability),B2,all,AD001170,8,1,1,0.0,1,1,1,0.0,1,1,1,1.707
S_TRAIN+S_VAL (stability),B2,all,AD001178,7,1,1,0.0,1,1,1,0.0,1,1,1,1.526
S_TRAIN+S_VAL (stability),B2,all,AD001186,8,1,1,0.0,1,1,1,0.0,1,1,1,1.77
S_TRAIN+S_VAL (stability),B2,all,AD001200,8,1,1,0.0,1,1,1,0.0,1,1,1,5.24
S_TRAIN+S_VAL (stability),B2,all,AD001212,10,1,1,0.0,1,1,1,0.0,1,1,1,5.2
S_TRAIN+S_VAL (stability),B2,all,AD001223,7,1,1,0.0,1,1,1,0.0,1,1,1,1.59
S_TRAIN+S_VAL (stability),B2,all,AD001232,8,1,1,0.0,1,1,1,0.0,1,1,1,1.634
S_TRAIN+S_VAL (stability),B2,all,AD001236,7,1,1,0.0,1,1,1,0.0,1,1,1,1.726
S_TRAIN+S_VAL (stability),B2,all,AD001254,9,1,1,0.0,1,1,1,0.0,1,1,1,4.985
S_TRAIN+S_VAL (stability),B2,all,AD001268,5,1,1,196.329,0,1,1,196.329,0,1,1,1.437
S_TRAIN+S_VAL (stability),B2,all,AD001272,8,1,1,0.0,1,1,1,0.0,1,1,1,1.731
S_TRAIN+S_VAL (stability),B2,all,AD001294,13,1,1,0.0,1,1,1,0.0,1,1,1,5.292
S_TRAIN+S_VAL (stability),B2,all,AD001314,8,1,1,0.0,1,1,1,0.0,1,1,1,1.655
S_TRAIN+S_VAL (stability),B2,all,AD001324,8,1,1,0.0,1,1,1,0.0,1,1,1,1.556
S_TRAIN+S_VAL (stability),B2,all,AD001339,7,1,1,118.052,0,1,1,119.085,0,1,1,4.982
S_TRAIN+S_VAL (stability),B2,all,AD001352,7,1,1,3.0,1,1,1,5.0,1,1,1,5.249
S_TRAIN+S_VAL (stability),B2,all,AD001357,7,1,1,0.0,1,1,1,0.0,1,1,1,1.462
S_TRAIN+S_VAL (stability),B2,all,AD001363,7,1,1,0.0,1,1,1,0.0,1,1,1,1.449
S_TRAIN+S_VAL (stability),B2,all,AD001364,7,1,1,0.0,1,1,1,0.0,1,1,1,1.484
S_TRAIN+S_VAL (stability),B2,all,AD001380,8,1,1,0.0,1,1,1,0.0,1,1,1,1.725
S_TRAIN+S_VAL (stability),B2,all,AD001408,8,1,1,0.0,1,1,1,0.0,1,1,1,5.169
S_TRAIN+S_VAL (stability),B2,all,AD001416,8,1,1,0.0,1,1,1,0.0,1,1,1,5.08
S_TRAIN+S_VAL (stability),B2,all,AD001422,6,1,1,7.0,1,1,1,7.0,1,1,1,1.826
S_TRAIN+S_VAL (stability),B2,all,AD001447,6,1,1,2.0,1,1,1,2.0,1,1,1,1.579
S_TRAIN+S_VAL (stability),B2,all,AD001462,9,1,1,0.0,1,1,1,0.0,1,1,1,6.5
S_TRAIN+S_VAL (stability),B2,all,AD001465,8,1,1,0.0,1,1,1,0.0,1,1,1,5.01
S_TRAIN+S_VAL (stability),B2,all,AD001479,6,1,1,0.0,1,1,1,0.0,1,1,1,1.582
S_TRAIN+S_VAL (stability),B2,all,AD001495,10,1,1,0.0,1,1,1,38.328,1,1,1,4.907
S_TRAIN+S_VAL (stability),B2,all,AD001499,8,1,1,0.0,1,1,1,0.0,1,1,1,1.849
S_TRAIN+S_VAL (stability),B2,all,AD001505,8,1,1,0.0,1,1,1,0.0,1,1,1,1.837
S_TRAIN+S_VAL (stability),B2,all,AD001509,8,1,1,0.0,1,1,1,0.0,1,1,1,1.801
S_TRAIN+S_VAL (stability),B2,all,AD001521,7,1,1,0.0,1,1,1,0.0,1,1,1,1.459
S_TRAIN+S_VAL (stability),B2,all,AD001523,8,1,1,0.0,1,1,1,0.0,1,1,1,4.89
S_TRAIN+S_VAL (stability),B2,all,AD001539,8,1,1,0.0,1,1,1,0.0,1,1,1,1.501
S_TRAIN+S_VAL (stability),B2,all,AD001540,7,1,1,0.0,1,1,1,0.0,1,1,1,1.474
S_TRAIN+S_VAL (stability),B2,all,AD001551,6,1,1,141.902,0,1,1,141.902,0,1,1,1.617
S_TRAIN+S_VAL (stability),B2,all,AD001554,7,1,1,0.0,1,1,1,0.0,1,1,1,1.571
S_TRAIN+S_VAL (stability),B2,all,AD001555,8,1,1,0.0,1,1,1,0.0,1,1,1,5.389
S_TRAIN+S_VAL (stability),B2,all,AD001578,6,1,1,0.0,1,1,1,0.0,1,1,1,5.002
S_TRAIN+S_VAL (stability),B2,all,AD001581,8,1,1,0.0,1,1,1,0.0,1,1,1,5.149
S_TRAIN+S_VAL (stability),B2,all,AD001587,7,1,1,0.0,1,1,1,0.0,1,1,1,1.49
S_TRAIN+S_VAL (stability),B2,all,AD001619,7,1,1,0.0,1,1,1,0.0,1,1,1,1.507
S_TRAIN+S_VAL (stability),B2,all,AD001627,12,1,1,0.0,1,1,1,0.0,1,1,1,4.928
S_TRAIN+S_VAL (stability),B2,all,AD001638,6,1,1,6.0,1,1,1,15.0,1,1,1,1.699
S_TRAIN+S_VAL (stability),B2,all,AD001647,8,1,1,0.0,1,1,1,0.0,1,1,1,5.283
S_TRAIN+S_VAL (stability),B2,all,AD001662,7,1,1,0.0,1,1,1,0.0,1,1,1,1.58
S_TRAIN+S_VAL (stability),B2,all,AD001689,7,1,1,0.0,1,1,1,0.0,1,1,1,1.605
S_TRAIN+S_VAL (stability),B2,all,AD001697,6,1,1,1.118,1,1,1,7.566,1,1,1,1.7
S_TRAIN+S_VAL (stability),B2,all,AD001700,7,1,1,0.0,1,1,1,0.0,1,1,1,1.485
S_TRAIN+S_VAL (stability),B2,all,AD001713,8,1,1,0.0,1,1,1,0.0,1,1,1,4.772
S_TRAIN+S_VAL (stability),B2,all,AD001722,9,1,1,0.0,1,1,1,0.0,1,1,1,1.699
S_TRAIN+S_VAL (stability),B2,all,AD001726,7,1,1,0.0,1,1,1,0.0,1,1,1,1.634
S_TRAIN+S_VAL (stability),B2,all,AD001731,6,1,1,31.0,1,1,1,42.0,1,1,1,1.481
S_TRAIN+S_VAL (stability),B2,all,AD001738,7,1,1,0.0,1,1,1,0.0,1,1,1,5.067
S_TRAIN+S_VAL (stability),B2,all,AD001741,7,1,1,0.0,1,1,1,0.0,1,1,1,1.539
S_TRAIN+S_VAL (stability),B2,all,AD001742,7,1,1,0.0,1,1,1,0.0,1,1,1,4.982
S_TRAIN+S_VAL (stability),B2,all,AD001746,8,1,1,0.0,1,1,1,0.0,1,1,1,1.728
S_TRAIN+S_VAL (stability),B2,all,AD001753,9,1,1,0.0,1,1,1,0.0,1,1,1,5.365
S_TRAIN+S_VAL (stability),B2,all,AD001760,8,1,1,0.0,1,1,1,0.0,1,1,1,5.069
S_TRAIN+S_VAL (stability),B2,all,AD001767,5,1,1,156.644,0,1,1,156.644,0,1,1,4.895
S_TRAIN+S_VAL (stability),B2,all,AD001779,7,1,1,0.0,1,1,1,0.0,1,1,1,1.445
S_TRAIN+S_VAL (stability),B2,all,AD001788,7,1,1,0.0,1,1,1,18.868,1,1,1,5.083
S_TRAIN+S_VAL (stability),B2,all,AD001792,10,1,1,8.631,1,1,1,8.631,1,1,1,5.169
S_TRAIN+S_VAL (stability),B2,all,AD001794,8,1,1,0.0,1,1,1,0.0,1,1,1,1.695
S_TRAIN+S_VAL (stability),B2,all,AD001812,8,1,1,0.0,1,1,1,0.0,1,1,1,5.178
S_TRAIN+S_VAL (stability),B2,all,AD001815,8,1,1,0.0,1,1,1,0.0,1,1,1,1.709
S_TRAIN+S_VAL (stability),B2,all,AD001821,8,1,1,0.0,1,1,1,0.0,1,1,1,5.309
S_TRAIN+S_VAL (stability),B2,all,AD001879,7,1,1,0.0,1,1,1,0.0,1,1,1,1.517
S_TRAIN+S_VAL (stability),B2,all,AD001880,5,1,1,736.448,0,0,0,736.448,0,0,0,1.414
S_TRAIN+S_VAL (stability),B2,all,AD001891,7,1,1,0.0,1,1,1,6.325,1,1,1,5.036
S_TRAIN+S_VAL (stability),B2,all,AD001923,7,1,1,0.0,1,1,1,0.0,1,1,1,1.42
S_TRAIN+S_VAL (stability),B2,all,AD001937,7,1,1,0.0,1,1,1,0.0,1,1,1,1.691
S_TRAIN+S_VAL (stability),B2,all,AD001954,8,1,1,0.0,1,1,1,0.0,1,1,1,1.768
S_TRAIN+S_VAL (stability),B2,all,AD001972,8,1,1,0.0,1,1,1,0.0,1,1,1,1.592
S_TRAIN+S_VAL (stability),B2,all,AD001973,11,1,1,0.0,1,1,1,0.0,1,1,1,5.202
S_TRAIN+S_VAL (stability),B2,all,AD001995,5,1,1,148.268,0,1,1,190.145,0,1,1,5.126
S_TRAIN+S_VAL (stability),B2,all,AD001996,10,1,1,0.0,1,1,1,0.0,1,1,1,4.917
S_TRAIN+S_VAL (stability),B2,all,AD002027,8,1,1,0.0,1,1,1,0.0,1,1,1,1.677
S_TRAIN+S_VAL (stability),B2,all,AD002045,7,1,1,0.0,1,1,1,0.0,1,1,1,4.965
S_TRAIN+S_VAL (stability),B2,all,AD002057,4,1,1,182.227,0,1,1,182.227,0,1,1,1.471
S_TRAIN+S_VAL (stability),B2,all,AD002060,8,1,1,0.0,1,1,1,0.0,1,1,1,1.504
S_TRAIN+S_VAL (stability),B2,all,AD002061,7,1,1,0.0,1,1,1,0.0,1,1,1,1.715
S_TRAIN+S_VAL (stability),B2,all,AD002067,6,1,1,5.025,1,1,1,17.923,1,1,1,1.497
S_TRAIN+S_VAL (stability),B2,all,AD002069,8,1,1,0.0,1,1,1,0.0,1,1,1,5.22
S_TRAIN+S_VAL (stability),B2,all,AD002070,5,1,1,1838.564,0,0,0,2011.34,0,0,0,1.425
S_TRAIN+S_VAL (stability),B2,all,AD002074,7,1,1,0.0,1,1,1,0.0,1,1,1,4.707
S_TRAIN+S_VAL (stability),B2,all,AD002089,8,1,1,0.0,1,1,1,0.0,1,1,1,1.701
S_TRAIN+S_VAL (stability),B2,all,AD002096,9,1,1,0.0,1,1,1,0.0,1,1,1,5.372
S_TRAIN+S_VAL (stability),B2,all,AD002103,8,1,1,0.0,1,1,1,0.0,1,1,1,5.313
S_TRAIN+S_VAL (stability),B2,all,AD002112,9,1,1,0.0,1,1,1,0.0,1,1,1,5.307
S_TRAIN+S_VAL (stability),B2,all,AD002123,6,1,1,2.236,1,1,1,2.236,1,1,1,1.718
S_TRAIN+S_VAL (stability),B2,all,AD002131,8,1,1,0.0,1,1,1,0.0,1,1,1,1.645
S_TRAIN+S_VAL (stability),B2,all,AD002134,8,1,1,0.0,1,1,1,0.0,1,1,1,5.379
S_TRAIN+S_VAL (stability),B2,all,AD002138,9,1,1,0.0,1,1,1,0.0,1,1,1,5.218
S_TRAIN+S_VAL (stability),B2,all,AD002154,8,1,1,0.0,1,1,1,0.0,1,1,1,5.206
S_TRAIN+S_VAL (stability),B2,all,AD002176,7,1,1,0.0,1,1,1,0.0,1,1,1,1.519
S_TRAIN+S_VAL (stability),B2,all,AD002181,6,1,1,4.0,1,1,1,6.0,1,1,1,1.518
S_TRAIN+S_VAL (stability),B2,all,AD002194,8,1,1,0.0,1,1,1,0.0,1,1,1,1.572
S_TRAIN+S_VAL (stability),B2,all,AD002197,8,1,1,0.0,1,1,1,0.0,1,1,1,4.788
S_TRAIN+S_VAL (stability),B2,all,AD002244,8,1,1,0.0,1,1,1,0.0,1,1,1,1.683
S_TRAIN+S_VAL (stability),B2,all,AD002245,7,1,1,0.0,1,1,1,0.0,1,1,1,1.511
S_TRAIN+S_VAL (stability),B2,all,AD002251,7,1,1,0.0,1,1,1,0.0,1,1,1,1.462
S_TRAIN+S_VAL (stability),B2,all,AD002253,8,1,1,0.0,1,1,1,0.0,1,1,1,1.762
S_TRAIN+S_VAL (stability),B2,all,AD002270,6,1,1,0.0,1,1,1,0.0,1,1,1,5.141
S_TRAIN+S_VAL (stability),B2,all,AD002299,8,1,1,0.0,1,1,1,0.0,1,1,1,1.664
S_TRAIN+S_VAL (stability),B2,all,AD002332,11,1,1,0.0,1,1,1,0.0,1,1,1,5.228
S_TRAIN+S_VAL (stability),B2,all,AD002333,12,1,1,0.0,1,1,1,0.0,1,1,1,1.884
S_TRAIN+S_VAL (stability),B2,all,AD002357,8,1,1,0.0,1,1,1,0.0,1,1,1,1.725
S_TRAIN+S_VAL (stability),B2,all,AD002362,8,1,1,0.0,1,1,1,0.0,1,1,1,1.722
S_TRAIN+S_VAL (stability),B2,all,AD002412,8,1,1,91.093,1,1,1,94.921,1,1,1,5.044
S_TRAIN+S_VAL (stability),B2,all,AD002415,8,1,1,128.812,0,1,1,2540.825,0,0,0,5.484
S_TRAIN+S_VAL (stability),B2,all,AD002416,5,1,1,1613.944,0,0,0,1970.533,0,0,0,4.943
S_TRAIN+S_VAL (stability),B2,all,AD002424,7,1,1,0.0,1,1,1,0.0,1,1,1,1.408
S_TRAIN+S_VAL (stability),B2,all,AD002458,9,1,1,0.0,1,1,1,0.0,1,1,1,4.93
S_TRAIN+S_VAL (stability),B2,all,AD002466,8,1,1,0.0,1,1,1,0.0,1,1,1,5.22
S_TRAIN+S_VAL (stability),B2,all,AD002485,12,1,1,0.0,1,1,1,0.0,1,1,1,5.257
S_TRAIN+S_VAL (stability),B2,all,AD002490,8,1,1,0.0,1,1,1,0.0,1,1,1,1.584
S_TRAIN+S_VAL (stability),B2,all,AD002499,7,1,1,0.0,1,1,1,0.0,1,1,1,1.53
S_TRAIN+S_VAL (stability),B2,all,AD002504,8,1,1,0.0,1,1,1,0.0,1,1,1,5.223
S_TRAIN+S_VAL (stability),B2,all,AD002509,8,1,1,0.0,1,1,1,0.0,1,1,1,5.083
S_TRAIN+S_VAL (stability),B2,all,AD002535,10,1,1,0.0,1,1,1,0.0,1,1,1,4.964
S_TRAIN+S_VAL (stability),B2,all,AD002566,8,1,1,0.0,1,1,1,0.0,1,1,1,5.299
S_TRAIN+S_VAL (stability),B2,all,AD002579,8,1,1,0.0,1,1,1,0.0,1,1,1,1.543
S_TRAIN+S_VAL (stability),B2,all,AD002583,8,1,1,0.0,1,1,1,0.0,1,1,1,1.727
S_TRAIN+S_VAL (stability),B2,all,AD002606,5,1,1,85.555,1,1,1,184.408,0,1,1,1.369
S_TRAIN+S_VAL (stability),B2,all,AD002621,8,1,1,0.0,1,1,1,0.0,1,1,1,5.173
S_TRAIN+S_VAL (stability),B2,all,AD002633,7,1,1,0.0,1,1,1,0.0,1,1,1,4.916
S_TRAIN+S_VAL (stability),B2,all,AD002637,10,1,1,0.0,1,1,1,0.0,1,1,1,1.475
S_TRAIN+S_VAL (stability),B2,all,AD002661,11,1,1,0.0,1,1,1,0.0,1,1,1,1.727
S_TRAIN+S_VAL (stability),B2,all,AD002663,6,1,1,0.0,1,1,1,12.042,1,1,1,1.492
S_TRAIN+S_VAL (stability),B2,all,AD002664,7,1,1,0.0,1,1,1,0.0,1,1,1,1.552
S_TRAIN+S_VAL (stability),B2,all,AD002673,6,1,1,5.701,1,1,1,5.701,1,1,1,1.641
S_TRAIN+S_VAL (stability),B2,all,AD002685,5,1,1,155.081,0,1,1,155.081,0,1,1,4.952
S_TRAIN+S_VAL (stability),B2,all,AD002691,9,1,1,0.0,1,1,1,0.0,1,1,1,1.717
S_TRAIN+S_VAL (stability),B2,all,AD002696,6,1,1,156.029,0,1,1,156.029,0,1,1,4.959
S_TRAIN+S_VAL (stability),B2,all,AD002711,6,1,1,0.0,1,1,1,0.0,1,1,1,4.974
S_TRAIN+S_VAL (stability),B2,all,AD002728,8,1,1,40.954,1,1,1,43.603,1,1,1,4.921
S_TRAIN+S_VAL (stability),B2,all,AD002737,8,1,1,0.0,1,1,1,0.0,1,1,1,5.146
S_TRAIN+S_VAL (stability),B2,all,AD002748,8,1,1,0.0,1,1,1,0.0,1,1,1,1.553
S_TRAIN+S_VAL (stability),B2,all,AD002751,8,1,1,0.0,1,1,1,0.0,1,1,1,1.686
S_TRAIN+S_VAL (stability),B2,all,AD002763,7,1,1,0.0,1,1,1,0.0,1,1,1,1.428
S_TRAIN+S_VAL (stability),B2,all,AD002764,5,1,1,19.454,1,1,1,38.161,1,1,1,5.013
S_TRAIN+S_VAL (stability),B2,all,AD002796,4,1,1,59.76,1,1,1,59.76,1,1,1,1.555
S_TRAIN+S_VAL (stability),B2,all,AD002802,8,1,1,0.0,1,1,1,0.0,1,1,1,5.063
S_TRAIN+S_VAL (stability),B2,all,AD002808,6,1,1,162.98,0,1,1,162.98,0,1,1,5.235
S_TRAIN+S_VAL (stability),B2,all,AD002809,7,1,1,0.0,1,1,1,0.0,1,1,1,1.474
S_TRAIN+S_VAL (stability),B2,all,AD002819,8,1,1,1.803,1,1,1,1.803,1,1,1,1.634
S_TRAIN+S_VAL (stability),B2,all,AD002821,9,1,1,0.0,1,1,1,0.0,1,1,1,5.26
S_TRAIN+S_VAL (stability),B2,all,AD002849,6,1,1,5.0,1,1,1,16.643,1,1,1,1.547
S_TRAIN+S_VAL (stability),B2,all,AD002858,8,1,1,0.0,1,1,1,0.0,1,1,1,1.746
S_TRAIN+S_VAL (stability),B2,all,AD002870,8,1,1,0.0,1,1,1,0.0,1,1,1,1.724
S_TRAIN+S_VAL (stability),B2,all,AD002875,8,1,1,0.0,1,1,1,0.0,1,1,1,5.027
S_TRAIN+S_VAL (stability),B2,all,AD002880,8,1,1,0.0,1,1,1,0.0,1,1,1,1.681
S_TRAIN+S_VAL (stability),B2,all,AD002882,11,1,1,0.0,1,1,1,0.0,1,1,1,1.625
S_TRAIN+S_VAL (stability),B2,all,AD002911,8,1,1,0.0,1,1,1,0.0,1,1,1,1.609
S_TRAIN+S_VAL (stability),B2,all,AD002936,7,1,1,0.0,1,1,1,0.0,1,1,1,1.604
S_TRAIN+S_VAL (stability),B2,all,AD002962,8,1,1,0.0,1,1,1,0.0,1,1,1,1.496
S_TRAIN+S_VAL (stability),B2,all,AD002966,8,1,1,0.0,1,1,1,0.0,1,1,1,1.538
S_TRAIN+S_VAL (stability),B2,all,AD002996,7,1,1,0.0,1,1,1,0.0,1,1,1,1.448
S_TRAIN+S_VAL (stability),B2,all,AD003014,9,1,1,0.0,1,1,1,0.0,1,1,1,4.863
S_TRAIN+S_VAL (stability),B2,all,AD003016,6,1,1,117.209,0,1,1,117.209,0,1,1,5.024
S_TRAIN+S_VAL (stability),B2,all,AD003041,8,1,1,0.0,1,1,1,0.0,1,1,1,4.929
S_TRAIN+S_VAL (stability),B2,all,AD003050,8,1,1,0.0,1,1,1,0.0,1,1,1,1.697
S_TRAIN+S_VAL (stability),B2,all,AD003060,8,1,1,0.0,1,1,1,0.0,1,1,1,5.161
S_TRAIN+S_VAL (stability),B2,all,AD003067,8,1,1,0.0,1,1,1,0.0,1,1,1,4.872
S_TRAIN+S_VAL (stability),B2,all,AD003074,11,1,1,0.0,1,1,1,0.0,1,1,1,1.626
S_TRAIN+S_VAL (stability),B2,all,AD003077,8,1,1,0.0,1,1,1,0.0,1,1,1,1.61
S_TRAIN+S_VAL (stability),B2,all,AD003085,8,1,1,0.0,1,1,1,0.0,1,1,1,1.567
S_TRAIN+S_VAL (stability),B3,static,AD000001,3,1,1,90.403,1,1,1,108.593,0,1,1,12.225
S_TRAIN+S_VAL (stability),B3,static,AD000012,3,1,1,121.264,0,1,1,121.264,0,1,1,1.676
S_TRAIN+S_VAL (stability),B3,static,AD000023,3,1,1,381.158,0,0,1,381.158,0,0,1,1.73
S_TRAIN+S_VAL (stability),B3,static,AD000027,3,1,1,164.502,0,1,1,319.555,0,0,1,1.632
S_TRAIN+S_VAL (stability),B3,static,AD000032,3,1,1,415.992,0,0,1,466.514,0,0,1,4.89
S_TRAIN+S_VAL (stability),B3,static,AD000037,6,1,1,160.972,0,1,1,1302.431,0,0,0,1.541
S_TRAIN+S_VAL (stability),B3,static,AD000047,3,1,1,431.46,0,0,1,560.169,0,0,0,1.592
S_TRAIN+S_VAL (stability),B3,static,AD000049,3,1,1,348.54,0,0,1,348.54,0,0,1,5.156
S_TRAIN+S_VAL (stability),B3,static,AD000062,3,1,1,65.157,1,1,1,171.811,0,1,1,1.693
S_TRAIN+S_VAL (stability),B3,static,AD000066,3,1,1,40.602,1,1,1,373.431,0,0,1,1.801
S_TRAIN+S_VAL (stability),B3,static,AD000068,3,1,1,187.628,0,1,1,187.628,0,1,1,4.924
S_TRAIN+S_VAL (stability),B3,static,AD000069,3,1,1,630.283,0,0,0,764.138,0,0,0,1.584
S_TRAIN+S_VAL (stability),B3,static,AD000079,3,1,1,165.369,0,1,1,165.369,0,1,1,4.911
S_TRAIN+S_VAL (stability),B3,static,AD000088,3,1,1,56.43,1,1,1,56.43,1,1,1,1.536
S_TRAIN+S_VAL (stability),B3,static,AD000094,5,1,1,75.701,1,1,1,75.701,1,1,1,5.25
S_TRAIN+S_VAL (stability),B3,static,AD000096,3,1,1,338.155,0,0,1,355.067,0,0,1,5.177
S_TRAIN+S_VAL (stability),B3,static,AD000105,3,1,1,447.63,0,0,1,586.055,0,0,0,1.62
S_TRAIN+S_VAL (stability),B3,static,AD000114,3,1,1,74.165,1,1,1,74.165,1,1,1,1.633
S_TRAIN+S_VAL (stability),B3,static,AD000129,4,1,1,523.526,0,0,0,630.789,0,0,0,5.179
S_TRAIN+S_VAL (stability),B3,static,AD000138,3,1,1,48.487,1,1,1,156.387,0,1,1,1.727
S_TRAIN+S_VAL (stability),B3,static,AD000142,3,1,1,145.525,0,1,1,145.525,0,1,1,1.615
S_TRAIN+S_VAL (stability),B3,static,AD000155,3,1,1,44.643,1,1,1,44.643,1,1,1,5.325
S_TRAIN+S_VAL (stability),B3,static,AD000172,3,1,1,304.109,0,0,1,304.109,0,0,1,5.235
S_TRAIN+S_VAL (stability),B3,static,AD000173,3,1,1,242.711,0,1,1,242.711,0,1,1,4.999
S_TRAIN+S_VAL (stability),B3,static,AD000176,3,1,1,343.193,0,0,1,343.193,0,0,1,41.019
S_TRAIN+S_VAL (stability),B3,static,AD000197,3,1,1,150.741,0,1,1,460.47,0,0,1,1.785
S_TRAIN+S_VAL (stability),B3,static,AD000198,3,1,1,204.444,0,1,1,399.858,0,0,1,1.683
S_TRAIN+S_VAL (stability),B3,static,AD000204,3,1,1,131.042,0,1,1,131.042,0,1,1,1.602
S_TRAIN+S_VAL (stability),B3,static,AD000223,3,1,1,297.433,0,0,1,297.433,0,0,1,1.621
S_TRAIN+S_VAL (stability),B3,static,AD000238,4,1,1,33.767,1,1,1,33.767,1,1,1,5.307
S_TRAIN+S_VAL (stability),B3,static,AD000253,3,1,1,166.756,0,1,1,166.756,0,1,1,1.387
S_TRAIN+S_VAL (stability),B3,static,AD000258,7,1,1,251.0,0,0,1,2224.758,0,0,0,1.638
S_TRAIN+S_VAL (stability),B3,static,AD000260,3,1,1,244.712,0,1,1,244.712,0,1,1,1.635
S_TRAIN+S_VAL (stability),B3,static,AD000309,3,1,1,254.285,0,0,1,254.285,0,0,1,1.681
S_TRAIN+S_VAL (stability),B3,static,AD000316,3,1,1,57.073,1,1,1,57.073,1,1,1,5.347
S_TRAIN+S_VAL (stability),B3,static,AD000323,3,1,1,79.699,1,1,1,79.699,1,1,1,4.953
S_TRAIN+S_VAL (stability),B3,static,AD000337,3,1,1,30.585,1,1,1,30.585,1,1,1,1.439
S_TRAIN+S_VAL (stability),B3,static,AD000338,3,1,1,338.916,0,0,1,338.916,0,0,1,4.856
S_TRAIN+S_VAL (stability),B3,static,AD000354,3,1,1,138.668,0,1,1,138.668,0,1,1,1.506
S_TRAIN+S_VAL (stability),B3,static,AD000355,3,1,1,272.932,0,0,1,272.932,0,0,1,1.553
S_TRAIN+S_VAL (stability),B3,static,AD000360,3,1,1,364.144,0,0,1,364.144,0,0,1,4.894
S_TRAIN+S_VAL (stability),B3,static,AD000369,3,1,1,121.08,0,1,1,121.08,0,1,1,5.098
S_TRAIN+S_VAL (stability),B3,static,AD000379,3,1,1,540.336,0,0,0,728.854,0,0,0,1.516
S_TRAIN+S_VAL (stability),B3,static,AD000387,3,1,1,278.708,0,0,1,302.318,0,0,1,1.472
S_TRAIN+S_VAL (stability),B3,static,AD000397,3,1,1,81.298,1,1,1,263.528,0,0,1,1.65
S_TRAIN+S_VAL (stability),B3,static,AD000412,3,1,1,226.165,0,1,1,226.165,0,1,1,4.977
S_TRAIN+S_VAL (stability),B3,static,AD000424,3,1,1,146.899,0,1,1,146.899,0,1,1,4.798
S_TRAIN+S_VAL (stability),B3,static,AD000430,3,1,1,147.474,0,1,1,170.972,0,1,1,1.505
S_TRAIN+S_VAL (stability),B3,static,AD000433,4,1,1,523.238,0,0,0,2045.598,0,0,0,5.191
S_TRAIN+S_VAL (stability),B3,static,AD000451,3,1,1,340.478,0,0,1,384.221,0,0,1,1.812
S_TRAIN+S_VAL (stability),B3,static,AD000460,3,1,1,240.484,0,1,1,248.907,0,1,1,4.938
S_TRAIN+S_VAL (stability),B3,static,AD000475,3,1,1,184.642,0,1,1,387.754,0,0,1,5.438
S_TRAIN+S_VAL (stability),B3,static,AD000517,3,1,1,93.418,1,1,1,93.418,1,1,1,1.543
S_TRAIN+S_VAL (stability),B3,static,AD000524,3,1,1,149.958,0,1,1,149.958,0,1,1,1.769
S_TRAIN+S_VAL (stability),B3,static,AD000526,3,1,1,832.488,0,0,0,852.128,0,0,0,44.677
S_TRAIN+S_VAL (stability),B3,static,AD000529,3,1,1,88.168,1,1,1,110.001,0,1,1,23.73
S_TRAIN+S_VAL (stability),B3,static,AD000541,3,1,1,274.462,0,0,1,274.462,0,0,1,5.146
S_TRAIN+S_VAL (stability),B3,static,AD000560,3,1,1,412.681,0,0,1,412.681,0,0,1,21.728
S_TRAIN+S_VAL (stability),B3,static,AD000589,3,1,1,276.584,0,0,1,337.894,0,0,1,1.718
S_TRAIN+S_VAL (stability),B3,static,AD000602,3,1,1,317.322,0,0,1,319.707,0,0,1,1.791
S_TRAIN+S_VAL (stability),B3,static,AD000608,4,1,1,297.686,0,0,1,297.686,0,0,1,5.437
S_TRAIN+S_VAL (stability),B3,static,AD000613,4,1,1,324.211,0,0,1,331.051,0,0,1,5.341
S_TRAIN+S_VAL (stability),B3,static,AD000624,4,1,1,576.438,0,0,0,1392.849,0,0,0,1.464
S_TRAIN+S_VAL (stability),B3,static,AD000630,3,1,1,212.896,0,1,1,219.042,0,1,1,1.459
S_TRAIN+S_VAL (stability),B3,static,AD000631,4,1,1,273.457,0,0,1,278.238,0,0,1,5.093
S_TRAIN+S_VAL (stability),B3,static,AD000634,3,1,1,544.149,0,0,0,670.439,0,0,0,4.975
S_TRAIN+S_VAL (stability),B3,static,AD000639,3,1,1,68.889,1,1,1,126.421,0,1,1,1.683
S_TRAIN+S_VAL (stability),B3,static,AD000652,3,1,1,166.513,0,1,1,166.513,0,1,1,1.738
S_TRAIN+S_VAL (stability),B3,static,AD000658,3,1,1,319.558,0,0,1,535.327,0,0,0,1.736
S_TRAIN+S_VAL (stability),B3,static,AD000667,3,1,1,486.411,0,0,1,620.642,0,0,0,1.707
S_TRAIN+S_VAL (stability),B3,static,AD000668,3,1,1,110.386,0,1,1,110.386,0,1,1,1.894
S_TRAIN+S_VAL (stability),B3,static,AD000672,3,1,1,127.919,0,1,1,127.919,0,1,1,5.311
S_TRAIN+S_VAL (stability),B3,static,AD000710,3,1,1,315.092,0,0,1,464.85,0,0,1,1.432
S_TRAIN+S_VAL (stability),B3,static,AD000711,4,1,1,300.083,0,0,1,300.083,0,0,1,5.153
S_TRAIN+S_VAL (stability),B3,static,AD000722,3,1,1,360.067,0,0,1,360.067,0,0,1,5.338
S_TRAIN+S_VAL (stability),B3,static,AD000727,4,1,1,131.751,0,1,1,131.751,0,1,1,5.178
S_TRAIN+S_VAL (stability),B3,static,AD000733,3,1,1,188.101,0,1,1,245.596,0,1,1,28.117
S_TRAIN+S_VAL (stability),B3,static,AD000735,3,1,1,244.406,0,1,1,273.629,0,0,1,1.729
S_TRAIN+S_VAL (stability),B3,static,AD000741,3,1,1,122.761,0,1,1,122.761,0,1,1,1.55
S_TRAIN+S_VAL (stability),B3,static,AD000753,3,1,1,374.894,0,0,1,374.894,0,0,1,1.523
S_TRAIN+S_VAL (stability),B3,static,AD000756,3,1,1,194.267,0,1,1,221.641,0,1,1,1.483
S_TRAIN+S_VAL (stability),B3,static,AD000759,3,1,1,93.304,1,1,1,93.304,1,1,1,1.439
S_TRAIN+S_VAL (stability),B3,static,AD000779,3,1,1,1270.469,0,0,0,1270.469,0,0,0,1.574
S_TRAIN+S_VAL (stability),B3,static,AD000781,4,1,1,100.846,0,1,1,141.313,0,1,1,5.083
S_TRAIN+S_VAL (stability),B3,static,AD000782,3,1,1,374.849,0,0,1,374.849,0,0,1,1.507
S_TRAIN+S_VAL (stability),B3,static,AD000785,6,1,1,323.556,0,0,1,1029.123,0,0,0,32.942
S_TRAIN+S_VAL (stability),B3,static,AD000787,3,1,1,16.819,1,1,1,16.819,1,1,1,5.205
S_TRAIN+S_VAL (stability),B3,static,AD000808,4,1,1,114.664,0,1,1,401.552,0,0,1,5.011
S_TRAIN+S_VAL (stability),B3,static,AD000809,3,1,1,496.101,0,0,1,496.101,0,0,1,1.768
S_TRAIN+S_VAL (stability),B3,static,AD000810,3,1,1,490.75,0,0,1,667.845,0,0,0,1.525
S_TRAIN+S_VAL (stability),B3,static,AD000817,3,1,1,233.947,0,1,1,233.947,0,1,1,1.703
S_TRAIN+S_VAL (stability),B3,static,AD000825,3,1,1,55.1,1,1,1,55.1,1,1,1,4.931
S_TRAIN+S_VAL (stability),B3,static,AD000836,4,1,1,306.573,0,0,1,396.888,0,0,1,5.263
S_TRAIN+S_VAL (stability),B3,static,AD000841,3,1,1,292.843,0,0,1,292.843,0,0,1,17.193
S_TRAIN+S_VAL (stability),B3,static,AD000850,3,1,1,168.423,0,1,1,316.332,0,0,1,1.532
S_TRAIN+S_VAL (stability),B3,static,AD000854,3,1,1,490.741,0,0,1,608.084,0,0,0,1.583
S_TRAIN+S_VAL (stability),B3,static,AD000869,4,1,1,58.667,1,1,1,229.127,0,1,1,5.112
S_TRAIN+S_VAL (stability),B3,static,AD000904,3,1,1,265.391,0,0,1,265.391,0,0,1,5.616
S_TRAIN+S_VAL (stability),B3,static,AD000924,6,1,1,342.963,0,0,1,343.702,0,0,1,26.942
S_TRAIN+S_VAL (stability),B3,static,AD000936,3,1,1,364.652,0,0,1,364.652,0,0,1,5.428
S_TRAIN+S_VAL (stability),B3,static,AD000942,3,1,1,72.575,1,1,1,72.575,1,1,1,1.377
S_TRAIN+S_VAL (stability),B3,static,AD000948,3,1,1,141.998,0,1,1,195.983,0,1,1,1.495
S_TRAIN+S_VAL (stability),B3,static,AD000950,3,1,1,415.048,0,0,1,430.427,0,0,1,1.709
S_TRAIN+S_VAL (stability),B3,static,AD000969,3,1,1,73.828,1,1,1,73.828,1,1,1,1.52
S_TRAIN+S_VAL (stability),B3,static,AD000986,3,1,1,22.02,1,1,1,22.02,1,1,1,1.753
S_TRAIN+S_VAL (stability),B3,static,AD001031,3,1,1,138.994,0,1,1,142.05,0,1,1,1.779
S_TRAIN+S_VAL (stability),B3,static,AD001035,3,1,1,614.284,0,0,0,614.284,0,0,0,1.669
S_TRAIN+S_VAL (stability),B3,static,AD001040,3,1,1,110.505,0,1,1,110.505,0,1,1,5.3
S_TRAIN+S_VAL (stability),B3,static,AD001042,3,1,1,27.237,1,1,1,27.237,1,1,1,1.618
S_TRAIN+S_VAL (stability),B3,static,AD001045,3,1,1,260.787,0,0,1,260.787,0,0,1,1.583
S_TRAIN+S_VAL (stability),B3,static,AD001053,4,1,1,104.832,0,1,1,111.114,0,1,1,5.089
S_TRAIN+S_VAL (stability),B3,static,AD001080,7,1,1,190.432,0,1,1,190.432,0,1,1,1.556
S_TRAIN+S_VAL (stability),B3,static,AD001091,4,1,1,67.339,1,1,1,67.339,1,1,1,4.826
S_TRAIN+S_VAL (stability),B3,static,AD001105,3,1,1,444.251,0,0,1,459.324,0,0,1,1.62
S_TRAIN+S_VAL (stability),B3,static,AD001116,4,1,1,28.827,1,1,1,28.827,1,1,1,5.04
S_TRAIN+S_VAL (stability),B3,static,AD001121,4,1,1,115.333,0,1,1,115.333,0,1,1,5.372
S_TRAIN+S_VAL (stability),B3,static,AD001122,3,1,1,304.007,0,0,1,378.993,0,0,1,5.102
S_TRAIN+S_VAL (stability),B3,static,AD001127,3,1,1,229.544,0,1,1,229.544,0,1,1,1.555
S_TRAIN+S_VAL (stability),B3,static,AD001130,3,1,1,118.209,0,1,1,118.209,0,1,1,5.154
S_TRAIN+S_VAL (stability),B3,static,AD001133,3,1,1,168.974,0,1,1,168.974,0,1,1,4.95
S_TRAIN+S_VAL (stability),B3,static,AD001135,3,1,1,184.695,0,1,1,184.695,0,1,1,1.578
S_TRAIN+S_VAL (stability),B3,static,AD001145,3,1,1,47.432,1,1,1,47.432,1,1,1,1.641
S_TRAIN+S_VAL (stability),B3,static,AD001152,4,1,1,164.683,0,1,1,164.683,0,1,1,5.041
S_TRAIN+S_VAL (stability),B3,static,AD001156,6,1,1,140.057,0,1,1,140.057,0,1,1,1.742
S_TRAIN+S_VAL (stability),B3,static,AD001170,3,1,1,165.887,0,1,1,165.887,0,1,1,1.809
S_TRAIN+S_VAL (stability),B3,static,AD001178,3,1,1,266.681,0,0,1,435.97,0,0,1,1.578
S_TRAIN+S_VAL (stability),B3,static,AD001186,3,1,1,155.618,0,1,1,406.339,0,0,1,1.895
S_TRAIN+S_VAL (stability),B3,static,AD001200,4,1,1,259.091,0,0,1,397.126,0,0,1,5.17
S_TRAIN+S_VAL (stability),B3,static,AD001212,6,1,1,586.031,0,0,0,1630.448,0,0,0,5.167
S_TRAIN+S_VAL (stability),B3,static,AD001223,3,1,1,68.118,1,1,1,68.118,1,1,1,1.546
S_TRAIN+S_VAL (stability),B3,static,AD001232,3,1,1,139.564,0,1,1,139.564,0,1,1,1.648
S_TRAIN+S_VAL (stability),B3,static,AD001236,3,1,1,460.182,0,0,1,460.182,0,0,1,1.721
S_TRAIN+S_VAL (stability),B3,static,AD001254,4,1,1,177.545,0,1,1,177.545,0,1,1,5.781
S_TRAIN+S_VAL (stability),B3,static,AD001268,3,1,1,318.791,0,0,1,452.607,0,0,1,1.503
S_TRAIN+S_VAL (stability),B3,static,AD001272,3,1,1,359.736,0,0,1,437.513,0,0,1,1.75
S_TRAIN+S_VAL (stability),B3,static,AD001294,8,1,1,340.935,0,0,1,1623.747,0,0,0,5.294
S_TRAIN+S_VAL (stability),B3,static,AD001314,3,1,1,127.278,0,1,1,127.278,0,1,1,1.694
S_TRAIN+S_VAL (stability),B3,static,AD001324,3,1,1,17.056,1,1,1,17.056,1,1,1,1.592
S_TRAIN+S_VAL (stability),B3,static,AD001339,4,1,1,334.842,0,0,1,356.319,0,0,1,5.038
S_TRAIN+S_VAL (stability),B3,static,AD001352,4,1,1,194.035,0,1,1,194.035,0,1,1,5.211
S_TRAIN+S_VAL (stability),B3,static,AD001357,3,1,1,214.084,0,1,1,271.159,0,0,1,1.501
S_TRAIN+S_VAL (stability),B3,static,AD001363,3,1,1,372.266,0,0,1,483.889,0,0,1,1.553
S_TRAIN+S_VAL (stability),B3,static,AD001364,3,1,1,286.773,0,0,1,286.773,0,0,1,1.477
S_TRAIN+S_VAL (stability),B3,static,AD001380,3,1,1,169.53,0,1,1,169.53,0,1,1,1.678
S_TRAIN+S_VAL (stability),B3,static,AD001408,3,1,1,137.242,0,1,1,494.721,0,0,1,22.825
S_TRAIN+S_VAL (stability),B3,static,AD001416,3,1,1,60.559,1,1,1,60.559,1,1,1,5.237
S_TRAIN+S_VAL (stability),B3,static,AD001422,3,1,1,362.907,0,0,1,362.907,0,0,1,1.869
S_TRAIN+S_VAL (stability),B3,static,AD001447,3,1,1,151.867,0,1,1,151.867,0,1,1,1.648
S_TRAIN+S_VAL (stability),B3,static,AD001462,4,1,1,391.66,0,0,1,429.362,0,0,1,5.445
S_TRAIN+S_VAL (stability),B3,static,AD001465,3,1,1,364.64,0,0,1,473.339,0,0,1,4.961
S_TRAIN+S_VAL (stability),B3,static,AD001479,3,1,1,579.372,0,0,0,669.168,0,0,0,1.58
S_TRAIN+S_VAL (stability),B3,static,AD001495,7,1,1,378.662,0,0,1,472.797,0,0,1,5.313
S_TRAIN+S_VAL (stability),B3,static,AD001499,3,1,1,92.125,1,1,1,92.125,1,1,1,1.763
S_TRAIN+S_VAL (stability),B3,static,AD001505,3,1,1,99.561,1,1,1,99.561,1,1,1,1.745
S_TRAIN+S_VAL (stability),B3,static,AD001509,3,1,1,573.657,0,0,0,578.906,0,0,0,1.699
S_TRAIN+S_VAL (stability),B3,static,AD001521,3,1,1,304.96,0,0,1,419.052,0,0,1,1.648
S_TRAIN+S_VAL (stability),B3,static,AD001523,3,1,1,326.644,0,0,1,354.348,0,0,1,17.755
S_TRAIN+S_VAL (stability),B3,static,AD001539,3,1,1,154.721,0,1,1,154.721,0,1,1,1.598
S_TRAIN+S_VAL (stability),B3,static,AD001540,3,1,1,170.946,0,1,1,170.946,0,1,1,1.721
S_TRAIN+S_VAL (stability),B3,static,AD001551,3,1,1,551.817,0,0,0,779.139,0,0,0,1.524
S_TRAIN+S_VAL (stability),B3,static,AD001554,3,1,1,122.705,0,1,1,142.904,0,1,1,1.482
S_TRAIN+S_VAL (stability),B3,static,AD001555,3,1,1,232.754,0,1,1,323.581,0,0,1,5.28
S_TRAIN+S_VAL (stability),B3,static,AD001578,3,1,1,117.904,0,1,1,117.904,0,1,1,5.244
S_TRAIN+S_VAL (stability),B3,static,AD001581,3,1,1,121.891,0,1,1,121.891,0,1,1,27.321
S_TRAIN+S_VAL (stability),B3,static,AD001587,3,1,1,424.637,0,0,1,424.637,0,0,1,1.592
S_TRAIN+S_VAL (stability),B3,static,AD001619,3,1,1,104.472,0,1,1,104.472,0,1,1,1.481
S_TRAIN+S_VAL (stability),B3,static,AD001627,7,1,1,255.731,0,0,1,407.821,0,0,1,4.86
S_TRAIN+S_VAL (stability),B3,static,AD001638,3,1,1,301.118,0,0,1,319.686,0,0,1,1.579
S_TRAIN+S_VAL (stability),B3,static,AD001647,3,1,1,112.468,0,1,1,152.158,0,1,1,4.882
S_TRAIN+S_VAL (stability),B3,static,AD001662,3,1,1,212.139,0,1,1,431.003,0,0,1,1.553
S_TRAIN+S_VAL (stability),B3,static,AD001689,3,1,1,115.462,0,1,1,115.462,0,1,1,1.579
S_TRAIN+S_VAL (stability),B3,static,AD001697,3,1,1,148.802,0,1,1,148.802,0,1,1,1.581
S_TRAIN+S_VAL (stability),B3,static,AD001700,3,1,1,23.483,1,1,1,23.483,1,1,1,1.492
S_TRAIN+S_VAL (stability),B3,static,AD001713,3,1,1,2.163,1,1,1,2.163,1,1,1,5.138
S_TRAIN+S_VAL (stability),B3,static,AD001722,4,1,1,376.948,0,0,1,1332.773,0,0,0,1.869
S_TRAIN+S_VAL (stability),B3,static,AD001726,3,1,1,44.471,1,1,1,44.471,1,1,1,1.549
S_TRAIN+S_VAL (stability),B3,static,AD001731,3,1,1,85.387,1,1,1,85.387,1,1,1,1.53
S_TRAIN+S_VAL (stability),B3,static,AD001738,3,1,1,250.635,0,0,1,262.395,0,0,1,34.9
S_TRAIN+S_VAL (stability),B3,static,AD001741,3,1,1,159.227,0,1,1,159.227,0,1,1,2.033
S_TRAIN+S_VAL (stability),B3,static,AD001742,3,1,1,320.581,0,0,1,320.581,0,0,1,22.497
S_TRAIN+S_VAL (stability),B3,static,AD001746,3,1,1,298.984,0,0,1,311.005,0,0,1,1.708
S_TRAIN+S_VAL (stability),B3,static,AD001753,4,1,1,85.468,1,1,1,85.468,1,1,1,5.251
S_TRAIN+S_VAL (stability),B3,static,AD001760,3,1,1,376.147,0,0,1,376.147,0,0,1,5.324
S_TRAIN+S_VAL (stability),B3,static,AD001767,3,1,1,188.518,0,1,1,188.518,0,1,1,4.887
S_TRAIN+S_VAL (stability),B3,static,AD001779,3,1,1,139.212,0,1,1,139.212,0,1,1,1.483
S_TRAIN+S_VAL (stability),B3,static,AD001788,4,1,1,185.065,0,1,1,364.04,0,0,1,4.939
S_TRAIN+S_VAL (stability),B3,static,AD001792,7,1,1,68.019,1,1,1,68.019,1,1,1,33.397
S_TRAIN+S_VAL (stability),B3,static,AD001794,3,1,1,261.739,0,0,1,304.36,0,0,1,1.751
S_TRAIN+S_VAL (stability),B3,static,AD001812,4,1,1,189.717,0,1,1,428.837,0,0,1,5.153
S_TRAIN+S_VAL (stability),B3,static,AD001815,3,1,1,365.02,0,0,1,365.02,0,0,1,1.724
S_TRAIN+S_VAL (stability),B3,static,AD001821,3,1,1,68.236,1,1,1,68.236,1,1,1,5.424
S_TRAIN+S_VAL (stability),B3,static,AD001879,3,1,1,258.424,0,0,1,258.424,0,0,1,1.806
S_TRAIN+S_VAL (stability),B3,static,AD001880,3,1,1,826.704,0,0,0,826.704,0,0,0,1.563
S_TRAIN+S_VAL (stability),B3,static,AD001891,4,1,1,393.628,0,0,1,441.467,0,0,1,4.971
S_TRAIN+S_VAL (stability),B3,static,AD001923,3,1,1,173.908,0,1,1,181.824,0,1,1,1.427
S_TRAIN+S_VAL (stability),B3,static,AD001937,3,1,1,40.553,1,1,1,40.553,1,1,1,1.679
S_TRAIN+S_VAL (stability),B3,static,AD001954,3,1,1,490.272,0,0,1,497.427,0,0,1,1.803
S_TRAIN+S_VAL (stability),B3,static,AD001972,3,1,1,64.154,1,1,1,64.154,1,1,1,1.636
S_TRAIN+S_VAL (stability),B3,static,AD001973,6,1,1,303.133,0,0,1,1495.194,0,0,0,5.476
S_TRAIN+S_VAL (stability),B3,static,AD001995,3,1,1,148.268,0,1,1,148.268,0,1,1,21.026
S_TRAIN+S_VAL (stability),B3,static,AD001996,7,1,1,200.441,0,1,1,200.441,0,1,1,4.911
S_TRAIN+S_VAL (stability),B3,static,AD002027,3,1,1,216.82,0,1,1,258.132,0,0,1,1.729
S_TRAIN+S_VAL (stability),B3,static,AD002045,3,1,1,176.434,0,1,1,176.434,0,1,1,5.14
S_TRAIN+S_VAL (stability),B3,static,AD002057,2,1,1,1224.483,0,0,0,1224.483,0,0,0,43.395
S_TRAIN+S_VAL (stability),B3,static,AD002060,3,1,1,163.64,0,1,1,163.64,0,1,1,2.211
S_TRAIN+S_VAL (stability),B3,static,AD002061,3,1,1,148.318,0,1,1,148.318,0,1,1,1.674
S_TRAIN+S_VAL (stability),B3,static,AD002067,3,1,1,181.338,0,1,1,181.338,0,1,1,1.586
S_TRAIN+S_VAL (stability),B3,static,AD002069,4,1,1,131.309,0,1,1,148.362,0,1,1,5.278
S_TRAIN+S_VAL (stability),B3,static,AD002070,3,1,1,1838.564,0,0,0,1838.564,0,0,0,1.344
S_TRAIN+S_VAL (stability),B3,static,AD002074,3,1,1,45.414,1,1,1,45.414,1,1,1,5.406
S_TRAIN+S_VAL (stability),B3,static,AD002089,3,1,1,222.236,0,1,1,274.665,0,0,1,1.589
S_TRAIN+S_VAL (stability),B3,static,AD002096,4,1,1,196.144,0,1,1,196.144,0,1,1,5.325
S_TRAIN+S_VAL (stability),B3,static,AD002103,3,1,1,505.207,0,0,0,525.531,0,0,0,5.16
S_TRAIN+S_VAL (stability),B3,static,AD002112,4,1,1,73.237,1,1,1,73.237,1,1,1,4.835
S_TRAIN+S_VAL (stability),B3,static,AD002123,3,1,1,186.671,0,1,1,259.821,0,0,1,1.615
S_TRAIN+S_VAL (stability),B3,static,AD002131,3,1,1,213.082,0,1,1,213.082,0,1,1,1.463
S_TRAIN+S_VAL (stability),B3,static,AD002134,3,1,1,87.328,1,1,1,95.892,1,1,1,6.009
S_TRAIN+S_VAL (stability),B3,static,AD002138,4,1,1,186.074,0,1,1,186.074,0,1,1,4.995
S_TRAIN+S_VAL (stability),B3,static,AD002154,3,1,1,318.425,0,0,1,318.425,0,0,1,5.279
S_TRAIN+S_VAL (stability),B3,static,AD002176,3,1,1,368.01,0,0,1,440.986,0,0,1,1.636
S_TRAIN+S_VAL (stability),B3,static,AD002181,3,1,1,36.676,1,1,1,36.676,1,1,1,1.677
S_TRAIN+S_VAL (stability),B3,static,AD002194,3,1,1,330.334,0,0,1,330.334,0,0,1,1.607
S_TRAIN+S_VAL (stability),B3,static,AD002197,4,1,1,50.408,1,1,1,50.408,1,1,1,5.252
S_TRAIN+S_VAL (stability),B3,static,AD002244,3,1,1,1110.568,0,0,0,1110.568,0,0,0,1.729
S_TRAIN+S_VAL (stability),B3,static,AD002245,3,1,1,100.242,0,1,1,100.242,0,1,1,2.075
S_TRAIN+S_VAL (stability),B3,static,AD002251,3,1,1,441.991,0,0,1,488.531,0,0,1,1.542
S_TRAIN+S_VAL (stability),B3,static,AD002253,3,1,1,329.605,0,0,1,376.755,0,0,1,1.989
S_TRAIN+S_VAL (stability),B3,static,AD002270,3,1,1,181.447,0,1,1,282.725,0,0,1,5.034
S_TRAIN+S_VAL (stability),B3,static,AD002299,3,1,1,360.794,0,0,1,360.794,0,0,1,1.625
S_TRAIN+S_VAL (stability),B3,static,AD002332,6,1,1,392.431,0,0,1,1527.992,0,0,0,5.641
S_TRAIN+S_VAL (stability),B3,static,AD002333,7,1,1,427.12,0,0,1,627.699,0,0,0,1.821
S_TRAIN+S_VAL (stability),B3,static,AD002357,3,1,1,226.477,0,1,1,226.477,0,1,1,1.711
S_TRAIN+S_VAL (stability),B3,static,AD002362,3,1,1,45.404,1,1,1,45.404,1,1,1,1.676
S_TRAIN+S_VAL (stability),B3,static,AD002412,5,1,1,224.703,0,1,1,379.36,0,0,1,5.206
S_TRAIN+S_VAL (stability),B3,static,AD002415,5,1,1,128.812,0,1,1,2668.133,0,0,0,4.876
S_TRAIN+S_VAL (stability),B3,static,AD002416,3,1,1,1613.944,0,0,0,1613.944,0,0,0,4.84
S_TRAIN+S_VAL (stability),B3,static,AD002424,3,1,1,42.104,1,1,1,42.104,1,1,1,1.421
S_TRAIN+S_VAL (stability),B3,static,AD002458,5,1,1,31.428,1,1,1,371.058,0,0,1,5.113
S_TRAIN+S_VAL (stability),B3,static,AD002466,3,1,1,283.952,0,0,1,288.353,0,0,1,4.94
S_TRAIN+S_VAL (stability),B3,static,AD002485,8,1,1,159.05,0,1,1,1488.776,0,0,0,5.276
S_TRAIN+S_VAL (stability),B3,static,AD002490,3,1,1,253.11,0,0,1,419.0,0,0,1,1.598
S_TRAIN+S_VAL (stability),B3,static,AD002499,3,1,1,133.431,0,1,1,187.103,0,1,1,1.558
S_TRAIN+S_VAL (stability),B3,static,AD002504,3,1,1,185.528,0,1,1,185.528,0,1,1,22.485
S_TRAIN+S_VAL (stability),B3,static,AD002509,3,1,1,135.661,0,1,1,135.661,0,1,1,17.089
S_TRAIN+S_VAL (stability),B3,static,AD002535,5,1,1,373.48,0,0,1,373.48,0,0,1,4.892
S_TRAIN+S_VAL (stability),B3,static,AD002566,4,1,1,171.073,0,1,1,184.765,0,1,1,5.171
S_TRAIN+S_VAL (stability),B3,static,AD002579,3,1,1,283.325,0,0,1,289.137,0,0,1,1.544
S_TRAIN+S_VAL (stability),B3,static,AD002583,3,1,1,309.94,0,0,1,309.94,0,0,1,1.637
S_TRAIN+S_VAL (stability),B3,static,AD002606,3,1,1,85.555,1,1,1,85.555,1,1,1,1.306
S_TRAIN+S_VAL (stability),B3,static,AD002621,3,1,1,21.134,1,1,1,21.134,1,1,1,5.284
S_TRAIN+S_VAL (stability),B3,static,AD002633,3,1,1,106.349,0,1,1,106.349,0,1,1,4.856
S_TRAIN+S_VAL (stability),B3,static,AD002637,5,1,1,91.777,1,1,1,118.022,0,1,1,1.553
S_TRAIN+S_VAL (stability),B3,static,AD002661,6,1,1,316.701,0,0,1,316.701,0,0,1,1.699
S_TRAIN+S_VAL (stability),B3,static,AD002663,3,1,1,1280.649,0,0,0,1280.649,0,0,0,1.401
S_TRAIN+S_VAL (stability),B3,static,AD002664,3,1,1,133.831,0,1,1,133.831,0,1,1,1.548
S_TRAIN+S_VAL (stability),B3,static,AD002673,3,1,1,228.513,0,1,1,229.151,0,1,1,1.64
S_TRAIN+S_VAL (stability),B3,static,AD002685,3,1,1,265.422,0,0,1,265.422,0,0,1,32.132
S_TRAIN+S_VAL (stability),B3,static,AD002691,6,1,1,426.968,0,0,1,1631.933,0,0,0,1.674
S_TRAIN+S_VAL (stability),B3,static,AD002696,4,1,1,544.383,0,0,0,624.376,0,0,0,17.41
S_TRAIN+S_VAL (stability),B3,static,AD002711,3,1,1,792.599,0,0,0,794.753,0,0,0,4.986
S_TRAIN+S_VAL (stability),B3,static,AD002728,5,1,1,141.898,0,1,1,585.363,0,0,0,5.015
S_TRAIN+S_VAL (stability),B3,static,AD002737,4,1,1,188.476,0,1,1,188.476,0,1,1,5.236
S_TRAIN+S_VAL (stability),B3,static,AD002748,3,1,1,160.171,0,1,1,160.171,0,1,1,1.441
S_TRAIN+S_VAL (stability),B3,static,AD002751,3,1,1,131.817,0,1,1,190.385,0,1,1,1.995
S_TRAIN+S_VAL (stability),B3,static,AD002763,3,1,1,167.829,0,1,1,167.829,0,1,1,1.382
S_TRAIN+S_VAL (stability),B3,static,AD002764,3,1,1,19.454,1,1,1,19.454,1,1,1,4.89
S_TRAIN+S_VAL (stability),B3,static,AD002796,2,1,1,2968.077,0,0,0,2968.077,0,0,0,9.024
S_TRAIN+S_VAL (stability),B3,static,AD002802,3,1,1,251.194,0,0,1,251.194,0,0,1,5.021
S_TRAIN+S_VAL (stability),B3,static,AD002808,3,1,1,173.962,0,1,1,452.074,0,0,1,4.944
S_TRAIN+S_VAL (stability),B3,static,AD002809,3,1,1,197.466,0,1,1,197.466,0,1,1,1.461
S_TRAIN+S_VAL (stability),B3,static,AD002819,5,1,1,406.75,0,0,1,1095.517,0,0,0,1.62
S_TRAIN+S_VAL (stability),B3,static,AD002821,4,1,1,212.317,0,1,1,212.317,0,1,1,4.976
S_TRAIN+S_VAL (stability),B3,static,AD002849,3,1,1,329.901,0,0,1,468.026,0,0,1,1.539
S_TRAIN+S_VAL (stability),B3,static,AD002858,3,1,1,520.022,0,0,0,520.022,0,0,0,1.632
S_TRAIN+S_VAL (stability),B3,static,AD002870,3,1,1,218.623,0,1,1,265.251,0,0,1,1.631
S_TRAIN+S_VAL (stability),B3,static,AD002875,4,1,1,100.234,0,1,1,100.234,0,1,1,4.955
S_TRAIN+S_VAL (stability),B3,static,AD002880,3,1,1,240.254,0,1,1,240.254,0,1,1,1.603
S_TRAIN+S_VAL (stability),B3,static,AD002882,6,1,1,158.452,0,1,1,1632.287,0,0,0,1.643
S_TRAIN+S_VAL (stability),B3,static,AD002911,3,1,1,216.162,0,1,1,216.162,0,1,1,1.636
S_TRAIN+S_VAL (stability),B3,static,AD002936,3,1,1,244.459,0,1,1,325.301,0,0,1,1.594
S_TRAIN+S_VAL (stability),B3,static,AD002962,3,1,1,361.314,0,0,1,476.419,0,0,1,1.533
S_TRAIN+S_VAL (stability),B3,static,AD002966,3,1,1,542.382,0,0,0,542.382,0,0,0,1.475
S_TRAIN+S_VAL (stability),B3,static,AD002996,3,1,1,183.498,0,1,1,183.498,0,1,1,1.556
S_TRAIN+S_VAL (stability),B3,static,AD003014,5,1,1,106.823,0,1,1,106.823,0,1,1,4.838
S_TRAIN+S_VAL (stability),B3,static,AD003016,3,1,1,404.383,0,0,1,664.527,0,0,0,12.098
S_TRAIN+S_VAL (stability),B3,static,AD003041,4,1,1,99.139,1,1,1,99.139,1,1,1,4.978
S_TRAIN+S_VAL (stability),B3,static,AD003050,3,1,1,203.889,0,1,1,203.889,0,1,1,1.72
S_TRAIN+S_VAL (stability),B3,static,AD003060,3,1,1,132.89,0,1,1,215.219,0,1,1,4.952
S_TRAIN+S_VAL (stability),B3,static,AD003067,3,1,1,301.886,0,0,1,301.886,0,0,1,5.037
S_TRAIN+S_VAL (stability),B3,static,AD003074,6,1,1,98.267,1,1,1,818.656,0,0,0,1.631
S_TRAIN+S_VAL (stability),B3,static,AD003077,3,1,1,318.999,0,0,1,318.999,0,0,1,1.532
S_TRAIN+S_VAL (stability),B3,static,AD003085,3,1,1,16.682,1,1,1,16.682,1,1,1,1.549
S_TRAIN+S_VAL (stability),B3,all,AD000001,8,1,1,0.0,1,1,1,0.0,1,1,1,12.225
S_TRAIN+S_VAL (stability),B3,all,AD000012,8,1,1,0.0,1,1,1,0.0,1,1,1,1.676
S_TRAIN+S_VAL (stability),B3,all,AD000023,8,1,1,0.0,1,1,1,0.0,1,1,1,1.73
S_TRAIN+S_VAL (stability),B3,all,AD000027,8,1,1,0.0,1,1,1,0.0,1,1,1,1.632
S_TRAIN+S_VAL (stability),B3,all,AD000032,6,1,1,110.888,0,1,1,110.888,0,1,1,4.89
S_TRAIN+S_VAL (stability),B3,all,AD000037,8,1,1,152.948,0,1,1,152.948,0,1,1,1.541
S_TRAIN+S_VAL (stability),B3,all,AD000047,5,1,1,40.478,1,1,1,40.478,1,1,1,1.592
S_TRAIN+S_VAL (stability),B3,all,AD000049,8,1,1,0.0,1,1,1,0.0,1,1,1,5.156
S_TRAIN+S_VAL (stability),B3,all,AD000062,8,1,1,0.0,1,1,1,0.0,1,1,1,1.693
S_TRAIN+S_VAL (stability),B3,all,AD000066,7,1,1,0.0,1,1,1,0.0,1,1,1,1.801
S_TRAIN+S_VAL (stability),B3,all,AD000068,7,1,1,0.0,1,1,1,0.0,1,1,1,4.924
S_TRAIN+S_VAL (stability),B3,all,AD000069,6,1,1,0.0,1,1,1,0.0,1,1,1,1.584
S_TRAIN+S_VAL (stability),B3,all,AD000079,6,1,1,2.0,1,1,1,2.0,1,1,1,4.911
S_TRAIN+S_VAL (stability),B3,all,AD000088,7,1,1,0.0,1,1,1,0.0,1,1,1,1.536
S_TRAIN+S_VAL (stability),B3,all,AD000094,9,1,1,0.0,1,1,1,0.0,1,1,1,5.25
S_TRAIN+S_VAL (stability),B3,all,AD000096,8,1,1,0.0,1,1,1,0.0,1,1,1,5.177
S_TRAIN+S_VAL (stability),B3,all,AD000105,7,1,1,0.0,1,1,1,0.0,1,1,1,1.62
S_TRAIN+S_VAL (stability),B3,all,AD000114,8,1,1,0.0,1,1,1,0.0,1,1,1,1.633
S_TRAIN+S_VAL (stability),B3,all,AD000129,9,1,1,0.0,1,1,1,0.0,1,1,1,5.179
S_TRAIN+S_VAL (stability),B3,all,AD000138,7,1,1,0.0,1,1,1,0.0,1,1,1,1.727
S_TRAIN+S_VAL (stability),B3,all,AD000142,8,1,1,0.0,1,1,1,0.0,1,1,1,1.615
S_TRAIN+S_VAL (stability),B3,all,AD000155,8,1,1,0.0,1,1,1,0.0,1,1,1,5.325
S_TRAIN+S_VAL (stability),B3,all,AD000172,7,1,1,0.0,1,1,1,0.0,1,1,1,5.235
S_TRAIN+S_VAL (stability),B3,all,AD000173,8,1,1,0.0,1,1,1,0.0,1,1,1,4.999
S_TRAIN+S_VAL (stability),B3,all,AD000176,7,1,1,0.0,1,1,1,0.0,1,1,1,41.019
S_TRAIN+S_VAL (stability),B3,all,AD000197,8,1,1,0.0,1,1,1,0.0,1,1,1,1.785
S_TRAIN+S_VAL (stability),B3,all,AD000198,8,1,1,0.0,1,1,1,0.0,1,1,1,1.683
S_TRAIN+S_VAL (stability),B3,all,AD000204,8,1,1,0.0,1,1,1,0.0,1,1,1,1.602
S_TRAIN+S_VAL (stability),B3,all,AD000223,6,1,1,3.0,1,1,1,8.062,1,1,1,1.621
S_TRAIN+S_VAL (stability),B3,all,AD000238,9,1,1,0.0,1,1,1,0.0,1,1,1,5.307
S_TRAIN+S_VAL (stability),B3,all,AD000253,7,1,1,0.0,1,1,1,0.0,1,1,1,1.387
S_TRAIN+S_VAL (stability),B3,all,AD000258,11,1,1,0.0,1,1,1,0.0,1,1,1,1.638
S_TRAIN+S_VAL (stability),B3,all,AD000260,8,1,1,0.0,1,1,1,0.0,1,1,1,1.635
S_TRAIN+S_VAL (stability),B3,all,AD000309,8,1,1,0.0,1,1,1,0.0,1,1,1,1.681
S_TRAIN+S_VAL (stability),B3,all,AD000316,8,1,1,0.0,1,1,1,0.0,1,1,1,5.347
S_TRAIN+S_VAL (stability),B3,all,AD000323,6,1,1,2.0,1,1,1,2.0,1,1,1,4.953
S_TRAIN+S_VAL (stability),B3,all,AD000337,7,1,1,0.0,1,1,1,0.0,1,1,1,1.439
S_TRAIN+S_VAL (stability),B3,all,AD000338,7,1,1,0.0,1,1,1,0.0,1,1,1,4.856
S_TRAIN+S_VAL (stability),B3,all,AD000354,6,1,1,138.668,0,1,1,176.1,0,1,1,1.506
S_TRAIN+S_VAL (stability),B3,all,AD000355,6,1,1,5.0,1,1,1,38.328,1,1,1,1.553
S_TRAIN+S_VAL (stability),B3,all,AD000360,6,1,1,0.0,1,1,1,0.0,1,1,1,4.894
S_TRAIN+S_VAL (stability),B3,all,AD000369,8,1,1,0.0,1,1,1,0.0,1,1,1,5.098
S_TRAIN+S_VAL (stability),B3,all,AD000379,6,1,1,0.0,1,1,1,0.0,1,1,1,1.516
S_TRAIN+S_VAL (stability),B3,all,AD000387,7,1,1,0.0,1,1,1,0.0,1,1,1,1.472
S_TRAIN+S_VAL (stability),B3,all,AD000397,7,1,1,0.0,1,1,1,0.0,1,1,1,1.65
S_TRAIN+S_VAL (stability),B3,all,AD000412,6,1,1,0.0,1,1,1,0.0,1,1,1,4.977
S_TRAIN+S_VAL (stability),B3,all,AD000424,6,1,1,1.803,1,1,1,8.5,1,1,1,4.798
S_TRAIN+S_VAL (stability),B3,all,AD000430,7,1,1,0.0,1,1,1,0.0,1,1,1,1.505
S_TRAIN+S_VAL (stability),B3,all,AD000433,8,1,1,0.0,1,1,1,0.0,1,1,1,5.191
S_TRAIN+S_VAL (stability),B3,all,AD000451,8,1,1,0.0,1,1,1,0.0,1,1,1,1.812
S_TRAIN+S_VAL (stability),B3,all,AD000460,7,1,1,0.0,1,1,1,0.0,1,1,1,4.938
S_TRAIN+S_VAL (stability),B3,all,AD000475,8,1,1,0.0,1,1,1,0.0,1,1,1,5.438
S_TRAIN+S_VAL (stability),B3,all,AD000517,8,1,1,0.0,1,1,1,0.0,1,1,1,1.543
S_TRAIN+S_VAL (stability),B3,all,AD000524,8,1,1,0.0,1,1,1,0.0,1,1,1,1.769
S_TRAIN+S_VAL (stability),B3,all,AD000526,6,1,1,588.165,0,0,0,589.337,0,0,0,44.677
S_TRAIN+S_VAL (stability),B3,all,AD000529,8,1,1,0.0,1,1,1,0.0,1,1,1,23.73
S_TRAIN+S_VAL (stability),B3,all,AD000541,8,1,1,0.0,1,1,1,0.0,1,1,1,5.146
S_TRAIN+S_VAL (stability),B3,all,AD000560,8,1,1,0.0,1,1,1,0.0,1,1,1,21.728
S_TRAIN+S_VAL (stability),B3,all,AD000589,6,1,1,5.701,1,1,1,17.678,1,1,1,1.718
S_TRAIN+S_VAL (stability),B3,all,AD000602,8,1,1,0.0,1,1,1,0.0,1,1,1,1.791
S_TRAIN+S_VAL (stability),B3,all,AD000608,9,1,1,0.0,1,1,1,0.0,1,1,1,5.437
S_TRAIN+S_VAL (stability),B3,all,AD000613,9,1,1,0.0,1,1,1,0.0,1,1,1,5.341
S_TRAIN+S_VAL (stability),B3,all,AD000624,6,1,1,148.705,0,1,1,148.705,0,1,1,1.464
S_TRAIN+S_VAL (stability),B3,all,AD000630,7,1,1,0.0,1,1,1,0.0,1,1,1,1.459
S_TRAIN+S_VAL (stability),B3,all,AD000631,7,1,1,1.118,1,1,1,2.693,1,1,1,5.093
S_TRAIN+S_VAL (stability),B3,all,AD000634,7,1,1,0.0,1,1,1,0.0,1,1,1,4.975
S_TRAIN+S_VAL (stability),B3,all,AD000639,5,1,1,68.889,1,1,1,183.696,0,1,1,1.683
S_TRAIN+S_VAL (stability),B3,all,AD000652,8,1,1,0.0,1,1,1,0.0,1,1,1,1.738
S_TRAIN+S_VAL (stability),B3,all,AD000658,6,1,1,5.59,1,1,1,46.36,1,1,1,1.736
S_TRAIN+S_VAL (stability),B3,all,AD000667,8,1,1,0.0,1,1,1,0.0,1,1,1,1.707
S_TRAIN+S_VAL (stability),B3,all,AD000668,8,1,1,0.0,1,1,1,0.0,1,1,1,1.894
S_TRAIN+S_VAL (stability),B3,all,AD000672,5,1,1,88.551,1,1,1,88.551,1,1,1,5.311
S_TRAIN+S_VAL (stability),B3,all,AD000710,7,1,1,0.0,1,1,1,0.0,1,1,1,1.432
S_TRAIN+S_VAL (stability),B3,all,AD000711,7,1,1,6.083,1,1,1,8.0,1,1,1,5.153
S_TRAIN+S_VAL (stability),B3,all,AD000722,6,1,1,4.5,1,1,1,7.5,1,1,1,5.338
S_TRAIN+S_VAL (stability),B3,all,AD000727,7,1,1,0.0,1,1,1,1.0,1,1,1,5.178
S_TRAIN+S_VAL (stability),B3,all,AD000733,8,1,1,0.0,1,1,1,0.0,1,1,1,28.117
S_TRAIN+S_VAL (stability),B3,all,AD000735,8,1,1,0.0,1,1,1,0.0,1,1,1,1.729
S_TRAIN+S_VAL (stability),B3,all,AD000741,6,1,1,122.761,0,1,1,126.338,0,1,1,1.55
S_TRAIN+S_VAL (stability),B3,all,AD000753,6,1,1,30.647,1,1,1,30.647,1,1,1,1.523
S_TRAIN+S_VAL (stability),B3,all,AD000756,6,1,1,95.73,1,1,1,95.73,1,1,1,1.483
S_TRAIN+S_VAL (stability),B3,all,AD000759,7,1,1,0.0,1,1,1,0.0,1,1,1,1.439
S_TRAIN+S_VAL (stability),B3,all,AD000779,5,1,1,1159.281,0,0,0,1159.281,0,0,0,1.574
S_TRAIN+S_VAL (stability),B3,all,AD000781,9,1,1,0.0,1,1,1,0.0,1,1,1,5.083
S_TRAIN+S_VAL (stability),B3,all,AD000782,7,1,1,0.0,1,1,1,0.0,1,1,1,1.507
S_TRAIN+S_VAL (stability),B3,all,AD000785,10,1,1,0.0,1,1,1,0.0,1,1,1,32.942
S_TRAIN+S_VAL (stability),B3,all,AD000787,8,1,1,0.0,1,1,1,0.0,1,1,1,5.205
S_TRAIN+S_VAL (stability),B3,all,AD000808,9,1,1,0.0,1,1,1,0.0,1,1,1,5.011
S_TRAIN+S_VAL (stability),B3,all,AD000809,8,1,1,0.0,1,1,1,0.0,1,1,1,1.768
S_TRAIN+S_VAL (stability),B3,all,AD000810,8,1,1,0.0,1,1,1,0.0,1,1,1,1.525
S_TRAIN+S_VAL (stability),B3,all,AD000817,8,1,1,0.0,1,1,1,0.0,1,1,1,1.703
S_TRAIN+S_VAL (stability),B3,all,AD000825,7,1,1,0.0,1,1,1,0.0,1,1,1,4.931
S_TRAIN+S_VAL (stability),B3,all,AD000836,8,1,1,0.0,1,1,1,0.0,1,1,1,5.263
S_TRAIN+S_VAL (stability),B3,all,AD000841,7,1,1,0.0,1,1,1,0.0,1,1,1,17.193
S_TRAIN+S_VAL (stability),B3,all,AD000850,7,1,1,0.0,1,1,1,0.0,1,1,1,1.532
S_TRAIN+S_VAL (stability),B3,all,AD000854,8,1,1,0.0,1,1,1,0.0,1,1,1,1.583
S_TRAIN+S_VAL (stability),B3,all,AD000869,7,1,1,4.0,1,1,1,5.0,1,1,1,5.112
S_TRAIN+S_VAL (stability),B3,all,AD000904,7,1,1,0.0,1,1,1,0.0,1,1,1,5.616
S_TRAIN+S_VAL (stability),B3,all,AD000924,11,1,1,0.0,1,1,1,0.0,1,1,1,26.942
S_TRAIN+S_VAL (stability),B3,all,AD000936,8,1,1,0.0,1,1,1,0.0,1,1,1,5.428
S_TRAIN+S_VAL (stability),B3,all,AD000942,7,1,1,0.0,1,1,1,0.0,1,1,1,1.377
S_TRAIN+S_VAL (stability),B3,all,AD000948,6,1,1,1.0,1,1,1,2.0,1,1,1,1.495
S_TRAIN+S_VAL (stability),B3,all,AD000950,8,1,1,0.0,1,1,1,0.0,1,1,1,1.709
S_TRAIN+S_VAL (stability),B3,all,AD000969,7,1,1,0.0,1,1,1,0.0,1,1,1,1.52
S_TRAIN+S_VAL (stability),B3,all,AD000986,8,1,1,0.0,1,1,1,0.0,1,1,1,1.753
S_TRAIN+S_VAL (stability),B3,all,AD001031,8,1,1,0.0,1,1,1,0.0,1,1,1,1.779
S_TRAIN+S_VAL (stability),B3,all,AD001035,8,1,1,0.0,1,1,1,0.0,1,1,1,1.669
S_TRAIN+S_VAL (stability),B3,all,AD001040,8,1,1,0.0,1,1,1,0.0,1,1,1,5.3
S_TRAIN+S_VAL (stability),B3,all,AD001042,8,1,1,0.0,1,1,1,0.0,1,1,1,1.618
S_TRAIN+S_VAL (stability),B3,all,AD001045,8,1,1,0.0,1,1,1,0.0,1,1,1,1.583
S_TRAIN+S_VAL (stability),B3,all,AD001053,8,1,1,0.0,1,1,1,0.0,1,1,1,5.089
S_TRAIN+S_VAL (stability),B3,all,AD001080,11,1,1,0.0,1,1,1,0.0,1,1,1,1.556
S_TRAIN+S_VAL (stability),B3,all,AD001091,8,1,1,0.0,1,1,1,0.0,1,1,1,4.826
S_TRAIN+S_VAL (stability),B3,all,AD001105,6,1,1,2.0,1,1,1,2.0,1,1,1,1.62
S_TRAIN+S_VAL (stability),B3,all,AD001116,8,1,1,0.0,1,1,1,0.0,1,1,1,5.04
S_TRAIN+S_VAL (stability),B3,all,AD001121,9,1,1,0.0,1,1,1,0.0,1,1,1,5.372
S_TRAIN+S_VAL (stability),B3,all,AD001122,7,1,1,0.0,1,1,1,0.0,1,1,1,5.102
S_TRAIN+S_VAL (stability),B3,all,AD001127,6,1,1,15.7,1,1,1,15.7,1,1,1,1.555
S_TRAIN+S_VAL (stability),B3,all,AD001130,7,1,1,0.0,1,1,1,0.0,1,1,1,5.154
S_TRAIN+S_VAL (stability),B3,all,AD001133,7,1,1,0.0,1,1,1,0.0,1,1,1,4.95
S_TRAIN+S_VAL (stability),B3,all,AD001135,6,1,1,79.071,1,1,1,79.071,1,1,1,1.578
S_TRAIN+S_VAL (stability),B3,all,AD001145,8,1,1,0.0,1,1,1,0.0,1,1,1,1.641
S_TRAIN+S_VAL (stability),B3,all,AD001152,9,1,1,0.0,1,1,1,0.0,1,1,1,5.041
S_TRAIN+S_VAL (stability),B3,all,AD001156,11,1,1,0.0,1,1,1,0.0,1,1,1,1.742
S_TRAIN+S_VAL (stability),B3,all,AD001170,8,1,1,0.0,1,1,1,0.0,1,1,1,1.809
S_TRAIN+S_VAL (stability),B3,all,AD001178,7,1,1,0.0,1,1,1,0.0,1,1,1,1.578
S_TRAIN+S_VAL (stability),B3,all,AD001186,8,1,1,0.0,1,1,1,0.0,1,1,1,1.895
S_TRAIN+S_VAL (stability),B3,all,AD001200,8,1,1,0.0,1,1,1,0.0,1,1,1,5.17
S_TRAIN+S_VAL (stability),B3,all,AD001212,10,1,1,0.0,1,1,1,0.0,1,1,1,5.167
S_TRAIN+S_VAL (stability),B3,all,AD001223,7,1,1,0.0,1,1,1,0.0,1,1,1,1.546
S_TRAIN+S_VAL (stability),B3,all,AD001232,8,1,1,0.0,1,1,1,0.0,1,1,1,1.648
S_TRAIN+S_VAL (stability),B3,all,AD001236,7,1,1,0.0,1,1,1,0.0,1,1,1,1.721
S_TRAIN+S_VAL (stability),B3,all,AD001254,9,1,1,0.0,1,1,1,0.0,1,1,1,5.781
S_TRAIN+S_VAL (stability),B3,all,AD001268,5,1,1,196.329,0,1,1,196.329,0,1,1,1.503
S_TRAIN+S_VAL (stability),B3,all,AD001272,8,1,1,0.0,1,1,1,0.0,1,1,1,1.75
S_TRAIN+S_VAL (stability),B3,all,AD001294,13,1,1,0.0,1,1,1,0.0,1,1,1,5.294
S_TRAIN+S_VAL (stability),B3,all,AD001314,8,1,1,0.0,1,1,1,0.0,1,1,1,1.694
S_TRAIN+S_VAL (stability),B3,all,AD001324,8,1,1,0.0,1,1,1,0.0,1,1,1,1.592
S_TRAIN+S_VAL (stability),B3,all,AD001339,7,1,1,118.052,0,1,1,119.085,0,1,1,5.038
S_TRAIN+S_VAL (stability),B3,all,AD001352,7,1,1,3.0,1,1,1,5.0,1,1,1,5.211
S_TRAIN+S_VAL (stability),B3,all,AD001357,7,1,1,0.0,1,1,1,0.0,1,1,1,1.501
S_TRAIN+S_VAL (stability),B3,all,AD001363,7,1,1,0.0,1,1,1,0.0,1,1,1,1.553
S_TRAIN+S_VAL (stability),B3,all,AD001364,7,1,1,0.0,1,1,1,0.0,1,1,1,1.477
S_TRAIN+S_VAL (stability),B3,all,AD001380,8,1,1,0.0,1,1,1,0.0,1,1,1,1.678
S_TRAIN+S_VAL (stability),B3,all,AD001408,8,1,1,0.0,1,1,1,0.0,1,1,1,22.825
S_TRAIN+S_VAL (stability),B3,all,AD001416,8,1,1,0.0,1,1,1,0.0,1,1,1,5.237
S_TRAIN+S_VAL (stability),B3,all,AD001422,6,1,1,7.0,1,1,1,7.0,1,1,1,1.869
S_TRAIN+S_VAL (stability),B3,all,AD001447,6,1,1,2.0,1,1,1,2.0,1,1,1,1.648
S_TRAIN+S_VAL (stability),B3,all,AD001462,9,1,1,0.0,1,1,1,0.0,1,1,1,5.445
S_TRAIN+S_VAL (stability),B3,all,AD001465,8,1,1,0.0,1,1,1,0.0,1,1,1,4.961
S_TRAIN+S_VAL (stability),B3,all,AD001479,6,1,1,0.0,1,1,1,0.0,1,1,1,1.58
S_TRAIN+S_VAL (stability),B3,all,AD001495,10,1,1,0.0,1,1,1,38.328,1,1,1,5.313
S_TRAIN+S_VAL (stability),B3,all,AD001499,8,1,1,0.0,1,1,1,0.0,1,1,1,1.763
S_TRAIN+S_VAL (stability),B3,all,AD001505,8,1,1,0.0,1,1,1,0.0,1,1,1,1.745
S_TRAIN+S_VAL (stability),B3,all,AD001509,8,1,1,0.0,1,1,1,0.0,1,1,1,1.699
S_TRAIN+S_VAL (stability),B3,all,AD001521,7,1,1,0.0,1,1,1,0.0,1,1,1,1.648
S_TRAIN+S_VAL (stability),B3,all,AD001523,8,1,1,0.0,1,1,1,0.0,1,1,1,17.755
S_TRAIN+S_VAL (stability),B3,all,AD001539,8,1,1,0.0,1,1,1,0.0,1,1,1,1.598
S_TRAIN+S_VAL (stability),B3,all,AD001540,7,1,1,0.0,1,1,1,0.0,1,1,1,1.721
S_TRAIN+S_VAL (stability),B3,all,AD001551,6,1,1,141.902,0,1,1,141.902,0,1,1,1.524
S_TRAIN+S_VAL (stability),B3,all,AD001554,7,1,1,0.0,1,1,1,0.0,1,1,1,1.482
S_TRAIN+S_VAL (stability),B3,all,AD001555,8,1,1,0.0,1,1,1,0.0,1,1,1,5.28
S_TRAIN+S_VAL (stability),B3,all,AD001578,6,1,1,0.0,1,1,1,0.0,1,1,1,5.244
S_TRAIN+S_VAL (stability),B3,all,AD001581,8,1,1,0.0,1,1,1,0.0,1,1,1,27.321
S_TRAIN+S_VAL (stability),B3,all,AD001587,7,1,1,0.0,1,1,1,0.0,1,1,1,1.592
S_TRAIN+S_VAL (stability),B3,all,AD001619,7,1,1,0.0,1,1,1,0.0,1,1,1,1.481
S_TRAIN+S_VAL (stability),B3,all,AD001627,12,1,1,0.0,1,1,1,0.0,1,1,1,4.86
S_TRAIN+S_VAL (stability),B3,all,AD001638,6,1,1,6.0,1,1,1,15.0,1,1,1,1.579
S_TRAIN+S_VAL (stability),B3,all,AD001647,8,1,1,0.0,1,1,1,0.0,1,1,1,4.882
S_TRAIN+S_VAL (stability),B3,all,AD001662,7,1,1,0.0,1,1,1,0.0,1,1,1,1.553
S_TRAIN+S_VAL (stability),B3,all,AD001689,7,1,1,0.0,1,1,1,0.0,1,1,1,1.579
S_TRAIN+S_VAL (stability),B3,all,AD001697,6,1,1,1.118,1,1,1,7.566,1,1,1,1.581
S_TRAIN+S_VAL (stability),B3,all,AD001700,7,1,1,0.0,1,1,1,0.0,1,1,1,1.492
S_TRAIN+S_VAL (stability),B3,all,AD001713,8,1,1,0.0,1,1,1,0.0,1,1,1,5.138
S_TRAIN+S_VAL (stability),B3,all,AD001722,9,1,1,0.0,1,1,1,0.0,1,1,1,1.869
S_TRAIN+S_VAL (stability),B3,all,AD001726,7,1,1,0.0,1,1,1,0.0,1,1,1,1.549
S_TRAIN+S_VAL (stability),B3,all,AD001731,6,1,1,31.0,1,1,1,42.0,1,1,1,1.53
S_TRAIN+S_VAL (stability),B3,all,AD001738,7,1,1,0.0,1,1,1,0.0,1,1,1,34.9
S_TRAIN+S_VAL (stability),B3,all,AD001741,7,1,1,0.0,1,1,1,0.0,1,1,1,2.033
S_TRAIN+S_VAL (stability),B3,all,AD001742,7,1,1,0.0,1,1,1,0.0,1,1,1,22.497
S_TRAIN+S_VAL (stability),B3,all,AD001746,8,1,1,0.0,1,1,1,0.0,1,1,1,1.708
S_TRAIN+S_VAL (stability),B3,all,AD001753,9,1,1,0.0,1,1,1,0.0,1,1,1,5.251
S_TRAIN+S_VAL (stability),B3,all,AD001760,8,1,1,0.0,1,1,1,0.0,1,1,1,5.324
S_TRAIN+S_VAL (stability),B3,all,AD001767,5,1,1,156.644,0,1,1,156.644,0,1,1,4.887
S_TRAIN+S_VAL (stability),B3,all,AD001779,7,1,1,0.0,1,1,1,0.0,1,1,1,1.483
S_TRAIN+S_VAL (stability),B3,all,AD001788,7,1,1,0.0,1,1,1,18.868,1,1,1,4.939
S_TRAIN+S_VAL (stability),B3,all,AD001792,10,1,1,8.631,1,1,1,8.631,1,1,1,33.397
S_TRAIN+S_VAL (stability),B3,all,AD001794,8,1,1,0.0,1,1,1,0.0,1,1,1,1.751
S_TRAIN+S_VAL (stability),B3,all,AD001812,8,1,1,0.0,1,1,1,0.0,1,1,1,5.153
S_TRAIN+S_VAL (stability),B3,all,AD001815,8,1,1,0.0,1,1,1,0.0,1,1,1,1.724
S_TRAIN+S_VAL (stability),B3,all,AD001821,8,1,1,0.0,1,1,1,0.0,1,1,1,5.424
S_TRAIN+S_VAL (stability),B3,all,AD001879,7,1,1,0.0,1,1,1,0.0,1,1,1,1.806
S_TRAIN+S_VAL (stability),B3,all,AD001880,5,1,1,736.448,0,0,0,736.448,0,0,0,1.563
S_TRAIN+S_VAL (stability),B3,all,AD001891,7,1,1,0.0,1,1,1,6.325,1,1,1,4.971
S_TRAIN+S_VAL (stability),B3,all,AD001923,7,1,1,0.0,1,1,1,0.0,1,1,1,1.427
S_TRAIN+S_VAL (stability),B3,all,AD001937,7,1,1,0.0,1,1,1,0.0,1,1,1,1.679
S_TRAIN+S_VAL (stability),B3,all,AD001954,8,1,1,0.0,1,1,1,0.0,1,1,1,1.803
S_TRAIN+S_VAL (stability),B3,all,AD001972,8,1,1,0.0,1,1,1,0.0,1,1,1,1.636
S_TRAIN+S_VAL (stability),B3,all,AD001973,11,1,1,0.0,1,1,1,0.0,1,1,1,5.476
S_TRAIN+S_VAL (stability),B3,all,AD001995,5,1,1,148.268,0,1,1,190.145,0,1,1,21.026
S_TRAIN+S_VAL (stability),B3,all,AD001996,10,1,1,0.0,1,1,1,0.0,1,1,1,4.911
S_TRAIN+S_VAL (stability),B3,all,AD002027,8,1,1,0.0,1,1,1,0.0,1,1,1,1.729
S_TRAIN+S_VAL (stability),B3,all,AD002045,7,1,1,0.0,1,1,1,0.0,1,1,1,5.14
S_TRAIN+S_VAL (stability),B3,all,AD002057,4,1,1,182.227,0,1,1,182.227,0,1,1,43.395
S_TRAIN+S_VAL (stability),B3,all,AD002060,8,1,1,0.0,1,1,1,0.0,1,1,1,2.211
S_TRAIN+S_VAL (stability),B3,all,AD002061,7,1,1,0.0,1,1,1,0.0,1,1,1,1.674
S_TRAIN+S_VAL (stability),B3,all,AD002067,6,1,1,5.025,1,1,1,17.923,1,1,1,1.586
S_TRAIN+S_VAL (stability),B3,all,AD002069,8,1,1,0.0,1,1,1,0.0,1,1,1,5.278
S_TRAIN+S_VAL (stability),B3,all,AD002070,5,1,1,1838.564,0,0,0,2011.34,0,0,0,1.344
S_TRAIN+S_VAL (stability),B3,all,AD002074,7,1,1,0.0,1,1,1,0.0,1,1,1,5.406
S_TRAIN+S_VAL (stability),B3,all,AD002089,8,1,1,0.0,1,1,1,0.0,1,1,1,1.589
S_TRAIN+S_VAL (stability),B3,all,AD002096,9,1,1,0.0,1,1,1,0.0,1,1,1,5.325
S_TRAIN+S_VAL (stability),B3,all,AD002103,8,1,1,0.0,1,1,1,0.0,1,1,1,5.16
S_TRAIN+S_VAL (stability),B3,all,AD002112,9,1,1,0.0,1,1,1,0.0,1,1,1,4.835
S_TRAIN+S_VAL (stability),B3,all,AD002123,6,1,1,2.236,1,1,1,2.236,1,1,1,1.615
S_TRAIN+S_VAL (stability),B3,all,AD002131,8,1,1,0.0,1,1,1,0.0,1,1,1,1.463
S_TRAIN+S_VAL (stability),B3,all,AD002134,8,1,1,0.0,1,1,1,0.0,1,1,1,6.009
S_TRAIN+S_VAL (stability),B3,all,AD002138,9,1,1,0.0,1,1,1,0.0,1,1,1,4.995
S_TRAIN+S_VAL (stability),B3,all,AD002154,8,1,1,0.0,1,1,1,0.0,1,1,1,5.279
S_TRAIN+S_VAL (stability),B3,all,AD002176,7,1,1,0.0,1,1,1,0.0,1,1,1,1.636
S_TRAIN+S_VAL (stability),B3,all,AD002181,6,1,1,4.0,1,1,1,6.0,1,1,1,1.677
S_TRAIN+S_VAL (stability),B3,all,AD002194,8,1,1,0.0,1,1,1,0.0,1,1,1,1.607
S_TRAIN+S_VAL (stability),B3,all,AD002197,8,1,1,0.0,1,1,1,0.0,1,1,1,5.252
S_TRAIN+S_VAL (stability),B3,all,AD002244,8,1,1,0.0,1,1,1,0.0,1,1,1,1.729
S_TRAIN+S_VAL (stability),B3,all,AD002245,7,1,1,0.0,1,1,1,0.0,1,1,1,2.075
S_TRAIN+S_VAL (stability),B3,all,AD002251,7,1,1,0.0,1,1,1,0.0,1,1,1,1.542
S_TRAIN+S_VAL (stability),B3,all,AD002253,8,1,1,0.0,1,1,1,0.0,1,1,1,1.989
S_TRAIN+S_VAL (stability),B3,all,AD002270,6,1,1,0.0,1,1,1,0.0,1,1,1,5.034
S_TRAIN+S_VAL (stability),B3,all,AD002299,8,1,1,0.0,1,1,1,0.0,1,1,1,1.625
S_TRAIN+S_VAL (stability),B3,all,AD002332,11,1,1,0.0,1,1,1,0.0,1,1,1,5.641
S_TRAIN+S_VAL (stability),B3,all,AD002333,12,1,1,0.0,1,1,1,0.0,1,1,1,1.821
S_TRAIN+S_VAL (stability),B3,all,AD002357,8,1,1,0.0,1,1,1,0.0,1,1,1,1.711
S_TRAIN+S_VAL (stability),B3,all,AD002362,8,1,1,0.0,1,1,1,0.0,1,1,1,1.676
S_TRAIN+S_VAL (stability),B3,all,AD002412,8,1,1,91.093,1,1,1,94.921,1,1,1,5.206
S_TRAIN+S_VAL (stability),B3,all,AD002415,8,1,1,128.812,0,1,1,2540.825,0,0,0,4.876
S_TRAIN+S_VAL (stability),B3,all,AD002416,5,1,1,1613.944,0,0,0,1970.533,0,0,0,4.84
S_TRAIN+S_VAL (stability),B3,all,AD002424,7,1,1,0.0,1,1,1,0.0,1,1,1,1.421
S_TRAIN+S_VAL (stability),B3,all,AD002458,9,1,1,0.0,1,1,1,0.0,1,1,1,5.113
S_TRAIN+S_VAL (stability),B3,all,AD002466,8,1,1,0.0,1,1,1,0.0,1,1,1,4.94
S_TRAIN+S_VAL (stability),B3,all,AD002485,12,1,1,0.0,1,1,1,0.0,1,1,1,5.276
S_TRAIN+S_VAL (stability),B3,all,AD002490,8,1,1,0.0,1,1,1,0.0,1,1,1,1.598
S_TRAIN+S_VAL (stability),B3,all,AD002499,7,1,1,0.0,1,1,1,0.0,1,1,1,1.558
S_TRAIN+S_VAL (stability),B3,all,AD002504,8,1,1,0.0,1,1,1,0.0,1,1,1,22.485
S_TRAIN+S_VAL (stability),B3,all,AD002509,8,1,1,0.0,1,1,1,0.0,1,1,1,17.089
S_TRAIN+S_VAL (stability),B3,all,AD002535,10,1,1,0.0,1,1,1,0.0,1,1,1,4.892
S_TRAIN+S_VAL (stability),B3,all,AD002566,8,1,1,0.0,1,1,1,0.0,1,1,1,5.171
S_TRAIN+S_VAL (stability),B3,all,AD002579,8,1,1,0.0,1,1,1,0.0,1,1,1,1.544
S_TRAIN+S_VAL (stability),B3,all,AD002583,8,1,1,0.0,1,1,1,0.0,1,1,1,1.637
S_TRAIN+S_VAL (stability),B3,all,AD002606,5,1,1,85.555,1,1,1,184.408,0,1,1,1.306
S_TRAIN+S_VAL (stability),B3,all,AD002621,8,1,1,0.0,1,1,1,0.0,1,1,1,5.284
S_TRAIN+S_VAL (stability),B3,all,AD002633,7,1,1,0.0,1,1,1,0.0,1,1,1,4.856
S_TRAIN+S_VAL (stability),B3,all,AD002637,10,1,1,0.0,1,1,1,0.0,1,1,1,1.553
S_TRAIN+S_VAL (stability),B3,all,AD002661,11,1,1,0.0,1,1,1,0.0,1,1,1,1.699
S_TRAIN+S_VAL (stability),B3,all,AD002663,6,1,1,0.0,1,1,1,12.042,1,1,1,1.401
S_TRAIN+S_VAL (stability),B3,all,AD002664,7,1,1,0.0,1,1,1,0.0,1,1,1,1.548
S_TRAIN+S_VAL (stability),B3,all,AD002673,6,1,1,5.701,1,1,1,5.701,1,1,1,1.64
S_TRAIN+S_VAL (stability),B3,all,AD002685,5,1,1,155.081,0,1,1,155.081,0,1,1,32.132
S_TRAIN+S_VAL (stability),B3,all,AD002691,9,1,1,0.0,1,1,1,0.0,1,1,1,1.674
S_TRAIN+S_VAL (stability),B3,all,AD002696,6,1,1,156.029,0,1,1,156.029,0,1,1,17.41
S_TRAIN+S_VAL (stability),B3,all,AD002711,6,1,1,0.0,1,1,1,0.0,1,1,1,4.986
S_TRAIN+S_VAL (stability),B3,all,AD002728,8,1,1,40.954,1,1,1,43.603,1,1,1,5.015
S_TRAIN+S_VAL (stability),B3,all,AD002737,8,1,1,0.0,1,1,1,0.0,1,1,1,5.236
S_TRAIN+S_VAL (stability),B3,all,AD002748,8,1,1,0.0,1,1,1,0.0,1,1,1,1.441
S_TRAIN+S_VAL (stability),B3,all,AD002751,8,1,1,0.0,1,1,1,0.0,1,1,1,1.995
S_TRAIN+S_VAL (stability),B3,all,AD002763,7,1,1,0.0,1,1,1,0.0,1,1,1,1.382
S_TRAIN+S_VAL (stability),B3,all,AD002764,5,1,1,19.454,1,1,1,38.161,1,1,1,4.89
S_TRAIN+S_VAL (stability),B3,all,AD002796,4,1,1,59.76,1,1,1,59.76,1,1,1,9.024
S_TRAIN+S_VAL (stability),B3,all,AD002802,8,1,1,0.0,1,1,1,0.0,1,1,1,5.021
S_TRAIN+S_VAL (stability),B3,all,AD002808,6,1,1,162.98,0,1,1,162.98,0,1,1,4.944
S_TRAIN+S_VAL (stability),B3,all,AD002809,7,1,1,0.0,1,1,1,0.0,1,1,1,1.461
S_TRAIN+S_VAL (stability),B3,all,AD002819,8,1,1,1.803,1,1,1,1.803,1,1,1,1.62
S_TRAIN+S_VAL (stability),B3,all,AD002821,9,1,1,0.0,1,1,1,0.0,1,1,1,4.976
S_TRAIN+S_VAL (stability),B3,all,AD002849,6,1,1,5.0,1,1,1,16.643,1,1,1,1.539
S_TRAIN+S_VAL (stability),B3,all,AD002858,8,1,1,0.0,1,1,1,0.0,1,1,1,1.632
S_TRAIN+S_VAL (stability),B3,all,AD002870,8,1,1,0.0,1,1,1,0.0,1,1,1,1.631
S_TRAIN+S_VAL (stability),B3,all,AD002875,8,1,1,0.0,1,1,1,0.0,1,1,1,4.955
S_TRAIN+S_VAL (stability),B3,all,AD002880,8,1,1,0.0,1,1,1,0.0,1,1,1,1.603
S_TRAIN+S_VAL (stability),B3,all,AD002882,11,1,1,0.0,1,1,1,0.0,1,1,1,1.643
S_TRAIN+S_VAL (stability),B3,all,AD002911,8,1,1,0.0,1,1,1,0.0,1,1,1,1.636
S_TRAIN+S_VAL (stability),B3,all,AD002936,7,1,1,0.0,1,1,1,0.0,1,1,1,1.594
S_TRAIN+S_VAL (stability),B3,all,AD002962,8,1,1,0.0,1,1,1,0.0,1,1,1,1.533
S_TRAIN+S_VAL (stability),B3,all,AD002966,8,1,1,0.0,1,1,1,0.0,1,1,1,1.475
S_TRAIN+S_VAL (stability),B3,all,AD002996,7,1,1,0.0,1,1,1,0.0,1,1,1,1.556
S_TRAIN+S_VAL (stability),B3,all,AD003014,9,1,1,0.0,1,1,1,0.0,1,1,1,4.838
S_TRAIN+S_VAL (stability),B3,all,AD003016,6,1,1,117.209,0,1,1,117.209,0,1,1,12.098
S_TRAIN+S_VAL (stability),B3,all,AD003041,8,1,1,0.0,1,1,1,0.0,1,1,1,4.978
S_TRAIN+S_VAL (stability),B3,all,AD003050,8,1,1,0.0,1,1,1,0.0,1,1,1,1.72
S_TRAIN+S_VAL (stability),B3,all,AD003060,8,1,1,0.0,1,1,1,0.0,1,1,1,4.952
S_TRAIN+S_VAL (stability),B3,all,AD003067,8,1,1,0.0,1,1,1,0.0,1,1,1,5.037
S_TRAIN+S_VAL (stability),B3,all,AD003074,11,1,1,0.0,1,1,1,0.0,1,1,1,1.631
S_TRAIN+S_VAL (stability),B3,all,AD003077,8,1,1,0.0,1,1,1,0.0,1,1,1,1.532
S_TRAIN+S_VAL (stability),B3,all,AD003085,8,1,1,0.0,1,1,1,0.0,1,1,1,1.549
S_TRAIN+S_VAL (stability),B4,static,AD000001,3,1,1,90.403,1,1,1,108.593,0,1,1,222.341
S_TRAIN+S_VAL (stability),B4,static,AD000012,3,1,1,121.264,0,1,1,121.264,0,1,1,1.677
S_TRAIN+S_VAL (stability),B4,static,AD000023,3,1,1,381.158,0,0,1,381.158,0,0,1,1.683
S_TRAIN+S_VAL (stability),B4,static,AD000027,3,1,1,164.502,0,1,1,319.555,0,0,1,1.661
S_TRAIN+S_VAL (stability),B4,static,AD000032,3,1,1,415.992,0,0,1,466.514,0,0,1,4.965
S_TRAIN+S_VAL (stability),B4,static,AD000037,6,1,1,160.972,0,1,1,1302.431,0,0,0,1.491
S_TRAIN+S_VAL (stability),B4,static,AD000047,3,1,1,431.46,0,0,1,560.169,0,0,0,1.576
S_TRAIN+S_VAL (stability),B4,static,AD000049,3,1,1,348.54,0,0,1,348.54,0,0,1,5.168
S_TRAIN+S_VAL (stability),B4,static,AD000062,3,1,1,65.157,1,1,1,171.811,0,1,1,1.8
S_TRAIN+S_VAL (stability),B4,static,AD000066,3,1,1,40.602,1,1,1,373.431,0,0,1,1.78
S_TRAIN+S_VAL (stability),B4,static,AD000068,3,1,1,187.628,0,1,1,187.628,0,1,1,4.913
S_TRAIN+S_VAL (stability),B4,static,AD000069,3,1,1,630.283,0,0,0,764.138,0,0,0,1.752
S_TRAIN+S_VAL (stability),B4,static,AD000079,3,1,1,165.369,0,1,1,165.369,0,1,1,5.169
S_TRAIN+S_VAL (stability),B4,static,AD000088,3,1,1,56.43,1,1,1,56.43,1,1,1,1.639
S_TRAIN+S_VAL (stability),B4,static,AD000094,5,1,1,75.701,1,1,1,75.701,1,1,1,5.087
S_TRAIN+S_VAL (stability),B4,static,AD000096,3,1,1,338.155,0,0,1,355.067,0,0,1,5.189
S_TRAIN+S_VAL (stability),B4,static,AD000105,3,1,1,447.63,0,0,1,586.055,0,0,0,1.709
S_TRAIN+S_VAL (stability),B4,static,AD000114,3,1,1,74.165,1,1,1,74.165,1,1,1,1.624
S_TRAIN+S_VAL (stability),B4,static,AD000129,4,1,1,523.526,0,0,0,630.789,0,0,0,5.332
S_TRAIN+S_VAL (stability),B4,static,AD000138,3,1,1,48.487,1,1,1,156.387,0,1,1,1.787
S_TRAIN+S_VAL (stability),B4,static,AD000142,3,1,1,145.525,0,1,1,145.525,0,1,1,1.661
S_TRAIN+S_VAL (stability),B4,static,AD000155,3,1,1,44.643,1,1,1,44.643,1,1,1,5.454
S_TRAIN+S_VAL (stability),B4,static,AD000172,3,1,1,304.109,0,0,1,304.109,0,0,1,5.095
S_TRAIN+S_VAL (stability),B4,static,AD000173,3,1,1,242.711,0,1,1,242.711,0,1,1,5.277
S_TRAIN+S_VAL (stability),B4,static,AD000176,3,1,1,343.193,0,0,1,343.193,0,0,1,208.861
S_TRAIN+S_VAL (stability),B4,static,AD000197,3,1,1,150.741,0,1,1,460.47,0,0,1,1.763
S_TRAIN+S_VAL (stability),B4,static,AD000198,3,1,1,204.444,0,1,1,399.858,0,0,1,1.709
S_TRAIN+S_VAL (stability),B4,static,AD000204,3,1,1,131.042,0,1,1,131.042,0,1,1,1.631
S_TRAIN+S_VAL (stability),B4,static,AD000223,3,1,1,297.433,0,0,1,297.433,0,0,1,1.633
S_TRAIN+S_VAL (stability),B4,static,AD000238,4,1,1,33.767,1,1,1,33.767,1,1,1,5.179
S_TRAIN+S_VAL (stability),B4,static,AD000253,3,1,1,166.756,0,1,1,166.756,0,1,1,1.392
S_TRAIN+S_VAL (stability),B4,static,AD000258,7,1,1,251.0,0,0,1,2224.758,0,0,0,1.632
S_TRAIN+S_VAL (stability),B4,static,AD000260,3,1,1,244.712,0,1,1,244.712,0,1,1,1.617
S_TRAIN+S_VAL (stability),B4,static,AD000309,3,1,1,254.285,0,0,1,254.285,0,0,1,1.644
S_TRAIN+S_VAL (stability),B4,static,AD000316,3,1,1,57.073,1,1,1,57.073,1,1,1,5.354
S_TRAIN+S_VAL (stability),B4,static,AD000323,3,1,1,79.699,1,1,1,79.699,1,1,1,4.912
S_TRAIN+S_VAL (stability),B4,static,AD000337,3,1,1,30.585,1,1,1,30.585,1,1,1,1.514
S_TRAIN+S_VAL (stability),B4,static,AD000338,3,1,1,338.916,0,0,1,338.916,0,0,1,4.87
S_TRAIN+S_VAL (stability),B4,static,AD000354,3,1,1,138.668,0,1,1,138.668,0,1,1,1.497
S_TRAIN+S_VAL (stability),B4,static,AD000355,3,1,1,272.932,0,0,1,272.932,0,0,1,1.526
S_TRAIN+S_VAL (stability),B4,static,AD000360,3,1,1,364.144,0,0,1,364.144,0,0,1,5.142
S_TRAIN+S_VAL (stability),B4,static,AD000369,3,1,1,121.08,0,1,1,121.08,0,1,1,5.34
S_TRAIN+S_VAL (stability),B4,static,AD000379,3,1,1,540.336,0,0,0,728.854,0,0,0,1.548
S_TRAIN+S_VAL (stability),B4,static,AD000387,3,1,1,278.708,0,0,1,302.318,0,0,1,1.48
S_TRAIN+S_VAL (stability),B4,static,AD000397,3,1,1,81.298,1,1,1,263.528,0,0,1,1.64
S_TRAIN+S_VAL (stability),B4,static,AD000412,3,1,1,226.165,0,1,1,226.165,0,1,1,5.016
S_TRAIN+S_VAL (stability),B4,static,AD000424,3,1,1,146.899,0,1,1,146.899,0,1,1,5.086
S_TRAIN+S_VAL (stability),B4,static,AD000430,3,1,1,147.474,0,1,1,170.972,0,1,1,1.377
S_TRAIN+S_VAL (stability),B4,static,AD000433,4,1,1,523.238,0,0,0,2045.598,0,0,0,5.099
S_TRAIN+S_VAL (stability),B4,static,AD000451,3,1,1,340.478,0,0,1,384.221,0,0,1,1.726
S_TRAIN+S_VAL (stability),B4,static,AD000460,3,1,1,240.484,0,1,1,248.907,0,1,1,5.023
S_TRAIN+S_VAL (stability),B4,static,AD000475,3,1,1,184.642,0,1,1,387.754,0,0,1,5.222
S_TRAIN+S_VAL (stability),B4,static,AD000517,3,1,1,93.418,1,1,1,93.418,1,1,1,1.511
S_TRAIN+S_VAL (stability),B4,static,AD000524,3,1,1,149.958,0,1,1,149.958,0,1,1,1.695
S_TRAIN+S_VAL (stability),B4,static,AD000526,3,1,1,832.488,0,0,0,852.128,0,0,0,213.845
S_TRAIN+S_VAL (stability),B4,static,AD000529,3,1,1,88.168,1,1,1,110.001,0,1,1,221.619
S_TRAIN+S_VAL (stability),B4,static,AD000541,3,1,1,274.462,0,0,1,274.462,0,0,1,5.269
S_TRAIN+S_VAL (stability),B4,static,AD000560,3,1,1,412.681,0,0,1,412.681,0,0,1,116.92
S_TRAIN+S_VAL (stability),B4,static,AD000589,3,1,1,276.584,0,0,1,337.894,0,0,1,1.558
S_TRAIN+S_VAL (stability),B4,static,AD000602,3,1,1,317.322,0,0,1,319.707,0,0,1,1.613
S_TRAIN+S_VAL (stability),B4,static,AD000608,4,1,1,297.686,0,0,1,297.686,0,0,1,5.34
S_TRAIN+S_VAL (stability),B4,static,AD000613,4,1,1,324.211,0,0,1,331.051,0,0,1,5.13
S_TRAIN+S_VAL (stability),B4,static,AD000624,4,1,1,576.438,0,0,0,1392.849,0,0,0,1.415
S_TRAIN+S_VAL (stability),B4,static,AD000630,3,1,1,212.896,0,1,1,219.042,0,1,1,1.418
S_TRAIN+S_VAL (stability),B4,static,AD000631,4,1,1,273.457,0,0,1,278.238,0,0,1,5.739
S_TRAIN+S_VAL (stability),B4,static,AD000634,3,1,1,544.149,0,0,0,670.439,0,0,0,4.905
S_TRAIN+S_VAL (stability),B4,static,AD000639,3,1,1,68.889,1,1,1,126.421,0,1,1,1.649
S_TRAIN+S_VAL (stability),B4,static,AD000652,3,1,1,166.513,0,1,1,166.513,0,1,1,1.683
S_TRAIN+S_VAL (stability),B4,static,AD000658,3,1,1,319.558,0,0,1,535.327,0,0,0,1.567
S_TRAIN+S_VAL (stability),B4,static,AD000667,3,1,1,486.411,0,0,1,620.642,0,0,0,1.841
S_TRAIN+S_VAL (stability),B4,static,AD000668,3,1,1,110.386,0,1,1,110.386,0,1,1,1.666
S_TRAIN+S_VAL (stability),B4,static,AD000672,3,1,1,127.919,0,1,1,127.919,0,1,1,4.981
S_TRAIN+S_VAL (stability),B4,static,AD000710,3,1,1,315.092,0,0,1,464.85,0,0,1,1.447
S_TRAIN+S_VAL (stability),B4,static,AD000711,4,1,1,300.083,0,0,1,300.083,0,0,1,4.852
S_TRAIN+S_VAL (stability),B4,static,AD000722,3,1,1,360.067,0,0,1,360.067,0,0,1,5.013
S_TRAIN+S_VAL (stability),B4,static,AD000727,4,1,1,131.751,0,1,1,131.751,0,1,1,5.151
S_TRAIN+S_VAL (stability),B4,static,AD000733,3,1,1,188.101,0,1,1,245.596,0,1,1,223.223
S_TRAIN+S_VAL (stability),B4,static,AD000735,3,1,1,244.406,0,1,1,273.629,0,0,1,1.751
S_TRAIN+S_VAL (stability),B4,static,AD000741,3,1,1,122.761,0,1,1,122.761,0,1,1,1.546
S_TRAIN+S_VAL (stability),B4,static,AD000753,3,1,1,374.894,0,0,1,374.894,0,0,1,1.55
S_TRAIN+S_VAL (stability),B4,static,AD000756,3,1,1,194.267,0,1,1,221.641,0,1,1,1.558
S_TRAIN+S_VAL (stability),B4,static,AD000759,3,1,1,93.304,1,1,1,93.304,1,1,1,1.423
S_TRAIN+S_VAL (stability),B4,static,AD000779,3,1,1,1270.469,0,0,0,1270.469,0,0,0,1.578
S_TRAIN+S_VAL (stability),B4,static,AD000781,4,1,1,100.846,0,1,1,141.313,0,1,1,5.334
S_TRAIN+S_VAL (stability),B4,static,AD000782,3,1,1,374.849,0,0,1,374.849,0,0,1,1.531
S_TRAIN+S_VAL (stability),B4,static,AD000785,6,1,1,323.556,0,0,1,1029.123,0,0,0,224.967
S_TRAIN+S_VAL (stability),B4,static,AD000787,3,1,1,16.819,1,1,1,16.819,1,1,1,5.212
S_TRAIN+S_VAL (stability),B4,static,AD000808,4,1,1,114.664,0,1,1,401.552,0,0,1,5.158
S_TRAIN+S_VAL (stability),B4,static,AD000809,3,1,1,496.101,0,0,1,496.101,0,0,1,1.716
S_TRAIN+S_VAL (stability),B4,static,AD000810,3,1,1,490.75,0,0,1,667.845,0,0,0,1.625
S_TRAIN+S_VAL (stability),B4,static,AD000817,3,1,1,233.947,0,1,1,233.947,0,1,1,1.711
S_TRAIN+S_VAL (stability),B4,static,AD000825,3,1,1,55.1,1,1,1,55.1,1,1,1,5.092
S_TRAIN+S_VAL (stability),B4,static,AD000836,4,1,1,306.573,0,0,1,396.888,0,0,1,5.155
S_TRAIN+S_VAL (stability),B4,static,AD000841,3,1,1,292.843,0,0,1,292.843,0,0,1,205.227
S_TRAIN+S_VAL (stability),B4,static,AD000850,3,1,1,168.423,0,1,1,316.332,0,0,1,1.496
S_TRAIN+S_VAL (stability),B4,static,AD000854,3,1,1,490.741,0,0,1,608.084,0,0,0,1.571
S_TRAIN+S_VAL (stability),B4,static,AD000869,4,1,1,58.667,1,1,1,229.127,0,1,1,5.221
S_TRAIN+S_VAL (stability),B4,static,AD000904,3,1,1,265.391,0,0,1,265.391,0,0,1,4.983
S_TRAIN+S_VAL (stability),B4,static,AD000924,6,1,1,342.963,0,0,1,343.702,0,0,1,209.037
S_TRAIN+S_VAL (stability),B4,static,AD000936,3,1,1,364.652,0,0,1,364.652,0,0,1,5.318
S_TRAIN+S_VAL (stability),B4,static,AD000942,3,1,1,72.575,1,1,1,72.575,1,1,1,1.489
S_TRAIN+S_VAL (stability),B4,static,AD000948,3,1,1,141.998,0,1,1,195.983,0,1,1,1.545
S_TRAIN+S_VAL (stability),B4,static,AD000950,3,1,1,415.048,0,0,1,430.427,0,0,1,1.665
S_TRAIN+S_VAL (stability),B4,static,AD000969,3,1,1,73.828,1,1,1,73.828,1,1,1,2.567
S_TRAIN+S_VAL (stability),B4,static,AD000986,3,1,1,22.02,1,1,1,22.02,1,1,1,1.698
S_TRAIN+S_VAL (stability),B4,static,AD001031,3,1,1,138.994,0,1,1,142.05,0,1,1,1.7
S_TRAIN+S_VAL (stability),B4,static,AD001035,3,1,1,614.284,0,0,0,614.284,0,0,0,1.789
S_TRAIN+S_VAL (stability),B4,static,AD001040,3,1,1,110.505,0,1,1,110.505,0,1,1,5.172
S_TRAIN+S_VAL (stability),B4,static,AD001042,3,1,1,27.237,1,1,1,27.237,1,1,1,1.718
S_TRAIN+S_VAL (stability),B4,static,AD001045,3,1,1,260.787,0,0,1,260.787,0,0,1,1.616
S_TRAIN+S_VAL (stability),B4,static,AD001053,4,1,1,104.832,0,1,1,111.114,0,1,1,5.219
S_TRAIN+S_VAL (stability),B4,static,AD001080,7,1,1,190.432,0,1,1,190.432,0,1,1,1.579
S_TRAIN+S_VAL (stability),B4,static,AD001091,4,1,1,67.339,1,1,1,67.339,1,1,1,5.034
S_TRAIN+S_VAL (stability),B4,static,AD001105,3,1,1,444.251,0,0,1,459.324,0,0,1,1.818
S_TRAIN+S_VAL (stability),B4,static,AD001116,4,1,1,28.827,1,1,1,28.827,1,1,1,4.976
S_TRAIN+S_VAL (stability),B4,static,AD001121,4,1,1,115.333,0,1,1,115.333,0,1,1,5.296
S_TRAIN+S_VAL (stability),B4,static,AD001122,3,1,1,304.007,0,0,1,378.993,0,0,1,7.695
S_TRAIN+S_VAL (stability),B4,static,AD001127,3,1,1,229.544,0,1,1,229.544,0,1,1,2.216
S_TRAIN+S_VAL (stability),B4,static,AD001130,3,1,1,118.209,0,1,1,118.209,0,1,1,5.246
S_TRAIN+S_VAL (stability),B4,static,AD001133,3,1,1,168.974,0,1,1,168.974,0,1,1,5.019
S_TRAIN+S_VAL (stability),B4,static,AD001135,3,1,1,184.695,0,1,1,184.695,0,1,1,1.677
S_TRAIN+S_VAL (stability),B4,static,AD001145,3,1,1,47.432,1,1,1,47.432,1,1,1,3.436
S_TRAIN+S_VAL (stability),B4,static,AD001152,4,1,1,164.683,0,1,1,164.683,0,1,1,5.335
S_TRAIN+S_VAL (stability),B4,static,AD001156,6,1,1,140.057,0,1,1,140.057,0,1,1,1.774
S_TRAIN+S_VAL (stability),B4,static,AD001170,3,1,1,165.887,0,1,1,165.887,0,1,1,1.795
S_TRAIN+S_VAL (stability),B4,static,AD001178,3,1,1,266.681,0,0,1,435.97,0,0,1,1.447
S_TRAIN+S_VAL (stability),B4,static,AD001186,3,1,1,155.618,0,1,1,406.339,0,0,1,1.812
S_TRAIN+S_VAL (stability),B4,static,AD001200,4,1,1,259.091,0,0,1,397.126,0,0,1,5.364
S_TRAIN+S_VAL (stability),B4,static,AD001212,6,1,1,586.031,0,0,0,1630.448,0,0,0,5.255
S_TRAIN+S_VAL (stability),B4,static,AD001223,3,1,1,68.118,1,1,1,68.118,1,1,1,1.529
S_TRAIN+S_VAL (stability),B4,static,AD001232,3,1,1,139.564,0,1,1,139.564,0,1,1,1.627
S_TRAIN+S_VAL (stability),B4,static,AD001236,3,1,1,460.182,0,0,1,460.182,0,0,1,1.652
S_TRAIN+S_VAL (stability),B4,static,AD001254,4,1,1,177.545,0,1,1,177.545,0,1,1,7.476
S_TRAIN+S_VAL (stability),B4,static,AD001268,3,1,1,318.791,0,0,1,452.607,0,0,1,1.809
S_TRAIN+S_VAL (stability),B4,static,AD001272,3,1,1,359.736,0,0,1,437.513,0,0,1,3.155
S_TRAIN+S_VAL (stability),B4,static,AD001294,8,1,1,340.935,0,0,1,1623.747,0,0,0,5.654
S_TRAIN+S_VAL (stability),B4,static,AD001314,3,1,1,127.278,0,1,1,127.278,0,1,1,1.767
S_TRAIN+S_VAL (stability),B4,static,AD001324,3,1,1,17.056,1,1,1,17.056,1,1,1,1.688
S_TRAIN+S_VAL (stability),B4,static,AD001339,4,1,1,334.842,0,0,1,356.319,0,0,1,4.858
S_TRAIN+S_VAL (stability),B4,static,AD001352,4,1,1,194.035,0,1,1,194.035,0,1,1,5.28
S_TRAIN+S_VAL (stability),B4,static,AD001357,3,1,1,214.084,0,1,1,271.159,0,0,1,1.559
S_TRAIN+S_VAL (stability),B4,static,AD001363,3,1,1,372.266,0,0,1,483.889,0,0,1,1.554
S_TRAIN+S_VAL (stability),B4,static,AD001364,3,1,1,286.773,0,0,1,286.773,0,0,1,1.549
S_TRAIN+S_VAL (stability),B4,static,AD001380,3,1,1,169.53,0,1,1,169.53,0,1,1,1.838
S_TRAIN+S_VAL (stability),B4,static,AD001408,3,1,1,137.242,0,1,1,494.721,0,0,1,219.775
S_TRAIN+S_VAL (stability),B4,static,AD001416,3,1,1,60.559,1,1,1,60.559,1,1,1,5.409
S_TRAIN+S_VAL (stability),B4,static,AD001422,3,1,1,362.907,0,0,1,362.907,0,0,1,1.717
S_TRAIN+S_VAL (stability),B4,static,AD001447,3,1,1,151.867,0,1,1,151.867,0,1,1,1.582
S_TRAIN+S_VAL (stability),B4,static,AD001462,4,1,1,391.66,0,0,1,429.362,0,0,1,5.215
S_TRAIN+S_VAL (stability),B4,static,AD001465,3,1,1,364.64,0,0,1,473.339,0,0,1,5.813
S_TRAIN+S_VAL (stability),B4,static,AD001479,3,1,1,579.372,0,0,0,669.168,0,0,0,1.582
S_TRAIN+S_VAL (stability),B4,static,AD001495,7,1,1,378.662,0,0,1,472.797,0,0,1,5.05
S_TRAIN+S_VAL (stability),B4,static,AD001499,3,1,1,92.125,1,1,1,92.125,1,1,1,1.944
S_TRAIN+S_VAL (stability),B4,static,AD001505,3,1,1,99.561,1,1,1,99.561,1,1,1,1.949
S_TRAIN+S_VAL (stability),B4,static,AD001509,3,1,1,573.657,0,0,0,578.906,0,0,0,1.775
S_TRAIN+S_VAL (stability),B4,static,AD001521,3,1,1,304.96,0,0,1,419.052,0,0,1,2.437
S_TRAIN+S_VAL (stability),B4,static,AD001523,3,1,1,326.644,0,0,1,354.348,0,0,1,242.473
S_TRAIN+S_VAL (stability),B4,static,AD001539,3,1,1,154.721,0,1,1,154.721,0,1,1,1.48
S_TRAIN+S_VAL (stability),B4,static,AD001540,3,1,1,170.946,0,1,1,170.946,0,1,1,1.496
S_TRAIN+S_VAL (stability),B4,static,AD001551,3,1,1,551.817,0,0,0,779.139,0,0,0,1.43
S_TRAIN+S_VAL (stability),B4,static,AD001554,3,1,1,122.705,0,1,1,142.904,0,1,1,1.408
S_TRAIN+S_VAL (stability),B4,static,AD001555,3,1,1,232.754,0,1,1,323.581,0,0,1,5.299
S_TRAIN+S_VAL (stability),B4,static,AD001578,3,1,1,117.904,0,1,1,117.904,0,1,1,5.033
S_TRAIN+S_VAL (stability),B4,static,AD001581,3,1,1,121.891,0,1,1,121.891,0,1,1,220.428
S_TRAIN+S_VAL (stability),B4,static,AD001587,3,1,1,424.637,0,0,1,424.637,0,0,1,1.498
S_TRAIN+S_VAL (stability),B4,static,AD001619,3,1,1,104.472,0,1,1,104.472,0,1,1,1.478
S_TRAIN+S_VAL (stability),B4,static,AD001627,7,1,1,255.731,0,0,1,407.821,0,0,1,5.148
S_TRAIN+S_VAL (stability),B4,static,AD001638,3,1,1,301.118,0,0,1,319.686,0,0,1,1.601
S_TRAIN+S_VAL (stability),B4,static,AD001647,3,1,1,112.468,0,1,1,152.158,0,1,1,4.92
S_TRAIN+S_VAL (stability),B4,static,AD001662,3,1,1,212.139,0,1,1,431.003,0,0,1,1.575
S_TRAIN+S_VAL (stability),B4,static,AD001689,3,1,1,115.462,0,1,1,115.462,0,1,1,1.586
S_TRAIN+S_VAL (stability),B4,static,AD001697,3,1,1,148.802,0,1,1,148.802,0,1,1,1.678
S_TRAIN+S_VAL (stability),B4,static,AD001700,3,1,1,23.483,1,1,1,23.483,1,1,1,1.848
S_TRAIN+S_VAL (stability),B4,static,AD001713,3,1,1,2.163,1,1,1,2.163,1,1,1,5.402
S_TRAIN+S_VAL (stability),B4,static,AD001722,4,1,1,376.948,0,0,1,1332.773,0,0,0,2.935
S_TRAIN+S_VAL (stability),B4,static,AD001726,3,1,1,44.471,1,1,1,44.471,1,1,1,1.686
S_TRAIN+S_VAL (stability),B4,static,AD001731,3,1,1,85.387,1,1,1,85.387,1,1,1,1.546
S_TRAIN+S_VAL (stability),B4,static,AD001738,3,1,1,250.635,0,0,1,262.395,0,0,1,232.593
S_TRAIN+S_VAL (stability),B4,static,AD001741,3,1,1,159.227,0,1,1,159.227,0,1,1,1.644
S_TRAIN+S_VAL (stability),B4,static,AD001742,3,1,1,320.581,0,0,1,320.581,0,0,1,221.833
S_TRAIN+S_VAL (stability),B4,static,AD001746,3,1,1,298.984,0,0,1,311.005,0,0,1,1.78
S_TRAIN+S_VAL (stability),B4,static,AD001753,4,1,1,85.468,1,1,1,85.468,1,1,1,5.372
S_TRAIN+S_VAL (stability),B4,static,AD001760,3,1,1,376.147,0,0,1,376.147,0,0,1,5.155
S_TRAIN+S_VAL (stability),B4,static,AD001767,3,1,1,188.518,0,1,1,188.518,0,1,1,5.209
S_TRAIN+S_VAL (stability),B4,static,AD001779,3,1,1,139.212,0,1,1,139.212,0,1,1,1.541
S_TRAIN+S_VAL (stability),B4,static,AD001788,4,1,1,185.065,0,1,1,364.04,0,0,1,5.073
S_TRAIN+S_VAL (stability),B4,static,AD001792,7,1,1,68.019,1,1,1,68.019,1,1,1,214.359
S_TRAIN+S_VAL (stability),B4,static,AD001794,3,1,1,261.739,0,0,1,304.36,0,0,1,1.705
S_TRAIN+S_VAL (stability),B4,static,AD001812,4,1,1,189.717,0,1,1,428.837,0,0,1,4.969
S_TRAIN+S_VAL (stability),B4,static,AD001815,3,1,1,365.02,0,0,1,365.02,0,0,1,1.699
S_TRAIN+S_VAL (stability),B4,static,AD001821,3,1,1,68.236,1,1,1,68.236,1,1,1,5.429
S_TRAIN+S_VAL (stability),B4,static,AD001879,3,1,1,258.424,0,0,1,258.424,0,0,1,1.678
S_TRAIN+S_VAL (stability),B4,static,AD001880,3,1,1,826.704,0,0,0,826.704,0,0,0,1.768
S_TRAIN+S_VAL (stability),B4,static,AD001891,4,1,1,393.628,0,0,1,441.467,0,0,1,5.056
S_TRAIN+S_VAL (stability),B4,static,AD001923,3,1,1,173.908,0,1,1,181.824,0,1,1,1.489
S_TRAIN+S_VAL (stability),B4,static,AD001937,3,1,1,40.553,1,1,1,40.553,1,1,1,1.596
S_TRAIN+S_VAL (stability),B4,static,AD001954,3,1,1,490.272,0,0,1,497.427,0,0,1,1.741
S_TRAIN+S_VAL (stability),B4,static,AD001972,3,1,1,64.154,1,1,1,64.154,1,1,1,1.589
S_TRAIN+S_VAL (stability),B4,static,AD001973,6,1,1,303.133,0,0,1,1495.194,0,0,0,5.182
S_TRAIN+S_VAL (stability),B4,static,AD001995,3,1,1,148.268,0,1,1,148.268,0,1,1,213.23
S_TRAIN+S_VAL (stability),B4,static,AD001996,7,1,1,200.441,0,1,1,200.441,0,1,1,4.838
S_TRAIN+S_VAL (stability),B4,static,AD002027,3,1,1,216.82,0,1,1,258.132,0,0,1,1.743
S_TRAIN+S_VAL (stability),B4,static,AD002045,3,1,1,176.434,0,1,1,176.434,0,1,1,4.961
S_TRAIN+S_VAL (stability),B4,static,AD002057,3,1,1,1224.483,0,0,0,1224.483,0,0,0,47.445
S_TRAIN+S_VAL (stability),B4,static,AD002060,3,1,1,163.64,0,1,1,163.64,0,1,1,2.927
S_TRAIN+S_VAL (stability),B4,static,AD002061,3,1,1,148.318,0,1,1,148.318,0,1,1,1.808
S_TRAIN+S_VAL (stability),B4,static,AD002067,3,1,1,181.338,0,1,1,181.338,0,1,1,1.584
S_TRAIN+S_VAL (stability),B4,static,AD002069,4,1,1,131.309,0,1,1,148.362,0,1,1,5.073
S_TRAIN+S_VAL (stability),B4,static,AD002070,3,1,1,1838.564,0,0,0,1838.564,0,0,0,1.404
S_TRAIN+S_VAL (stability),B4,static,AD002074,3,1,1,45.414,1,1,1,45.414,1,1,1,5.027
S_TRAIN+S_VAL (stability),B4,static,AD002089,3,1,1,222.236,0,1,1,274.665,0,0,1,1.601
S_TRAIN+S_VAL (stability),B4,static,AD002096,4,1,1,196.144,0,1,1,196.144,0,1,1,5.22
S_TRAIN+S_VAL (stability),B4,static,AD002103,3,1,1,505.207,0,0,0,525.531,0,0,0,5.161
S_TRAIN+S_VAL (stability),B4,static,AD002112,4,1,1,73.237,1,1,1,73.237,1,1,1,5.048
S_TRAIN+S_VAL (stability),B4,static,AD002123,3,1,1,186.671,0,1,1,259.821,0,0,1,1.661
S_TRAIN+S_VAL (stability),B4,static,AD002131,3,1,1,213.082,0,1,1,213.082,0,1,1,1.64
S_TRAIN+S_VAL (stability),B4,static,AD002134,3,1,1,87.328,1,1,1,95.892,1,1,1,5.283
S_TRAIN+S_VAL (stability),B4,static,AD002138,4,1,1,186.074,0,1,1,186.074,0,1,1,5.033
S_TRAIN+S_VAL (stability),B4,static,AD002154,3,1,1,318.425,0,0,1,318.425,0,0,1,5.186
S_TRAIN+S_VAL (stability),B4,static,AD002176,3,1,1,368.01,0,0,1,440.986,0,0,1,1.602
S_TRAIN+S_VAL (stability),B4,static,AD002181,3,1,1,36.676,1,1,1,36.676,1,1,1,1.65
S_TRAIN+S_VAL (stability),B4,static,AD002194,3,1,1,330.334,0,0,1,330.334,0,0,1,1.643
S_TRAIN+S_VAL (stability),B4,static,AD002197,4,1,1,50.408,1,1,1,50.408,1,1,1,5.093
S_TRAIN+S_VAL (stability),B4,static,AD002244,3,1,1,1110.568,0,0,0,1110.568,0,0,0,2.473
S_TRAIN+S_VAL (stability),B4,static,AD002245,3,1,1,100.242,0,1,1,100.242,0,1,1,2.421
S_TRAIN+S_VAL (stability),B4,static,AD002251,3,1,1,441.991,0,0,1,488.531,0,0,1,1.829
S_TRAIN+S_VAL (stability),B4,static,AD002253,3,1,1,329.605,0,0,1,376.755,0,0,1,2.088
S_TRAIN+S_VAL (stability),B4,static,AD002270,3,1,1,181.447,0,1,1,282.725,0,0,1,5.01
S_TRAIN+S_VAL (stability),B4,static,AD002299,3,1,1,360.794,0,0,1,360.794,0,0,1,1.627
S_TRAIN+S_VAL (stability),B4,static,AD002332,6,1,1,392.431,0,0,1,1527.992,0,0,0,5.472
S_TRAIN+S_VAL (stability),B4,static,AD002333,7,1,1,427.12,0,0,1,627.699,0,0,0,1.906
S_TRAIN+S_VAL (stability),B4,static,AD002357,3,1,1,226.477,0,1,1,226.477,0,1,1,1.705
S_TRAIN+S_VAL (stability),B4,static,AD002362,3,1,1,45.404,1,1,1,45.404,1,1,1,1.738
S_TRAIN+S_VAL (stability),B4,static,AD002412,5,1,1,224.703,0,1,1,379.36,0,0,1,5.071
S_TRAIN+S_VAL (stability),B4,static,AD002415,5,1,1,128.812,0,1,1,2668.133,0,0,0,5.155
S_TRAIN+S_VAL (stability),B4,static,AD002416,3,1,1,1613.944,0,0,0,1613.944,0,0,0,5.054
S_TRAIN+S_VAL (stability),B4,static,AD002424,3,1,1,42.104,1,1,1,42.104,1,1,1,1.421
S_TRAIN+S_VAL (stability),B4,static,AD002458,5,1,1,31.428,1,1,1,371.058,0,0,1,5.03
S_TRAIN+S_VAL (stability),B4,static,AD002466,3,1,1,283.952,0,0,1,288.353,0,0,1,5.029
S_TRAIN+S_VAL (stability),B4,static,AD002485,8,1,1,159.05,0,1,1,1488.776,0,0,0,5.203
S_TRAIN+S_VAL (stability),B4,static,AD002490,3,1,1,253.11,0,0,1,419.0,0,0,1,1.661
S_TRAIN+S_VAL (stability),B4,static,AD002499,3,1,1,133.431,0,1,1,187.103,0,1,1,1.545
S_TRAIN+S_VAL (stability),B4,static,AD002504,3,1,1,185.528,0,1,1,185.528,0,1,1,217.924
S_TRAIN+S_VAL (stability),B4,static,AD002509,3,1,1,135.661,0,1,1,135.661,0,1,1,227.11
S_TRAIN+S_VAL (stability),B4,static,AD002535,5,1,1,373.48,0,0,1,373.48,0,0,1,8.041
S_TRAIN+S_VAL (stability),B4,static,AD002566,4,1,1,171.073,0,1,1,184.765,0,1,1,5.168
S_TRAIN+S_VAL (stability),B4,static,AD002579,3,1,1,283.325,0,0,1,289.137,0,0,1,1.569
S_TRAIN+S_VAL (stability),B4,static,AD002583,3,1,1,309.94,0,0,1,309.94,0,0,1,1.616
S_TRAIN+S_VAL (stability),B4,static,AD002606,3,1,1,85.555,1,1,1,85.555,1,1,1,1.388
S_TRAIN+S_VAL (stability),B4,static,AD002621,3,1,1,21.134,1,1,1,21.134,1,1,1,5.369
S_TRAIN+S_VAL (stability),B4,static,AD002633,3,1,1,106.349,0,1,1,106.349,0,1,1,4.94
S_TRAIN+S_VAL (stability),B4,static,AD002637,5,1,1,91.777,1,1,1,118.022,0,1,1,1.771
S_TRAIN+S_VAL (stability),B4,static,AD002661,6,1,1,316.701,0,0,1,316.701,0,0,1,1.977
S_TRAIN+S_VAL (stability),B4,static,AD002663,3,1,1,1280.649,0,0,0,1280.649,0,0,0,1.502
S_TRAIN+S_VAL (stability),B4,static,AD002664,3,1,1,133.831,0,1,1,133.831,0,1,1,1.639
S_TRAIN+S_VAL (stability),B4,static,AD002673,3,1,1,228.513,0,1,1,229.151,0,1,1,1.765
S_TRAIN+S_VAL (stability),B4,static,AD002685,3,1,1,265.422,0,0,1,265.422,0,0,1,215.881
S_TRAIN+S_VAL (stability),B4,static,AD002691,6,1,1,426.968,0,0,1,1631.933,0,0,0,1.68
S_TRAIN+S_VAL (stability),B4,static,AD002696,4,1,1,544.383,0,0,0,624.376,0,0,0,215.354
S_TRAIN+S_VAL (stability),B4,static,AD002711,3,1,1,792.599,0,0,0,794.753,0,0,0,5.314
S_TRAIN+S_VAL (stability),B4,static,AD002728,5,1,1,141.898,0,1,1,585.363,0,0,0,5.138
S_TRAIN+S_VAL (stability),B4,static,AD002737,4,1,1,188.476,0,1,1,188.476,0,1,1,5.509
S_TRAIN+S_VAL (stability),B4,static,AD002748,3,1,1,160.171,0,1,1,160.171,0,1,1,1.709
S_TRAIN+S_VAL (stability),B4,static,AD002751,3,1,1,131.817,0,1,1,190.385,0,1,1,1.713
S_TRAIN+S_VAL (stability),B4,static,AD002763,3,1,1,167.829,0,1,1,167.829,0,1,1,1.465
S_TRAIN+S_VAL (stability),B4,static,AD002764,3,1,1,19.454,1,1,1,19.454,1,1,1,4.993
S_TRAIN+S_VAL (stability),B4,static,AD002796,2,1,1,2968.077,0,0,0,2968.077,0,0,0,11.733
S_TRAIN+S_VAL (stability),B4,static,AD002802,3,1,1,251.194,0,0,1,251.194,0,0,1,5.079
S_TRAIN+S_VAL (stability),B4,static,AD002808,3,1,1,173.962,0,1,1,452.074,0,0,1,5.275
S_TRAIN+S_VAL (stability),B4,static,AD002809,3,1,1,197.466,0,1,1,197.466,0,1,1,1.557
S_TRAIN+S_VAL (stability),B4,static,AD002819,5,1,1,406.75,0,0,1,1095.517,0,0,0,1.766
S_TRAIN+S_VAL (stability),B4,static,AD002821,4,1,1,212.317,0,1,1,212.317,0,1,1,5.249
S_TRAIN+S_VAL (stability),B4,static,AD002849,3,1,1,329.901,0,0,1,468.026,0,0,1,1.611
S_TRAIN+S_VAL (stability),B4,static,AD002858,3,1,1,520.022,0,0,0,520.022,0,0,0,1.742
S_TRAIN+S_VAL (stability),B4,static,AD002870,3,1,1,218.623,0,1,1,265.251,0,0,1,1.622
S_TRAIN+S_VAL (stability),B4,static,AD002875,4,1,1,100.234,0,1,1,100.234,0,1,1,5.224
S_TRAIN+S_VAL (stability),B4,static,AD002880,3,1,1,240.254,0,1,1,240.254,0,1,1,1.682
S_TRAIN+S_VAL (stability),B4,static,AD002882,6,1,1,158.452,0,1,1,1632.287,0,0,0,1.669
S_TRAIN+S_VAL (stability),B4,static,AD002911,3,1,1,216.162,0,1,1,216.162,0,1,1,1.705
S_TRAIN+S_VAL (stability),B4,static,AD002936,3,1,1,244.459,0,1,1,325.301,0,0,1,1.629
S_TRAIN+S_VAL (stability),B4,static,AD002962,3,1,1,361.314,0,0,1,476.419,0,0,1,1.712
S_TRAIN+S_VAL (stability),B4,static,AD002966,3,1,1,542.382,0,0,0,542.382,0,0,0,1.623
S_TRAIN+S_VAL (stability),B4,static,AD002996,3,1,1,183.498,0,1,1,183.498,0,1,1,1.533
S_TRAIN+S_VAL (stability),B4,static,AD003014,5,1,1,106.823,0,1,1,106.823,0,1,1,4.871
S_TRAIN+S_VAL (stability),B4,static,AD003016,3,1,1,404.383,0,0,1,664.527,0,0,0,224.154
S_TRAIN+S_VAL (stability),B4,static,AD003041,4,1,1,99.139,1,1,1,99.139,1,1,1,4.985
S_TRAIN+S_VAL (stability),B4,static,AD003050,3,1,1,203.889,0,1,1,203.889,0,1,1,1.686
S_TRAIN+S_VAL (stability),B4,static,AD003060,3,1,1,132.89,0,1,1,215.219,0,1,1,5.249
S_TRAIN+S_VAL (stability),B4,static,AD003067,3,1,1,301.886,0,0,1,301.886,0,0,1,5.163
S_TRAIN+S_VAL (stability),B4,static,AD003074,6,1,1,98.267,1,1,1,818.656,0,0,0,1.659
S_TRAIN+S_VAL (stability),B4,static,AD003077,3,1,1,318.999,0,0,1,318.999,0,0,1,1.61
S_TRAIN+S_VAL (stability),B4,static,AD003085,3,1,1,16.682,1,1,1,16.682,1,1,1,1.654
S_TRAIN+S_VAL (stability),B4,all,AD000001,8,1,1,0.0,1,1,1,0.0,1,1,1,222.341
S_TRAIN+S_VAL (stability),B4,all,AD000012,8,1,1,0.0,1,1,1,0.0,1,1,1,1.677
S_TRAIN+S_VAL (stability),B4,all,AD000023,8,1,1,0.0,1,1,1,0.0,1,1,1,1.683
S_TRAIN+S_VAL (stability),B4,all,AD000027,8,1,1,0.0,1,1,1,0.0,1,1,1,1.661
S_TRAIN+S_VAL (stability),B4,all,AD000032,6,1,1,110.888,0,1,1,110.888,0,1,1,4.965
S_TRAIN+S_VAL (stability),B4,all,AD000037,8,1,1,152.948,0,1,1,152.948,0,1,1,1.491
S_TRAIN+S_VAL (stability),B4,all,AD000047,5,1,1,40.478,1,1,1,40.478,1,1,1,1.576
S_TRAIN+S_VAL (stability),B4,all,AD000049,8,1,1,0.0,1,1,1,0.0,1,1,1,5.168
S_TRAIN+S_VAL (stability),B4,all,AD000062,8,1,1,0.0,1,1,1,0.0,1,1,1,1.8
S_TRAIN+S_VAL (stability),B4,all,AD000066,7,1,1,0.0,1,1,1,0.0,1,1,1,1.78
S_TRAIN+S_VAL (stability),B4,all,AD000068,7,1,1,0.0,1,1,1,0.0,1,1,1,4.913
S_TRAIN+S_VAL (stability),B4,all,AD000069,6,1,1,0.0,1,1,1,0.0,1,1,1,1.752
S_TRAIN+S_VAL (stability),B4,all,AD000079,6,1,1,2.0,1,1,1,2.0,1,1,1,5.169
S_TRAIN+S_VAL (stability),B4,all,AD000088,7,1,1,0.0,1,1,1,0.0,1,1,1,1.639
S_TRAIN+S_VAL (stability),B4,all,AD000094,9,1,1,0.0,1,1,1,0.0,1,1,1,5.087
S_TRAIN+S_VAL (stability),B4,all,AD000096,8,1,1,0.0,1,1,1,0.0,1,1,1,5.189
S_TRAIN+S_VAL (stability),B4,all,AD000105,7,1,1,0.0,1,1,1,0.0,1,1,1,1.709
S_TRAIN+S_VAL (stability),B4,all,AD000114,8,1,1,0.0,1,1,1,0.0,1,1,1,1.624
S_TRAIN+S_VAL (stability),B4,all,AD000129,9,1,1,0.0,1,1,1,0.0,1,1,1,5.332
S_TRAIN+S_VAL (stability),B4,all,AD000138,7,1,1,0.0,1,1,1,0.0,1,1,1,1.787
S_TRAIN+S_VAL (stability),B4,all,AD000142,8,1,1,0.0,1,1,1,0.0,1,1,1,1.661
S_TRAIN+S_VAL (stability),B4,all,AD000155,8,1,1,0.0,1,1,1,0.0,1,1,1,5.454
S_TRAIN+S_VAL (stability),B4,all,AD000172,7,1,1,0.0,1,1,1,0.0,1,1,1,5.095
S_TRAIN+S_VAL (stability),B4,all,AD000173,8,1,1,0.0,1,1,1,0.0,1,1,1,5.277
S_TRAIN+S_VAL (stability),B4,all,AD000176,7,1,1,0.0,1,1,1,0.0,1,1,1,208.861
S_TRAIN+S_VAL (stability),B4,all,AD000197,8,1,1,0.0,1,1,1,0.0,1,1,1,1.763
S_TRAIN+S_VAL (stability),B4,all,AD000198,8,1,1,0.0,1,1,1,0.0,1,1,1,1.709
S_TRAIN+S_VAL (stability),B4,all,AD000204,8,1,1,0.0,1,1,1,0.0,1,1,1,1.631
S_TRAIN+S_VAL (stability),B4,all,AD000223,6,1,1,3.0,1,1,1,8.062,1,1,1,1.633
S_TRAIN+S_VAL (stability),B4,all,AD000238,9,1,1,0.0,1,1,1,0.0,1,1,1,5.179
S_TRAIN+S_VAL (stability),B4,all,AD000253,7,1,1,0.0,1,1,1,0.0,1,1,1,1.392
S_TRAIN+S_VAL (stability),B4,all,AD000258,11,1,1,0.0,1,1,1,0.0,1,1,1,1.632
S_TRAIN+S_VAL (stability),B4,all,AD000260,8,1,1,0.0,1,1,1,0.0,1,1,1,1.617
S_TRAIN+S_VAL (stability),B4,all,AD000309,8,1,1,0.0,1,1,1,0.0,1,1,1,1.644
S_TRAIN+S_VAL (stability),B4,all,AD000316,8,1,1,0.0,1,1,1,0.0,1,1,1,5.354
S_TRAIN+S_VAL (stability),B4,all,AD000323,6,1,1,2.0,1,1,1,2.0,1,1,1,4.912
S_TRAIN+S_VAL (stability),B4,all,AD000337,7,1,1,0.0,1,1,1,0.0,1,1,1,1.514
S_TRAIN+S_VAL (stability),B4,all,AD000338,7,1,1,0.0,1,1,1,0.0,1,1,1,4.87
S_TRAIN+S_VAL (stability),B4,all,AD000354,6,1,1,138.668,0,1,1,176.1,0,1,1,1.497
S_TRAIN+S_VAL (stability),B4,all,AD000355,6,1,1,5.0,1,1,1,38.328,1,1,1,1.526
S_TRAIN+S_VAL (stability),B4,all,AD000360,6,1,1,0.0,1,1,1,0.0,1,1,1,5.142
S_TRAIN+S_VAL (stability),B4,all,AD000369,8,1,1,0.0,1,1,1,0.0,1,1,1,5.34
S_TRAIN+S_VAL (stability),B4,all,AD000379,6,1,1,0.0,1,1,1,0.0,1,1,1,1.548
S_TRAIN+S_VAL (stability),B4,all,AD000387,7,1,1,0.0,1,1,1,0.0,1,1,1,1.48
S_TRAIN+S_VAL (stability),B4,all,AD000397,7,1,1,0.0,1,1,1,0.0,1,1,1,1.64
S_TRAIN+S_VAL (stability),B4,all,AD000412,6,1,1,0.0,1,1,1,0.0,1,1,1,5.016
S_TRAIN+S_VAL (stability),B4,all,AD000424,6,1,1,1.803,1,1,1,8.5,1,1,1,5.086
S_TRAIN+S_VAL (stability),B4,all,AD000430,7,1,1,0.0,1,1,1,0.0,1,1,1,1.377
S_TRAIN+S_VAL (stability),B4,all,AD000433,8,1,1,0.0,1,1,1,0.0,1,1,1,5.099
S_TRAIN+S_VAL (stability),B4,all,AD000451,8,1,1,0.0,1,1,1,0.0,1,1,1,1.726
S_TRAIN+S_VAL (stability),B4,all,AD000460,7,1,1,0.0,1,1,1,0.0,1,1,1,5.023
S_TRAIN+S_VAL (stability),B4,all,AD000475,8,1,1,0.0,1,1,1,0.0,1,1,1,5.222
S_TRAIN+S_VAL (stability),B4,all,AD000517,8,1,1,0.0,1,1,1,0.0,1,1,1,1.511
S_TRAIN+S_VAL (stability),B4,all,AD000524,8,1,1,0.0,1,1,1,0.0,1,1,1,1.695
S_TRAIN+S_VAL (stability),B4,all,AD000526,6,1,1,588.165,0,0,0,589.337,0,0,0,213.845
S_TRAIN+S_VAL (stability),B4,all,AD000529,8,1,1,0.0,1,1,1,0.0,1,1,1,221.619
S_TRAIN+S_VAL (stability),B4,all,AD000541,8,1,1,0.0,1,1,1,0.0,1,1,1,5.269
S_TRAIN+S_VAL (stability),B4,all,AD000560,8,1,1,0.0,1,1,1,0.0,1,1,1,116.92
S_TRAIN+S_VAL (stability),B4,all,AD000589,6,1,1,5.701,1,1,1,17.678,1,1,1,1.558
S_TRAIN+S_VAL (stability),B4,all,AD000602,8,1,1,0.0,1,1,1,0.0,1,1,1,1.613
S_TRAIN+S_VAL (stability),B4,all,AD000608,9,1,1,0.0,1,1,1,0.0,1,1,1,5.34
S_TRAIN+S_VAL (stability),B4,all,AD000613,9,1,1,0.0,1,1,1,0.0,1,1,1,5.13
S_TRAIN+S_VAL (stability),B4,all,AD000624,6,1,1,148.705,0,1,1,148.705,0,1,1,1.415
S_TRAIN+S_VAL (stability),B4,all,AD000630,7,1,1,0.0,1,1,1,0.0,1,1,1,1.418
S_TRAIN+S_VAL (stability),B4,all,AD000631,7,1,1,1.118,1,1,1,2.693,1,1,1,5.739
S_TRAIN+S_VAL (stability),B4,all,AD000634,7,1,1,0.0,1,1,1,0.0,1,1,1,4.905
S_TRAIN+S_VAL (stability),B4,all,AD000639,5,1,1,68.889,1,1,1,183.696,0,1,1,1.649
S_TRAIN+S_VAL (stability),B4,all,AD000652,8,1,1,0.0,1,1,1,0.0,1,1,1,1.683
S_TRAIN+S_VAL (stability),B4,all,AD000658,6,1,1,5.59,1,1,1,46.36,1,1,1,1.567
S_TRAIN+S_VAL (stability),B4,all,AD000667,8,1,1,0.0,1,1,1,0.0,1,1,1,1.841
S_TRAIN+S_VAL (stability),B4,all,AD000668,8,1,1,0.0,1,1,1,0.0,1,1,1,1.666
S_TRAIN+S_VAL (stability),B4,all,AD000672,5,1,1,88.551,1,1,1,88.551,1,1,1,4.981
S_TRAIN+S_VAL (stability),B4,all,AD000710,7,1,1,0.0,1,1,1,0.0,1,1,1,1.447
S_TRAIN+S_VAL (stability),B4,all,AD000711,7,1,1,6.083,1,1,1,8.0,1,1,1,4.852
S_TRAIN+S_VAL (stability),B4,all,AD000722,6,1,1,4.5,1,1,1,7.5,1,1,1,5.013
S_TRAIN+S_VAL (stability),B4,all,AD000727,7,1,1,0.0,1,1,1,1.0,1,1,1,5.151
S_TRAIN+S_VAL (stability),B4,all,AD000733,8,1,1,0.0,1,1,1,0.0,1,1,1,223.223
S_TRAIN+S_VAL (stability),B4,all,AD000735,8,1,1,0.0,1,1,1,0.0,1,1,1,1.751
S_TRAIN+S_VAL (stability),B4,all,AD000741,6,1,1,122.761,0,1,1,126.338,0,1,1,1.546
S_TRAIN+S_VAL (stability),B4,all,AD000753,6,1,1,30.647,1,1,1,30.647,1,1,1,1.55
S_TRAIN+S_VAL (stability),B4,all,AD000756,6,1,1,95.73,1,1,1,95.73,1,1,1,1.558
S_TRAIN+S_VAL (stability),B4,all,AD000759,7,1,1,0.0,1,1,1,0.0,1,1,1,1.423
S_TRAIN+S_VAL (stability),B4,all,AD000779,5,1,1,1159.281,0,0,0,1159.281,0,0,0,1.578
S_TRAIN+S_VAL (stability),B4,all,AD000781,9,1,1,0.0,1,1,1,0.0,1,1,1,5.334
S_TRAIN+S_VAL (stability),B4,all,AD000782,7,1,1,0.0,1,1,1,0.0,1,1,1,1.531
S_TRAIN+S_VAL (stability),B4,all,AD000785,10,1,1,0.0,1,1,1,0.0,1,1,1,224.967
S_TRAIN+S_VAL (stability),B4,all,AD000787,8,1,1,0.0,1,1,1,0.0,1,1,1,5.212
S_TRAIN+S_VAL (stability),B4,all,AD000808,9,1,1,0.0,1,1,1,0.0,1,1,1,5.158
S_TRAIN+S_VAL (stability),B4,all,AD000809,8,1,1,0.0,1,1,1,0.0,1,1,1,1.716
S_TRAIN+S_VAL (stability),B4,all,AD000810,8,1,1,0.0,1,1,1,0.0,1,1,1,1.625
S_TRAIN+S_VAL (stability),B4,all,AD000817,8,1,1,0.0,1,1,1,0.0,1,1,1,1.711
S_TRAIN+S_VAL (stability),B4,all,AD000825,7,1,1,0.0,1,1,1,0.0,1,1,1,5.092
S_TRAIN+S_VAL (stability),B4,all,AD000836,8,1,1,0.0,1,1,1,0.0,1,1,1,5.155
S_TRAIN+S_VAL (stability),B4,all,AD000841,7,1,1,0.0,1,1,1,0.0,1,1,1,205.227
S_TRAIN+S_VAL (stability),B4,all,AD000850,7,1,1,0.0,1,1,1,0.0,1,1,1,1.496
S_TRAIN+S_VAL (stability),B4,all,AD000854,8,1,1,0.0,1,1,1,0.0,1,1,1,1.571
S_TRAIN+S_VAL (stability),B4,all,AD000869,7,1,1,4.0,1,1,1,5.0,1,1,1,5.221
S_TRAIN+S_VAL (stability),B4,all,AD000904,7,1,1,0.0,1,1,1,0.0,1,1,1,4.983
S_TRAIN+S_VAL (stability),B4,all,AD000924,11,1,1,0.0,1,1,1,0.0,1,1,1,209.037
S_TRAIN+S_VAL (stability),B4,all,AD000936,8,1,1,0.0,1,1,1,0.0,1,1,1,5.318
S_TRAIN+S_VAL (stability),B4,all,AD000942,7,1,1,0.0,1,1,1,0.0,1,1,1,1.489
S_TRAIN+S_VAL (stability),B4,all,AD000948,6,1,1,1.0,1,1,1,2.0,1,1,1,1.545
S_TRAIN+S_VAL (stability),B4,all,AD000950,8,1,1,0.0,1,1,1,0.0,1,1,1,1.665
S_TRAIN+S_VAL (stability),B4,all,AD000969,7,1,1,0.0,1,1,1,0.0,1,1,1,2.567
S_TRAIN+S_VAL (stability),B4,all,AD000986,8,1,1,0.0,1,1,1,0.0,1,1,1,1.698
S_TRAIN+S_VAL (stability),B4,all,AD001031,8,1,1,0.0,1,1,1,0.0,1,1,1,1.7
S_TRAIN+S_VAL (stability),B4,all,AD001035,8,1,1,0.0,1,1,1,0.0,1,1,1,1.789
S_TRAIN+S_VAL (stability),B4,all,AD001040,8,1,1,0.0,1,1,1,0.0,1,1,1,5.172
S_TRAIN+S_VAL (stability),B4,all,AD001042,8,1,1,0.0,1,1,1,0.0,1,1,1,1.718
S_TRAIN+S_VAL (stability),B4,all,AD001045,8,1,1,0.0,1,1,1,0.0,1,1,1,1.616
S_TRAIN+S_VAL (stability),B4,all,AD001053,8,1,1,0.0,1,1,1,0.0,1,1,1,5.219
S_TRAIN+S_VAL (stability),B4,all,AD001080,11,1,1,0.0,1,1,1,0.0,1,1,1,1.579
S_TRAIN+S_VAL (stability),B4,all,AD001091,8,1,1,0.0,1,1,1,0.0,1,1,1,5.034
S_TRAIN+S_VAL (stability),B4,all,AD001105,6,1,1,2.0,1,1,1,2.0,1,1,1,1.818
S_TRAIN+S_VAL (stability),B4,all,AD001116,8,1,1,0.0,1,1,1,0.0,1,1,1,4.976
S_TRAIN+S_VAL (stability),B4,all,AD001121,9,1,1,0.0,1,1,1,0.0,1,1,1,5.296
S_TRAIN+S_VAL (stability),B4,all,AD001122,7,1,1,0.0,1,1,1,0.0,1,1,1,7.695
S_TRAIN+S_VAL (stability),B4,all,AD001127,6,1,1,15.7,1,1,1,15.7,1,1,1,2.216
S_TRAIN+S_VAL (stability),B4,all,AD001130,7,1,1,0.0,1,1,1,0.0,1,1,1,5.246
S_TRAIN+S_VAL (stability),B4,all,AD001133,7,1,1,0.0,1,1,1,0.0,1,1,1,5.019
S_TRAIN+S_VAL (stability),B4,all,AD001135,6,1,1,79.071,1,1,1,79.071,1,1,1,1.677
S_TRAIN+S_VAL (stability),B4,all,AD001145,8,1,1,0.0,1,1,1,0.0,1,1,1,3.436
S_TRAIN+S_VAL (stability),B4,all,AD001152,9,1,1,0.0,1,1,1,0.0,1,1,1,5.335
S_TRAIN+S_VAL (stability),B4,all,AD001156,11,1,1,0.0,1,1,1,0.0,1,1,1,1.774
S_TRAIN+S_VAL (stability),B4,all,AD001170,8,1,1,0.0,1,1,1,0.0,1,1,1,1.795
S_TRAIN+S_VAL (stability),B4,all,AD001178,7,1,1,0.0,1,1,1,0.0,1,1,1,1.447
S_TRAIN+S_VAL (stability),B4,all,AD001186,8,1,1,0.0,1,1,1,0.0,1,1,1,1.812
S_TRAIN+S_VAL (stability),B4,all,AD001200,8,1,1,0.0,1,1,1,0.0,1,1,1,5.364
S_TRAIN+S_VAL (stability),B4,all,AD001212,10,1,1,0.0,1,1,1,0.0,1,1,1,5.255
S_TRAIN+S_VAL (stability),B4,all,AD001223,7,1,1,0.0,1,1,1,0.0,1,1,1,1.529
S_TRAIN+S_VAL (stability),B4,all,AD001232,8,1,1,0.0,1,1,1,0.0,1,1,1,1.627
S_TRAIN+S_VAL (stability),B4,all,AD001236,7,1,1,0.0,1,1,1,0.0,1,1,1,1.652
S_TRAIN+S_VAL (stability),B4,all,AD001254,9,1,1,0.0,1,1,1,0.0,1,1,1,7.476
S_TRAIN+S_VAL (stability),B4,all,AD001268,5,1,1,196.329,0,1,1,196.329,0,1,1,1.809
S_TRAIN+S_VAL (stability),B4,all,AD001272,8,1,1,0.0,1,1,1,0.0,1,1,1,3.155
S_TRAIN+S_VAL (stability),B4,all,AD001294,13,1,1,0.0,1,1,1,0.0,1,1,1,5.654
S_TRAIN+S_VAL (stability),B4,all,AD001314,8,1,1,0.0,1,1,1,0.0,1,1,1,1.767
S_TRAIN+S_VAL (stability),B4,all,AD001324,8,1,1,0.0,1,1,1,0.0,1,1,1,1.688
S_TRAIN+S_VAL (stability),B4,all,AD001339,7,1,1,118.052,0,1,1,119.085,0,1,1,4.858
S_TRAIN+S_VAL (stability),B4,all,AD001352,7,1,1,3.0,1,1,1,5.0,1,1,1,5.28
S_TRAIN+S_VAL (stability),B4,all,AD001357,7,1,1,0.0,1,1,1,0.0,1,1,1,1.559
S_TRAIN+S_VAL (stability),B4,all,AD001363,7,1,1,0.0,1,1,1,0.0,1,1,1,1.554
S_TRAIN+S_VAL (stability),B4,all,AD001364,7,1,1,0.0,1,1,1,0.0,1,1,1,1.549
S_TRAIN+S_VAL (stability),B4,all,AD001380,8,1,1,0.0,1,1,1,0.0,1,1,1,1.838
S_TRAIN+S_VAL (stability),B4,all,AD001408,8,1,1,0.0,1,1,1,0.0,1,1,1,219.775
S_TRAIN+S_VAL (stability),B4,all,AD001416,8,1,1,0.0,1,1,1,0.0,1,1,1,5.409
S_TRAIN+S_VAL (stability),B4,all,AD001422,6,1,1,7.0,1,1,1,7.0,1,1,1,1.717
S_TRAIN+S_VAL (stability),B4,all,AD001447,6,1,1,2.0,1,1,1,2.0,1,1,1,1.582
S_TRAIN+S_VAL (stability),B4,all,AD001462,9,1,1,0.0,1,1,1,0.0,1,1,1,5.215
S_TRAIN+S_VAL (stability),B4,all,AD001465,8,1,1,0.0,1,1,1,0.0,1,1,1,5.813
S_TRAIN+S_VAL (stability),B4,all,AD001479,6,1,1,0.0,1,1,1,0.0,1,1,1,1.582
S_TRAIN+S_VAL (stability),B4,all,AD001495,10,1,1,0.0,1,1,1,38.328,1,1,1,5.05
S_TRAIN+S_VAL (stability),B4,all,AD001499,8,1,1,0.0,1,1,1,0.0,1,1,1,1.944
S_TRAIN+S_VAL (stability),B4,all,AD001505,8,1,1,0.0,1,1,1,0.0,1,1,1,1.949
S_TRAIN+S_VAL (stability),B4,all,AD001509,8,1,1,0.0,1,1,1,0.0,1,1,1,1.775
S_TRAIN+S_VAL (stability),B4,all,AD001521,7,1,1,0.0,1,1,1,0.0,1,1,1,2.437
S_TRAIN+S_VAL (stability),B4,all,AD001523,8,1,1,0.0,1,1,1,0.0,1,1,1,242.473
S_TRAIN+S_VAL (stability),B4,all,AD001539,8,1,1,0.0,1,1,1,0.0,1,1,1,1.48
S_TRAIN+S_VAL (stability),B4,all,AD001540,7,1,1,0.0,1,1,1,0.0,1,1,1,1.496
S_TRAIN+S_VAL (stability),B4,all,AD001551,6,1,1,141.902,0,1,1,141.902,0,1,1,1.43
S_TRAIN+S_VAL (stability),B4,all,AD001554,7,1,1,0.0,1,1,1,0.0,1,1,1,1.408
S_TRAIN+S_VAL (stability),B4,all,AD001555,8,1,1,0.0,1,1,1,0.0,1,1,1,5.299
S_TRAIN+S_VAL (stability),B4,all,AD001578,6,1,1,0.0,1,1,1,0.0,1,1,1,5.033
S_TRAIN+S_VAL (stability),B4,all,AD001581,8,1,1,0.0,1,1,1,0.0,1,1,1,220.428
S_TRAIN+S_VAL (stability),B4,all,AD001587,7,1,1,0.0,1,1,1,0.0,1,1,1,1.498
S_TRAIN+S_VAL (stability),B4,all,AD001619,7,1,1,0.0,1,1,1,0.0,1,1,1,1.478
S_TRAIN+S_VAL (stability),B4,all,AD001627,12,1,1,0.0,1,1,1,0.0,1,1,1,5.148
S_TRAIN+S_VAL (stability),B4,all,AD001638,6,1,1,6.0,1,1,1,15.0,1,1,1,1.601
S_TRAIN+S_VAL (stability),B4,all,AD001647,8,1,1,0.0,1,1,1,0.0,1,1,1,4.92
S_TRAIN+S_VAL (stability),B4,all,AD001662,7,1,1,0.0,1,1,1,0.0,1,1,1,1.575
S_TRAIN+S_VAL (stability),B4,all,AD001689,7,1,1,0.0,1,1,1,0.0,1,1,1,1.586
S_TRAIN+S_VAL (stability),B4,all,AD001697,6,1,1,1.118,1,1,1,7.566,1,1,1,1.678
S_TRAIN+S_VAL (stability),B4,all,AD001700,7,1,1,0.0,1,1,1,0.0,1,1,1,1.848
S_TRAIN+S_VAL (stability),B4,all,AD001713,8,1,1,0.0,1,1,1,0.0,1,1,1,5.402
S_TRAIN+S_VAL (stability),B4,all,AD001722,9,1,1,0.0,1,1,1,0.0,1,1,1,2.935
S_TRAIN+S_VAL (stability),B4,all,AD001726,7,1,1,0.0,1,1,1,0.0,1,1,1,1.686
S_TRAIN+S_VAL (stability),B4,all,AD001731,6,1,1,31.0,1,1,1,42.0,1,1,1,1.546
S_TRAIN+S_VAL (stability),B4,all,AD001738,7,1,1,0.0,1,1,1,0.0,1,1,1,232.593
S_TRAIN+S_VAL (stability),B4,all,AD001741,7,1,1,0.0,1,1,1,0.0,1,1,1,1.644
S_TRAIN+S_VAL (stability),B4,all,AD001742,7,1,1,0.0,1,1,1,0.0,1,1,1,221.833
S_TRAIN+S_VAL (stability),B4,all,AD001746,8,1,1,0.0,1,1,1,0.0,1,1,1,1.78
S_TRAIN+S_VAL (stability),B4,all,AD001753,9,1,1,0.0,1,1,1,0.0,1,1,1,5.372
S_TRAIN+S_VAL (stability),B4,all,AD001760,8,1,1,0.0,1,1,1,0.0,1,1,1,5.155
S_TRAIN+S_VAL (stability),B4,all,AD001767,5,1,1,156.644,0,1,1,156.644,0,1,1,5.209
S_TRAIN+S_VAL (stability),B4,all,AD001779,7,1,1,0.0,1,1,1,0.0,1,1,1,1.541
S_TRAIN+S_VAL (stability),B4,all,AD001788,7,1,1,0.0,1,1,1,18.868,1,1,1,5.073
S_TRAIN+S_VAL (stability),B4,all,AD001792,10,1,1,8.631,1,1,1,8.631,1,1,1,214.359
S_TRAIN+S_VAL (stability),B4,all,AD001794,8,1,1,0.0,1,1,1,0.0,1,1,1,1.705
S_TRAIN+S_VAL (stability),B4,all,AD001812,8,1,1,0.0,1,1,1,0.0,1,1,1,4.969
S_TRAIN+S_VAL (stability),B4,all,AD001815,8,1,1,0.0,1,1,1,0.0,1,1,1,1.699
S_TRAIN+S_VAL (stability),B4,all,AD001821,8,1,1,0.0,1,1,1,0.0,1,1,1,5.429
S_TRAIN+S_VAL (stability),B4,all,AD001879,7,1,1,0.0,1,1,1,0.0,1,1,1,1.678
S_TRAIN+S_VAL (stability),B4,all,AD001880,5,1,1,736.448,0,0,0,736.448,0,0,0,1.768
S_TRAIN+S_VAL (stability),B4,all,AD001891,7,1,1,0.0,1,1,1,6.325,1,1,1,5.056
S_TRAIN+S_VAL (stability),B4,all,AD001923,7,1,1,0.0,1,1,1,0.0,1,1,1,1.489
S_TRAIN+S_VAL (stability),B4,all,AD001937,7,1,1,0.0,1,1,1,0.0,1,1,1,1.596
S_TRAIN+S_VAL (stability),B4,all,AD001954,8,1,1,0.0,1,1,1,0.0,1,1,1,1.741
S_TRAIN+S_VAL (stability),B4,all,AD001972,8,1,1,0.0,1,1,1,0.0,1,1,1,1.589
S_TRAIN+S_VAL (stability),B4,all,AD001973,11,1,1,0.0,1,1,1,0.0,1,1,1,5.182
S_TRAIN+S_VAL (stability),B4,all,AD001995,5,1,1,148.268,0,1,1,190.145,0,1,1,213.23
S_TRAIN+S_VAL (stability),B4,all,AD001996,10,1,1,0.0,1,1,1,0.0,1,1,1,4.838
S_TRAIN+S_VAL (stability),B4,all,AD002027,8,1,1,0.0,1,1,1,0.0,1,1,1,1.743
S_TRAIN+S_VAL (stability),B4,all,AD002045,7,1,1,0.0,1,1,1,0.0,1,1,1,4.961
S_TRAIN+S_VAL (stability),B4,all,AD002057,5,1,1,182.227,0,1,1,182.227,0,1,1,47.445
S_TRAIN+S_VAL (stability),B4,all,AD002060,8,1,1,0.0,1,1,1,0.0,1,1,1,2.927
S_TRAIN+S_VAL (stability),B4,all,AD002061,7,1,1,0.0,1,1,1,0.0,1,1,1,1.808
S_TRAIN+S_VAL (stability),B4,all,AD002067,6,1,1,5.025,1,1,1,17.923,1,1,1,1.584
S_TRAIN+S_VAL (stability),B4,all,AD002069,8,1,1,0.0,1,1,1,0.0,1,1,1,5.073
S_TRAIN+S_VAL (stability),B4,all,AD002070,5,1,1,1838.564,0,0,0,2011.34,0,0,0,1.404
S_TRAIN+S_VAL (stability),B4,all,AD002074,7,1,1,0.0,1,1,1,0.0,1,1,1,5.027
S_TRAIN+S_VAL (stability),B4,all,AD002089,8,1,1,0.0,1,1,1,0.0,1,1,1,1.601
S_TRAIN+S_VAL (stability),B4,all,AD002096,9,1,1,0.0,1,1,1,0.0,1,1,1,5.22
S_TRAIN+S_VAL (stability),B4,all,AD002103,8,1,1,0.0,1,1,1,0.0,1,1,1,5.161
S_TRAIN+S_VAL (stability),B4,all,AD002112,9,1,1,0.0,1,1,1,0.0,1,1,1,5.048
S_TRAIN+S_VAL (stability),B4,all,AD002123,6,1,1,2.236,1,1,1,2.236,1,1,1,1.661
S_TRAIN+S_VAL (stability),B4,all,AD002131,8,1,1,0.0,1,1,1,0.0,1,1,1,1.64
S_TRAIN+S_VAL (stability),B4,all,AD002134,8,1,1,0.0,1,1,1,0.0,1,1,1,5.283
S_TRAIN+S_VAL (stability),B4,all,AD002138,9,1,1,0.0,1,1,1,0.0,1,1,1,5.033
S_TRAIN+S_VAL (stability),B4,all,AD002154,8,1,1,0.0,1,1,1,0.0,1,1,1,5.186
S_TRAIN+S_VAL (stability),B4,all,AD002176,7,1,1,0.0,1,1,1,0.0,1,1,1,1.602
S_TRAIN+S_VAL (stability),B4,all,AD002181,6,1,1,4.0,1,1,1,6.0,1,1,1,1.65
S_TRAIN+S_VAL (stability),B4,all,AD002194,8,1,1,0.0,1,1,1,0.0,1,1,1,1.643
S_TRAIN+S_VAL (stability),B4,all,AD002197,8,1,1,0.0,1,1,1,0.0,1,1,1,5.093
S_TRAIN+S_VAL (stability),B4,all,AD002244,8,1,1,0.0,1,1,1,0.0,1,1,1,2.473
S_TRAIN+S_VAL (stability),B4,all,AD002245,7,1,1,0.0,1,1,1,0.0,1,1,1,2.421
S_TRAIN+S_VAL (stability),B4,all,AD002251,7,1,1,0.0,1,1,1,0.0,1,1,1,1.829
S_TRAIN+S_VAL (stability),B4,all,AD002253,8,1,1,0.0,1,1,1,0.0,1,1,1,2.088
S_TRAIN+S_VAL (stability),B4,all,AD002270,6,1,1,0.0,1,1,1,0.0,1,1,1,5.01
S_TRAIN+S_VAL (stability),B4,all,AD002299,8,1,1,0.0,1,1,1,0.0,1,1,1,1.627
S_TRAIN+S_VAL (stability),B4,all,AD002332,11,1,1,0.0,1,1,1,0.0,1,1,1,5.472
S_TRAIN+S_VAL (stability),B4,all,AD002333,12,1,1,0.0,1,1,1,0.0,1,1,1,1.906
S_TRAIN+S_VAL (stability),B4,all,AD002357,8,1,1,0.0,1,1,1,0.0,1,1,1,1.705
S_TRAIN+S_VAL (stability),B4,all,AD002362,8,1,1,0.0,1,1,1,0.0,1,1,1,1.738
S_TRAIN+S_VAL (stability),B4,all,AD002412,8,1,1,91.093,1,1,1,94.921,1,1,1,5.071
S_TRAIN+S_VAL (stability),B4,all,AD002415,8,1,1,128.812,0,1,1,2540.825,0,0,0,5.155
S_TRAIN+S_VAL (stability),B4,all,AD002416,5,1,1,1613.944,0,0,0,1970.533,0,0,0,5.054
S_TRAIN+S_VAL (stability),B4,all,AD002424,7,1,1,0.0,1,1,1,0.0,1,1,1,1.421
S_TRAIN+S_VAL (stability),B4,all,AD002458,9,1,1,0.0,1,1,1,0.0,1,1,1,5.03
S_TRAIN+S_VAL (stability),B4,all,AD002466,8,1,1,0.0,1,1,1,0.0,1,1,1,5.029
S_TRAIN+S_VAL (stability),B4,all,AD002485,12,1,1,0.0,1,1,1,0.0,1,1,1,5.203
S_TRAIN+S_VAL (stability),B4,all,AD002490,8,1,1,0.0,1,1,1,0.0,1,1,1,1.661
S_TRAIN+S_VAL (stability),B4,all,AD002499,7,1,1,0.0,1,1,1,0.0,1,1,1,1.545
S_TRAIN+S_VAL (stability),B4,all,AD002504,8,1,1,0.0,1,1,1,0.0,1,1,1,217.924
S_TRAIN+S_VAL (stability),B4,all,AD002509,8,1,1,0.0,1,1,1,0.0,1,1,1,227.11
S_TRAIN+S_VAL (stability),B4,all,AD002535,10,1,1,0.0,1,1,1,0.0,1,1,1,8.041
S_TRAIN+S_VAL (stability),B4,all,AD002566,8,1,1,0.0,1,1,1,0.0,1,1,1,5.168
S_TRAIN+S_VAL (stability),B4,all,AD002579,8,1,1,0.0,1,1,1,0.0,1,1,1,1.569
S_TRAIN+S_VAL (stability),B4,all,AD002583,8,1,1,0.0,1,1,1,0.0,1,1,1,1.616
S_TRAIN+S_VAL (stability),B4,all,AD002606,5,1,1,85.555,1,1,1,184.408,0,1,1,1.388
S_TRAIN+S_VAL (stability),B4,all,AD002621,8,1,1,0.0,1,1,1,0.0,1,1,1,5.369
S_TRAIN+S_VAL (stability),B4,all,AD002633,7,1,1,0.0,1,1,1,0.0,1,1,1,4.94
S_TRAIN+S_VAL (stability),B4,all,AD002637,10,1,1,0.0,1,1,1,0.0,1,1,1,1.771
S_TRAIN+S_VAL (stability),B4,all,AD002661,11,1,1,0.0,1,1,1,0.0,1,1,1,1.977
S_TRAIN+S_VAL (stability),B4,all,AD002663,6,1,1,0.0,1,1,1,12.042,1,1,1,1.502
S_TRAIN+S_VAL (stability),B4,all,AD002664,7,1,1,0.0,1,1,1,0.0,1,1,1,1.639
S_TRAIN+S_VAL (stability),B4,all,AD002673,6,1,1,5.701,1,1,1,5.701,1,1,1,1.765
S_TRAIN+S_VAL (stability),B4,all,AD002685,5,1,1,155.081,0,1,1,155.081,0,1,1,215.881
S_TRAIN+S_VAL (stability),B4,all,AD002691,9,1,1,0.0,1,1,1,0.0,1,1,1,1.68
S_TRAIN+S_VAL (stability),B4,all,AD002696,6,1,1,156.029,0,1,1,156.029,0,1,1,215.354
S_TRAIN+S_VAL (stability),B4,all,AD002711,6,1,1,0.0,1,1,1,0.0,1,1,1,5.314
S_TRAIN+S_VAL (stability),B4,all,AD002728,8,1,1,40.954,1,1,1,43.603,1,1,1,5.138
S_TRAIN+S_VAL (stability),B4,all,AD002737,8,1,1,0.0,1,1,1,0.0,1,1,1,5.509
S_TRAIN+S_VAL (stability),B4,all,AD002748,8,1,1,0.0,1,1,1,0.0,1,1,1,1.709
S_TRAIN+S_VAL (stability),B4,all,AD002751,8,1,1,0.0,1,1,1,0.0,1,1,1,1.713
S_TRAIN+S_VAL (stability),B4,all,AD002763,7,1,1,0.0,1,1,1,0.0,1,1,1,1.465
S_TRAIN+S_VAL (stability),B4,all,AD002764,5,1,1,19.454,1,1,1,38.161,1,1,1,4.993
S_TRAIN+S_VAL (stability),B4,all,AD002796,4,1,1,59.76,1,1,1,59.76,1,1,1,11.733
S_TRAIN+S_VAL (stability),B4,all,AD002802,8,1,1,0.0,1,1,1,0.0,1,1,1,5.079
S_TRAIN+S_VAL (stability),B4,all,AD002808,6,1,1,162.98,0,1,1,162.98,0,1,1,5.275
S_TRAIN+S_VAL (stability),B4,all,AD002809,7,1,1,0.0,1,1,1,0.0,1,1,1,1.557
S_TRAIN+S_VAL (stability),B4,all,AD002819,8,1,1,1.803,1,1,1,1.803,1,1,1,1.766
S_TRAIN+S_VAL (stability),B4,all,AD002821,9,1,1,0.0,1,1,1,0.0,1,1,1,5.249
S_TRAIN+S_VAL (stability),B4,all,AD002849,6,1,1,5.0,1,1,1,16.643,1,1,1,1.611
S_TRAIN+S_VAL (stability),B4,all,AD002858,8,1,1,0.0,1,1,1,0.0,1,1,1,1.742
S_TRAIN+S_VAL (stability),B4,all,AD002870,8,1,1,0.0,1,1,1,0.0,1,1,1,1.622
S_TRAIN+S_VAL (stability),B4,all,AD002875,8,1,1,0.0,1,1,1,0.0,1,1,1,5.224
S_TRAIN+S_VAL (stability),B4,all,AD002880,8,1,1,0.0,1,1,1,0.0,1,1,1,1.682
S_TRAIN+S_VAL (stability),B4,all,AD002882,11,1,1,0.0,1,1,1,0.0,1,1,1,1.669
S_TRAIN+S_VAL (stability),B4,all,AD002911,8,1,1,0.0,1,1,1,0.0,1,1,1,1.705
S_TRAIN+S_VAL (stability),B4,all,AD002936,7,1,1,0.0,1,1,1,0.0,1,1,1,1.629
S_TRAIN+S_VAL (stability),B4,all,AD002962,8,1,1,0.0,1,1,1,0.0,1,1,1,1.712
S_TRAIN+S_VAL (stability),B4,all,AD002966,8,1,1,0.0,1,1,1,0.0,1,1,1,1.623
S_TRAIN+S_VAL (stability),B4,all,AD002996,7,1,1,0.0,1,1,1,0.0,1,1,1,1.533
S_TRAIN+S_VAL (stability),B4,all,AD003014,9,1,1,0.0,1,1,1,0.0,1,1,1,4.871
S_TRAIN+S_VAL (stability),B4,all,AD003016,6,1,1,117.209,0,1,1,117.209,0,1,1,224.154
S_TRAIN+S_VAL (stability),B4,all,AD003041,8,1,1,0.0,1,1,1,0.0,1,1,1,4.985
S_TRAIN+S_VAL (stability),B4,all,AD003050,8,1,1,0.0,1,1,1,0.0,1,1,1,1.686
S_TRAIN+S_VAL (stability),B4,all,AD003060,8,1,1,0.0,1,1,1,0.0,1,1,1,5.249
S_TRAIN+S_VAL (stability),B4,all,AD003067,8,1,1,0.0,1,1,1,0.0,1,1,1,5.163
S_TRAIN+S_VAL (stability),B4,all,AD003074,11,1,1,0.0,1,1,1,0.0,1,1,1,1.659
S_TRAIN+S_VAL (stability),B4,all,AD003077,8,1,1,0.0,1,1,1,0.0,1,1,1,1.61
S_TRAIN+S_VAL (stability),B4,all,AD003085,8,1,1,0.0,1,1,1,0.0,1,1,1,1.654
leave-block-out (stress),B1,static,AD000012,3,1,1,121.264,0,1,1,121.264,0,1,1,1.021
leave-block-out (stress),B1,static,AD000023,3,1,1,381.158,0,0,1,381.158,0,0,1,1.001
leave-block-out (stress),B1,static,AD000027,3,1,1,164.502,0,1,1,319.555,0,0,1,1.111
leave-block-out (stress),B1,static,AD000032,3,1,1,415.992,0,0,1,466.514,0,0,1,0.91
leave-block-out (stress),B1,static,AD000037,6,1,1,160.972,0,1,1,1302.431,0,0,0,0.88
leave-block-out (stress),B1,static,AD000047,3,1,1,431.46,0,0,1,560.169,0,0,0,1.013
leave-block-out (stress),B1,static,AD000049,3,1,1,348.54,0,0,1,348.54,0,0,1,1.3
leave-block-out (stress),B1,static,AD000062,3,1,1,65.157,1,1,1,171.811,0,1,1,1.022
leave-block-out (stress),B1,static,AD000066,3,1,1,40.602,1,1,1,373.431,0,0,1,1.108
leave-block-out (stress),B1,static,AD000068,3,1,1,187.628,0,1,1,187.628,0,1,1,0.784
leave-block-out (stress),B1,static,AD000069,3,1,1,630.283,0,0,0,764.138,0,0,0,1.725
leave-block-out (stress),B1,static,AD000079,3,1,1,165.369,0,1,1,165.369,0,1,1,1.184
leave-block-out (stress),B1,static,AD000094,3,1,1,75.701,1,1,1,75.701,1,1,1,1.052
leave-block-out (stress),B1,static,AD000096,3,1,1,338.155,0,0,1,355.067,0,0,1,1.116
leave-block-out (stress),B1,static,AD000105,3,1,1,447.63,0,0,1,586.055,0,0,0,1.043
leave-block-out (stress),B1,static,AD000114,3,1,1,74.165,1,1,1,74.165,1,1,1,0.997
leave-block-out (stress),B1,static,AD000129,3,1,1,523.526,0,0,0,630.789,0,0,0,1.13
leave-block-out (stress),B1,static,AD000138,3,1,1,48.487,1,1,1,156.387,0,1,1,1.66
leave-block-out (stress),B1,static,AD000142,3,1,1,145.525,0,1,1,145.525,0,1,1,1.146
leave-block-out (stress),B1,static,AD000155,3,1,1,44.643,1,1,1,44.643,1,1,1,1.503
leave-block-out (stress),B1,static,AD000172,3,1,1,304.109,0,0,1,304.109,0,0,1,0.876
leave-block-out (stress),B1,static,AD000173,3,1,1,242.711,0,1,1,242.711,0,1,1,1.444
leave-block-out (stress),B1,static,AD000176,3,1,1,343.193,0,0,1,343.193,0,0,1,0.91
leave-block-out (stress),B1,static,AD000197,3,1,1,150.741,0,1,1,460.47,0,0,1,1.424
leave-block-out (stress),B1,static,AD000223,3,1,1,297.433,0,0,1,297.433,0,0,1,1.016
leave-block-out (stress),B1,static,AD000238,4,1,1,33.767,1,1,1,33.767,1,1,1,1.156
leave-block-out (stress),B1,static,AD000253,3,1,1,166.756,0,1,1,166.756,0,1,1,0.76
leave-block-out (stress),B1,static,AD000258,7,1,1,251.0,0,0,1,2224.758,0,0,0,0.869
leave-block-out (stress),B1,static,AD000260,3,1,1,244.712,0,1,1,244.712,0,1,1,0.888
leave-block-out (stress),B1,static,AD000309,3,1,1,254.285,0,0,1,254.285,0,0,1,0.96
leave-block-out (stress),B1,static,AD000316,3,1,1,57.073,1,1,1,57.073,1,1,1,1.153
leave-block-out (stress),B1,static,AD000323,3,1,1,79.699,1,1,1,79.699,1,1,1,1.004
leave-block-out (stress),B1,static,AD000337,3,1,1,30.585,1,1,1,30.585,1,1,1,0.75
leave-block-out (stress),B1,static,AD000338,3,1,1,338.916,0,0,1,338.916,0,0,1,1.06
leave-block-out (stress),B1,static,AD000354,3,1,1,138.668,0,1,1,138.668,0,1,1,0.759
leave-block-out (stress),B1,static,AD000355,3,1,1,272.932,0,0,1,272.932,0,0,1,0.857
leave-block-out (stress),B1,static,AD000360,3,1,1,364.144,0,0,1,364.144,0,0,1,0.782
leave-block-out (stress),B1,static,AD000369,3,1,1,121.08,0,1,1,121.08,0,1,1,1.123
leave-block-out (stress),B1,static,AD000379,3,1,1,540.336,0,0,0,728.854,0,0,0,0.973
leave-block-out (stress),B1,static,AD000387,3,1,1,278.708,0,0,1,302.318,0,0,1,0.811
leave-block-out (stress),B1,static,AD000397,3,1,1,81.298,1,1,1,263.528,0,0,1,1.017
leave-block-out (stress),B1,static,AD000412,3,1,1,226.165,0,1,1,226.165,0,1,1,1.037
leave-block-out (stress),B1,static,AD000424,3,1,1,146.899,0,1,1,146.899,0,1,1,1.114
leave-block-out (stress),B1,static,AD000430,3,1,1,147.474,0,1,1,170.972,0,1,1,0.792
leave-block-out (stress),B1,static,AD000433,4,1,1,523.238,0,0,0,2045.598,0,0,0,1.064
leave-block-out (stress),B1,static,AD000460,3,1,1,240.484,0,1,1,248.907,0,1,1,1.088
leave-block-out (stress),B1,static,AD000475,3,1,1,184.642,0,1,1,387.754,0,0,1,1.181
leave-block-out (stress),B1,static,AD000517,3,1,1,93.418,1,1,1,93.418,1,1,1,0.939
leave-block-out (stress),B1,static,AD000524,3,1,1,149.958,0,1,1,149.958,0,1,1,1.12
leave-block-out (stress),B1,static,AD000526,3,1,1,832.488,0,0,0,852.128,0,0,0,1.021
leave-block-out (stress),B1,static,AD000529,3,1,1,88.168,1,1,1,110.001,0,1,1,1.094
leave-block-out (stress),B1,static,AD000541,3,1,1,274.462,0,0,1,274.462,0,0,1,1.196
leave-block-out (stress),B1,static,AD000560,3,1,1,412.681,0,0,1,412.681,0,0,1,1.117
leave-block-out (stress),B1,static,AD000589,3,1,1,276.584,0,0,1,337.894,0,0,1,0.938
leave-block-out (stress),B1,static,AD000602,3,1,1,317.322,0,0,1,319.707,0,0,1,0.984
leave-block-out (stress),B1,static,AD000608,3,1,1,297.686,0,0,1,297.686,0,0,1,1.02
leave-block-out (stress),B1,static,AD000613,4,1,1,324.211,0,0,1,331.051,0,0,1,1.221
leave-block-out (stress),B1,static,AD000624,4,1,1,576.438,0,0,0,1392.849,0,0,0,0.729
leave-block-out (stress),B1,static,AD000630,3,1,1,212.896,0,1,1,219.042,0,1,1,0.716
leave-block-out (stress),B1,static,AD000631,4,1,1,273.457,0,0,1,278.238,0,0,1,1.154
leave-block-out (stress),B1,static,AD000634,3,1,1,544.149,0,0,0,670.439,0,0,0,0.835
leave-block-out (stress),B1,static,AD000639,3,1,1,68.889,1,1,1,126.421,0,1,1,0.945
leave-block-out (stress),B1,static,AD000652,3,1,1,166.513,0,1,1,166.513,0,1,1,1.059
leave-block-out (stress),B1,static,AD000658,3,1,1,319.558,0,0,1,535.327,0,0,0,0.848
leave-block-out (stress),B1,static,AD000667,3,1,1,486.411,0,0,1,620.642,0,0,0,0.983
leave-block-out (stress),B1,static,AD000668,3,1,1,110.386,0,1,1,110.386,0,1,1,0.976
leave-block-out (stress),B1,static,AD000710,3,1,1,315.092,0,0,1,464.85,0,0,1,0.783
leave-block-out (stress),B1,static,AD000711,3,1,1,300.083,0,0,1,300.083,0,0,1,0.989
leave-block-out (stress),B1,static,AD000722,3,1,1,360.067,0,0,1,360.067,0,0,1,1.139
leave-block-out (stress),B1,static,AD000727,4,1,1,131.751,0,1,1,131.751,0,1,1,1.131
leave-block-out (stress),B1,static,AD000733,3,1,1,188.101,0,1,1,245.596,0,1,1,1.159
leave-block-out (stress),B1,static,AD000741,3,1,1,122.761,0,1,1,122.761,0,1,1,0.818
leave-block-out (stress),B1,static,AD000753,3,1,1,374.894,0,0,1,374.894,0,0,1,0.886
leave-block-out (stress),B1,static,AD000756,3,1,1,194.267,0,1,1,221.641,0,1,1,0.853
leave-block-out (stress),B1,static,AD000759,3,1,1,93.304,1,1,1,93.304,1,1,1,0.715
leave-block-out (stress),B1,static,AD000779,3,1,1,1270.469,0,0,0,1270.469,0,0,0,1.167
leave-block-out (stress),B1,static,AD000782,3,1,1,374.849,0,0,1,374.849,0,0,1,0.762
leave-block-out (stress),B1,static,AD000785,6,1,1,323.556,0,0,1,1029.123,0,0,0,1.227
leave-block-out (stress),B1,static,AD000787,3,1,1,16.819,1,1,1,16.819,1,1,1,0.908
leave-block-out (stress),B1,static,AD000809,3,1,1,496.101,0,0,1,496.101,0,0,1,1.04
leave-block-out (stress),B1,static,AD000810,3,1,1,490.75,0,0,1,667.845,0,0,0,0.915
leave-block-out (stress),B1,static,AD000817,3,1,1,233.947,0,1,1,233.947,0,1,1,1.214
leave-block-out (stress),B1,static,AD000825,3,1,1,55.1,1,1,1,55.1,1,1,1,1.032
leave-block-out (stress),B1,static,AD000836,4,1,1,306.573,0,0,1,396.888,0,0,1,1.221
leave-block-out (stress),B1,static,AD000841,3,1,1,292.843,0,0,1,292.843,0,0,1,1.104
leave-block-out (stress),B1,static,AD000850,3,1,1,168.423,0,1,1,316.332,0,0,1,0.877
leave-block-out (stress),B1,static,AD000854,3,1,1,490.741,0,0,1,608.084,0,0,0,0.943
leave-block-out (stress),B1,static,AD000869,3,1,1,229.127,0,1,1,229.127,0,1,1,1.047
leave-block-out (stress),B1,static,AD000904,3,1,1,265.391,0,0,1,265.391,0,0,1,0.769
leave-block-out (stress),B1,static,AD000924,6,1,1,342.963,0,0,1,343.702,0,0,1,1.224
leave-block-out (stress),B1,static,AD000936,3,1,1,364.652,0,0,1,364.652,0,0,1,1.875
leave-block-out (stress),B1,static,AD000942,3,1,1,72.575,1,1,1,72.575,1,1,1,0.875
leave-block-out (stress),B1,static,AD000948,3,1,1,141.998,0,1,1,195.983,0,1,1,0.79
leave-block-out (stress),B1,static,AD000969,3,1,1,73.828,1,1,1,73.828,1,1,1,0.941
leave-block-out (stress),B1,static,AD000986,3,1,1,22.02,1,1,1,22.02,1,1,1,1.031
leave-block-out (stress),B1,static,AD001031,3,1,1,138.994,0,1,1,142.05,0,1,1,0.971
leave-block-out (stress),B1,static,AD001035,3,1,1,614.284,0,0,0,614.284,0,0,0,0.986
leave-block-out (stress),B1,static,AD001040,3,1,1,110.505,0,1,1,110.505,0,1,1,1.167
leave-block-out (stress),B1,static,AD001042,3,1,1,27.237,1,1,1,27.237,1,1,1,1.032
leave-block-out (stress),B1,static,AD001045,3,1,1,260.787,0,0,1,260.787,0,0,1,0.865
leave-block-out (stress),B1,static,AD001053,4,1,1,104.832,0,1,1,111.114,0,1,1,1.205
leave-block-out (stress),B1,static,AD001080,7,1,1,190.432,0,1,1,190.432,0,1,1,0.831
leave-block-out (stress),B1,static,AD001091,4,1,1,67.339,1,1,1,67.339,1,1,1,1.086
leave-block-out (stress),B1,static,AD001105,3,1,1,444.251,0,0,1,459.324,0,0,1,0.908
leave-block-out (stress),B1,static,AD001116,4,1,1,28.827,1,1,1,28.827,1,1,1,0.985
leave-block-out (stress),B1,static,AD001121,4,1,1,115.333,0,1,1,115.333,0,1,1,1.228
leave-block-out (stress),B1,static,AD001122,3,1,1,304.007,0,0,1,378.993,0,0,1,1.128
leave-block-out (stress),B1,static,AD001127,3,1,1,229.544,0,1,1,229.544,0,1,1,0.902
leave-block-out (stress),B1,static,AD001130,3,1,1,118.209,0,1,1,118.209,0,1,1,0.957
leave-block-out (stress),B1,static,AD001133,3,1,1,168.974,0,1,1,168.974,0,1,1,0.877
leave-block-out (stress),B1,static,AD001135,3,1,1,184.695,0,1,1,184.695,0,1,1,0.811
leave-block-out (stress),B1,static,AD001145,3,1,1,47.432,1,1,1,47.432,1,1,1,0.898
leave-block-out (stress),B1,static,AD001152,4,1,1,164.683,0,1,1,164.683,0,1,1,1.021
leave-block-out (stress),B1,static,AD001156,6,1,1,140.057,0,1,1,140.057,0,1,1,0.998
leave-block-out (stress),B1,static,AD001170,3,1,1,165.887,0,1,1,165.887,0,1,1,1.084
leave-block-out (stress),B1,static,AD001178,3,1,1,266.681,0,0,1,435.97,0,0,1,0.891
leave-block-out (stress),B1,static,AD001186,3,1,1,155.618,0,1,1,406.339,0,0,1,1.135
leave-block-out (stress),B1,static,AD001200,4,1,1,259.091,0,0,1,397.126,0,0,1,1.116
leave-block-out (stress),B1,static,AD001212,6,1,1,586.031,0,0,0,1630.448,0,0,0,1.142
leave-block-out (stress),B1,static,AD001232,3,1,1,139.564,0,1,1,139.564,0,1,1,0.957
leave-block-out (stress),B1,static,AD001236,3,1,1,460.182,0,0,1,460.182,0,0,1,1.007
leave-block-out (stress),B1,static,AD001254,3,1,1,177.545,0,1,1,177.545,0,1,1,1.128
leave-block-out (stress),B1,static,AD001268,3,1,1,318.791,0,0,1,452.607,0,0,1,0.823
leave-block-out (stress),B1,static,AD001272,3,1,1,359.736,0,0,1,437.513,0,0,1,0.982
leave-block-out (stress),B1,static,AD001314,3,1,1,127.278,0,1,1,127.278,0,1,1,1.046
leave-block-out (stress),B1,static,AD001324,3,1,1,17.056,1,1,1,17.056,1,1,1,0.904
leave-block-out (stress),B1,static,AD001339,4,1,1,334.842,0,0,1,356.319,0,0,1,1.067
leave-block-out (stress),B1,static,AD001352,3,1,1,194.035,0,1,1,194.035,0,1,1,0.964
leave-block-out (stress),B1,static,AD001357,3,1,1,214.084,0,1,1,271.159,0,0,1,0.736
leave-block-out (stress),B1,static,AD001363,3,1,1,372.266,0,0,1,483.889,0,0,1,0.803
leave-block-out (stress),B1,static,AD001364,3,1,1,286.773,0,0,1,286.773,0,0,1,0.819
leave-block-out (stress),B1,static,AD001408,3,1,1,137.242,0,1,1,494.721,0,0,1,1.102
leave-block-out (stress),B1,static,AD001416,3,1,1,60.559,1,1,1,60.559,1,1,1,1.137
leave-block-out (stress),B1,static,AD001422,3,1,1,362.907,0,0,1,362.907,0,0,1,1.017
leave-block-out (stress),B1,static,AD001447,3,1,1,151.867,0,1,1,151.867,0,1,1,0.962
leave-block-out (stress),B1,static,AD001462,4,1,1,391.66,0,0,1,429.362,0,0,1,1.242
leave-block-out (stress),B1,static,AD001499,3,1,1,92.125,1,1,1,92.125,1,1,1,1.048
leave-block-out (stress),B1,static,AD001505,3,1,1,99.561,1,1,1,99.561,1,1,1,0.999
leave-block-out (stress),B1,static,AD001509,3,1,1,573.657,0,0,0,578.906,0,0,0,1.056
leave-block-out (stress),B1,static,AD001523,3,1,1,326.644,0,0,1,354.348,0,0,1,1.107
leave-block-out (stress),B1,static,AD001539,3,1,1,154.721,0,1,1,154.721,0,1,1,0.88
leave-block-out (stress),B1,static,AD001540,3,1,1,170.946,0,1,1,170.946,0,1,1,0.79
leave-block-out (stress),B1,static,AD001551,3,1,1,551.817,0,0,0,779.139,0,0,0,0.801
leave-block-out (stress),B1,static,AD001554,3,1,1,122.705,0,1,1,142.904,0,1,1,0.812
leave-block-out (stress),B1,static,AD001555,3,1,1,232.754,0,1,1,323.581,0,0,1,1.258
leave-block-out (stress),B1,static,AD001578,3,1,1,117.904,0,1,1,117.904,0,1,1,1.038
leave-block-out (stress),B1,static,AD001581,3,1,1,121.891,0,1,1,121.891,0,1,1,1.049
leave-block-out (stress),B1,static,AD001587,3,1,1,424.637,0,0,1,424.637,0,0,1,0.863
leave-block-out (stress),B1,static,AD001619,3,1,1,104.472,0,1,1,104.472,0,1,1,0.8
leave-block-out (stress),B1,static,AD001627,7,1,1,255.731,0,0,1,407.821,0,0,1,1.274
leave-block-out (stress),B1,static,AD001638,3,1,1,301.118,0,0,1,319.686,0,0,1,1.028
leave-block-out (stress),B1,static,AD001647,3,1,1,112.468,0,1,1,152.158,0,1,1,1.187
leave-block-out (stress),B1,static,AD001662,3,1,1,212.139,0,1,1,431.003,0,0,1,0.996
leave-block-out (stress),B1,static,AD001689,3,1,1,115.462,0,1,1,115.462,0,1,1,0.827
leave-block-out (stress),B1,static,AD001700,3,1,1,23.483,1,1,1,23.483,1,1,1,0.795
leave-block-out (stress),B1,static,AD001713,3,1,1,2.163,1,1,1,2.163,1,1,1,0.963
leave-block-out (stress),B1,static,AD001722,4,1,1,376.948,0,0,1,1332.773,0,0,0,1.052
leave-block-out (stress),B1,static,AD001726,3,1,1,44.471,1,1,1,44.471,1,1,1,0.963
leave-block-out (stress),B1,static,AD001731,3,1,1,85.387,1,1,1,85.387,1,1,1,0.799
leave-block-out (stress),B1,static,AD001738,3,1,1,250.635,0,0,1,262.395,0,0,1,1.107
leave-block-out (stress),B1,static,AD001741,3,1,1,159.227,0,1,1,159.227,0,1,1,0.872
leave-block-out (stress),B1,static,AD001742,3,1,1,320.581,0,0,1,320.581,0,0,1,1.13
leave-block-out (stress),B1,static,AD001746,3,1,1,298.984,0,0,1,311.005,0,0,1,1.192
leave-block-out (stress),B1,static,AD001753,3,1,1,85.468,1,1,1,85.468,1,1,1,1.198
leave-block-out (stress),B1,static,AD001760,3,1,1,376.147,0,0,1,376.147,0,0,1,0.994
leave-block-out (stress),B1,static,AD001767,3,1,1,188.518,0,1,1,188.518,0,1,1,1.349
leave-block-out (stress),B1,static,AD001779,3,1,1,139.212,0,1,1,139.212,0,1,1,0.866
leave-block-out (stress),B1,static,AD001788,4,1,1,185.065,0,1,1,364.04,0,0,1,1.087
leave-block-out (stress),B1,static,AD001792,7,1,1,68.019,1,1,1,68.019,1,1,1,1.03
leave-block-out (stress),B1,static,AD001794,3,1,1,261.739,0,0,1,304.36,0,0,1,1.051
leave-block-out (stress),B1,static,AD001815,3,1,1,365.02,0,0,1,365.02,0,0,1,1.059
leave-block-out (stress),B1,static,AD001821,3,1,1,68.236,1,1,1,68.236,1,1,1,1.266
leave-block-out (stress),B1,static,AD001879,3,1,1,258.424,0,0,1,258.424,0,0,1,0.849
leave-block-out (stress),B1,static,AD001880,3,1,1,826.704,0,0,0,826.704,0,0,0,0.8
leave-block-out (stress),B1,static,AD001891,4,1,1,393.628,0,0,1,441.467,0,0,1,1.123
leave-block-out (stress),B1,static,AD001923,3,1,1,173.908,0,1,1,181.824,0,1,1,0.806
leave-block-out (stress),B1,static,AD001954,3,1,1,490.272,0,0,1,497.427,0,0,1,1.056
leave-block-out (stress),B1,static,AD001972,3,1,1,64.154,1,1,1,64.154,1,1,1,0.915
leave-block-out (stress),B1,static,AD001973,6,1,1,303.133,0,0,1,1495.194,0,0,0,1.386
leave-block-out (stress),B1,static,AD001995,3,1,1,148.268,0,1,1,148.268,0,1,1,0.956
leave-block-out (stress),B1,static,AD001996,7,1,1,200.441,0,1,1,200.441,0,1,1,1.092
leave-block-out (stress),B1,static,AD002027,3,1,1,216.82,0,1,1,258.132,0,0,1,1.067
leave-block-out (stress),B1,static,AD002045,3,1,1,176.434,0,1,1,176.434,0,1,1,0.947
leave-block-out (stress),B1,static,AD002057,2,1,1,1224.483,0,0,0,1224.483,0,0,0,0.914
leave-block-out (stress),B1,static,AD002060,3,1,1,163.64,0,1,1,163.64,0,1,1,0.845
leave-block-out (stress),B1,static,AD002061,3,1,1,148.318,0,1,1,148.318,0,1,1,1.075
leave-block-out (stress),B1,static,AD002069,4,1,1,131.309,0,1,1,148.362,0,1,1,1.116
leave-block-out (stress),B1,static,AD002070,3,1,1,1838.564,0,0,0,1838.564,0,0,0,0.751
leave-block-out (stress),B1,static,AD002074,3,1,1,45.414,1,1,1,45.414,1,1,1,1.202
leave-block-out (stress),B1,static,AD002089,3,1,1,222.236,0,1,1,274.665,0,0,1,0.982
leave-block-out (stress),B1,static,AD002103,3,1,1,505.207,0,0,0,525.531,0,0,0,1.318
leave-block-out (stress),B1,static,AD002112,4,1,1,73.237,1,1,1,73.237,1,1,1,1.213
leave-block-out (stress),B1,static,AD002123,3,1,1,186.671,0,1,1,259.821,0,0,1,0.987
leave-block-out (stress),B1,static,AD002131,3,1,1,213.082,0,1,1,213.082,0,1,1,1.006
leave-block-out (stress),B1,static,AD002134,3,1,1,87.328,1,1,1,95.892,1,1,1,1.05
leave-block-out (stress),B1,static,AD002138,4,1,1,186.074,0,1,1,186.074,0,1,1,1.089
leave-block-out (stress),B1,static,AD002154,3,1,1,318.425,0,0,1,318.425,0,0,1,1.281
leave-block-out (stress),B1,static,AD002176,3,1,1,368.01,0,0,1,440.986,0,0,1,0.948
leave-block-out (stress),B1,static,AD002181,3,1,1,36.676,1,1,1,36.676,1,1,1,0.922
leave-block-out (stress),B1,static,AD002194,3,1,1,330.334,0,0,1,330.334,0,0,1,1.011
leave-block-out (stress),B1,static,AD002197,4,1,1,50.408,1,1,1,50.408,1,1,1,1.17
leave-block-out (stress),B1,static,AD002245,3,1,1,100.242,0,1,1,100.242,0,1,1,1.19
leave-block-out (stress),B1,static,AD002251,3,1,1,441.991,0,0,1,488.531,0,0,1,0.868
leave-block-out (stress),B1,static,AD002253,3,1,1,329.605,0,0,1,376.755,0,0,1,1.244
leave-block-out (stress),B1,static,AD002270,3,1,1,181.447,0,1,1,282.725,0,0,1,1.073
leave-block-out (stress),B1,static,AD002299,3,1,1,360.794,0,0,1,360.794,0,0,1,1.113
leave-block-out (stress),B1,static,AD002332,6,1,1,392.431,0,0,1,1527.992,0,0,0,1.335
leave-block-out (stress),B1,static,AD002333,7,1,1,427.12,0,0,1,627.699,0,0,0,1.221
leave-block-out (stress),B1,static,AD002357,3,1,1,226.477,0,1,1,226.477,0,1,1,1.087
leave-block-out (stress),B1,static,AD002362,3,1,1,45.404,1,1,1,45.404,1,1,1,1.097
leave-block-out (stress),B1,static,AD002412,3,1,1,224.703,0,1,1,379.36,0,0,1,1.005
leave-block-out (stress),B1,static,AD002415,3,1,1,128.812,0,1,1,2668.133,0,0,0,0.907
leave-block-out (stress),B1,static,AD002416,3,1,1,1613.944,0,0,0,1613.944,0,0,0,0.92
leave-block-out (stress),B1,static,AD002424,3,1,1,42.104,1,1,1,42.104,1,1,1,0.821
leave-block-out (stress),B1,static,AD002458,5,1,1,31.428,1,1,1,371.058,0,0,1,1.214
leave-block-out (stress),B1,static,AD002466,3,1,1,283.952,0,0,1,288.353,0,0,1,1.124
leave-block-out (stress),B1,static,AD002485,8,1,1,159.05,0,1,1,1488.776,0,0,0,1.432
leave-block-out (stress),B1,static,AD002490,3,1,1,253.11,0,0,1,419.0,0,0,1,1.017
leave-block-out (stress),B1,static,AD002499,3,1,1,133.431,0,1,1,187.103,0,1,1,0.951
leave-block-out (stress),B1,static,AD002504,3,1,1,185.528,0,1,1,185.528,0,1,1,1.653
leave-block-out (stress),B1,static,AD002509,3,1,1,135.661,0,1,1,135.661,0,1,1,2.122
leave-block-out (stress),B1,static,AD002535,3,1,1,373.48,0,0,1,373.48,0,0,1,1.131
leave-block-out (stress),B1,static,AD002566,3,1,1,171.073,0,1,1,184.765,0,1,1,1.081
leave-block-out (stress),B1,static,AD002579,3,1,1,283.325,0,0,1,289.137,0,0,1,1.071
leave-block-out (stress),B1,static,AD002583,3,1,1,309.94,0,0,1,309.94,0,0,1,1.092
leave-block-out (stress),B1,static,AD002606,3,1,1,85.555,1,1,1,85.555,1,1,1,1.118
leave-block-out (stress),B1,static,AD002621,3,1,1,21.134,1,1,1,21.134,1,1,1,1.545
leave-block-out (stress),B1,static,AD002633,3,1,1,106.349,0,1,1,106.349,0,1,1,0.989
leave-block-out (stress),B1,static,AD002637,5,1,1,91.777,1,1,1,118.022,0,1,1,1.001
leave-block-out (stress),B1,static,AD002661,6,1,1,316.701,0,0,1,316.701,0,0,1,1.161
leave-block-out (stress),B1,static,AD002663,3,1,1,1280.649,0,0,0,1280.649,0,0,0,0.79
leave-block-out (stress),B1,static,AD002664,3,1,1,133.831,0,1,1,133.831,0,1,1,1.054
leave-block-out (stress),B1,static,AD002673,3,1,1,228.513,0,1,1,229.151,0,1,1,1.076
leave-block-out (stress),B1,static,AD002685,3,1,1,265.422,0,0,1,265.422,0,0,1,1.08
leave-block-out (stress),B1,static,AD002691,6,1,1,426.968,0,0,1,1631.933,0,0,0,1.025
leave-block-out (stress),B1,static,AD002696,4,1,1,544.383,0,0,0,624.376,0,0,0,0.992
leave-block-out (stress),B1,static,AD002711,3,1,1,792.599,0,0,0,794.753,0,0,0,1.044
leave-block-out (stress),B1,static,AD002728,5,1,1,141.898,0,1,1,585.363,0,0,0,1.134
leave-block-out (stress),B1,static,AD002737,3,1,1,188.476,0,1,1,188.476,0,1,1,0.996
leave-block-out (stress),B1,static,AD002748,3,1,1,160.171,0,1,1,160.171,0,1,1,0.88
leave-block-out (stress),B1,static,AD002751,3,1,1,131.817,0,1,1,190.385,0,1,1,0.985
leave-block-out (stress),B1,static,AD002763,3,1,1,167.829,0,1,1,167.829,0,1,1,0.826
leave-block-out (stress),B1,static,AD002764,3,1,1,19.454,1,1,1,19.454,1,1,1,0.964
leave-block-out (stress),B1,static,AD002802,3,1,1,251.194,0,0,1,251.194,0,0,1,1.015
leave-block-out (stress),B1,static,AD002808,3,1,1,173.962,0,1,1,452.074,0,0,1,1.147
leave-block-out (stress),B1,static,AD002809,3,1,1,197.466,0,1,1,197.466,0,1,1,0.85
leave-block-out (stress),B1,static,AD002819,5,1,1,406.75,0,0,1,1095.517,0,0,0,1.278
leave-block-out (stress),B1,static,AD002821,4,1,1,212.317,0,1,1,212.317,0,1,1,1.291
leave-block-out (stress),B1,static,AD002849,3,1,1,329.901,0,0,1,468.026,0,0,1,0.857
leave-block-out (stress),B1,static,AD002858,3,1,1,520.022,0,0,0,520.022,0,0,0,1.102
leave-block-out (stress),B1,static,AD002870,3,1,1,218.623,0,1,1,265.251,0,0,1,1.081
leave-block-out (stress),B1,static,AD002875,4,1,1,100.234,0,1,1,100.234,0,1,1,1.085
leave-block-out (stress),B1,static,AD002880,3,1,1,240.254,0,1,1,240.254,0,1,1,0.946
leave-block-out (stress),B1,static,AD002882,6,1,1,158.452,0,1,1,1632.287,0,0,0,0.964
leave-block-out (stress),B1,static,AD002911,3,1,1,216.162,0,1,1,216.162,0,1,1,1.008
leave-block-out (stress),B1,static,AD002936,3,1,1,244.459,0,1,1,325.301,0,0,1,1.082
leave-block-out (stress),B1,static,AD002962,3,1,1,361.314,0,0,1,476.419,0,0,1,0.973
leave-block-out (stress),B1,static,AD002966,3,1,1,542.382,0,0,0,542.382,0,0,0,0.929
leave-block-out (stress),B1,static,AD002996,3,1,1,183.498,0,1,1,183.498,0,1,1,0.962
leave-block-out (stress),B1,static,AD003014,3,1,1,106.823,0,1,1,106.823,0,1,1,0.857
leave-block-out (stress),B1,static,AD003016,3,1,1,404.383,0,0,1,664.527,0,0,0,1.435
leave-block-out (stress),B1,static,AD003041,3,1,1,99.139,1,1,1,99.139,1,1,1,0.875
leave-block-out (stress),B1,static,AD003050,3,1,1,203.889,0,1,1,203.889,0,1,1,1.044
leave-block-out (stress),B1,static,AD003060,3,1,1,132.89,0,1,1,215.219,0,1,1,1.086
leave-block-out (stress),B1,static,AD003067,3,1,1,301.886,0,0,1,301.886,0,0,1,1.066
leave-block-out (stress),B1,static,AD003074,6,1,1,98.267,1,1,1,818.656,0,0,0,0.989
leave-block-out (stress),B1,static,AD003077,3,1,1,318.999,0,0,1,318.999,0,0,1,0.995
leave-block-out (stress),B1,static,AD003085,3,1,1,16.682,1,1,1,16.682,1,1,1,0.898
leave-block-out (stress),B1,all,AD000012,8,1,1,0.0,1,1,1,0.0,1,1,1,1.021
leave-block-out (stress),B1,all,AD000023,8,1,1,0.0,1,1,1,0.0,1,1,1,1.001
leave-block-out (stress),B1,all,AD000027,8,1,1,0.0,1,1,1,0.0,1,1,1,1.111
leave-block-out (stress),B1,all,AD000032,6,1,1,110.888,0,1,1,110.888,0,1,1,0.91
leave-block-out (stress),B1,all,AD000037,8,1,1,152.948,0,1,1,152.948,0,1,1,0.88
leave-block-out (stress),B1,all,AD000047,5,1,1,40.478,1,1,1,40.478,1,1,1,1.013
leave-block-out (stress),B1,all,AD000049,8,1,1,0.0,1,1,1,0.0,1,1,1,1.3
leave-block-out (stress),B1,all,AD000062,8,1,1,0.0,1,1,1,0.0,1,1,1,1.022
leave-block-out (stress),B1,all,AD000066,7,1,1,0.0,1,1,1,0.0,1,1,1,1.108
leave-block-out (stress),B1,all,AD000068,7,1,1,0.0,1,1,1,0.0,1,1,1,0.784
leave-block-out (stress),B1,all,AD000069,6,1,1,0.0,1,1,1,0.0,1,1,1,1.725
leave-block-out (stress),B1,all,AD000079,6,1,1,2.0,1,1,1,2.0,1,1,1,1.184
leave-block-out (stress),B1,all,AD000094,7,1,1,0.0,1,1,1,0.0,1,1,1,1.052
leave-block-out (stress),B1,all,AD000096,8,1,1,0.0,1,1,1,0.0,1,1,1,1.116
leave-block-out (stress),B1,all,AD000105,7,1,1,0.0,1,1,1,0.0,1,1,1,1.043
leave-block-out (stress),B1,all,AD000114,8,1,1,0.0,1,1,1,0.0,1,1,1,0.997
leave-block-out (stress),B1,all,AD000129,8,1,1,0.0,1,1,1,0.0,1,1,1,1.13
leave-block-out (stress),B1,all,AD000138,7,1,1,0.0,1,1,1,0.0,1,1,1,1.66
leave-block-out (stress),B1,all,AD000142,8,1,1,0.0,1,1,1,0.0,1,1,1,1.146
leave-block-out (stress),B1,all,AD000155,8,1,1,0.0,1,1,1,0.0,1,1,1,1.503
leave-block-out (stress),B1,all,AD000172,7,1,1,0.0,1,1,1,0.0,1,1,1,0.876
leave-block-out (stress),B1,all,AD000173,8,1,1,0.0,1,1,1,0.0,1,1,1,1.444
leave-block-out (stress),B1,all,AD000176,7,1,1,0.0,1,1,1,0.0,1,1,1,0.91
leave-block-out (stress),B1,all,AD000197,8,1,1,0.0,1,1,1,0.0,1,1,1,1.424
leave-block-out (stress),B1,all,AD000223,6,1,1,3.0,1,1,1,8.062,1,1,1,1.016
leave-block-out (stress),B1,all,AD000238,9,1,1,0.0,1,1,1,0.0,1,1,1,1.156
leave-block-out (stress),B1,all,AD000253,7,1,1,0.0,1,1,1,0.0,1,1,1,0.76
leave-block-out (stress),B1,all,AD000258,11,1,1,0.0,1,1,1,0.0,1,1,1,0.869
leave-block-out (stress),B1,all,AD000260,8,1,1,0.0,1,1,1,0.0,1,1,1,0.888
leave-block-out (stress),B1,all,AD000309,8,1,1,0.0,1,1,1,0.0,1,1,1,0.96
leave-block-out (stress),B1,all,AD000316,8,1,1,0.0,1,1,1,0.0,1,1,1,1.153
leave-block-out (stress),B1,all,AD000323,6,1,1,2.0,1,1,1,2.0,1,1,1,1.004
leave-block-out (stress),B1,all,AD000337,7,1,1,0.0,1,1,1,0.0,1,1,1,0.75
leave-block-out (stress),B1,all,AD000338,7,1,1,0.0,1,1,1,0.0,1,1,1,1.06
leave-block-out (stress),B1,all,AD000354,6,1,1,138.668,0,1,1,176.1,0,1,1,0.759
leave-block-out (stress),B1,all,AD000355,6,1,1,5.0,1,1,1,38.328,1,1,1,0.857
leave-block-out (stress),B1,all,AD000360,6,1,1,0.0,1,1,1,0.0,1,1,1,0.782
leave-block-out (stress),B1,all,AD000369,8,1,1,0.0,1,1,1,0.0,1,1,1,1.123
leave-block-out (stress),B1,all,AD000379,6,1,1,0.0,1,1,1,0.0,1,1,1,0.973
leave-block-out (stress),B1,all,AD000387,7,1,1,0.0,1,1,1,0.0,1,1,1,0.811
leave-block-out (stress),B1,all,AD000397,7,1,1,0.0,1,1,1,0.0,1,1,1,1.017
leave-block-out (stress),B1,all,AD000412,6,1,1,0.0,1,1,1,0.0,1,1,1,1.037
leave-block-out (stress),B1,all,AD000424,6,1,1,1.803,1,1,1,8.5,1,1,1,1.114
leave-block-out (stress),B1,all,AD000430,7,1,1,0.0,1,1,1,0.0,1,1,1,0.792
leave-block-out (stress),B1,all,AD000433,8,1,1,0.0,1,1,1,0.0,1,1,1,1.064
leave-block-out (stress),B1,all,AD000460,7,1,1,0.0,1,1,1,0.0,1,1,1,1.088
leave-block-out (stress),B1,all,AD000475,8,1,1,0.0,1,1,1,0.0,1,1,1,1.181
leave-block-out (stress),B1,all,AD000517,8,1,1,0.0,1,1,1,0.0,1,1,1,0.939
leave-block-out (stress),B1,all,AD000524,8,1,1,0.0,1,1,1,0.0,1,1,1,1.12
leave-block-out (stress),B1,all,AD000526,6,1,1,588.165,0,0,0,589.337,0,0,0,1.021
leave-block-out (stress),B1,all,AD000529,8,1,1,0.0,1,1,1,0.0,1,1,1,1.094
leave-block-out (stress),B1,all,AD000541,8,1,1,0.0,1,1,1,0.0,1,1,1,1.196
leave-block-out (stress),B1,all,AD000560,8,1,1,0.0,1,1,1,0.0,1,1,1,1.117
leave-block-out (stress),B1,all,AD000589,6,1,1,5.701,1,1,1,17.678,1,1,1,0.938
leave-block-out (stress),B1,all,AD000602,8,1,1,0.0,1,1,1,0.0,1,1,1,0.984
leave-block-out (stress),B1,all,AD000608,8,1,1,0.0,1,1,1,0.0,1,1,1,1.02
leave-block-out (stress),B1,all,AD000613,9,1,1,0.0,1,1,1,0.0,1,1,1,1.221
leave-block-out (stress),B1,all,AD000624,6,1,1,148.705,0,1,1,148.705,0,1,1,0.729
leave-block-out (stress),B1,all,AD000630,7,1,1,0.0,1,1,1,0.0,1,1,1,0.716
leave-block-out (stress),B1,all,AD000631,7,1,1,1.118,1,1,1,2.693,1,1,1,1.154
leave-block-out (stress),B1,all,AD000634,7,1,1,0.0,1,1,1,0.0,1,1,1,0.835
leave-block-out (stress),B1,all,AD000639,5,1,1,68.889,1,1,1,183.696,0,1,1,0.945
leave-block-out (stress),B1,all,AD000652,8,1,1,0.0,1,1,1,0.0,1,1,1,1.059
leave-block-out (stress),B1,all,AD000658,6,1,1,5.59,1,1,1,46.36,1,1,1,0.848
leave-block-out (stress),B1,all,AD000667,8,1,1,0.0,1,1,1,0.0,1,1,1,0.983
leave-block-out (stress),B1,all,AD000668,8,1,1,0.0,1,1,1,0.0,1,1,1,0.976
leave-block-out (stress),B1,all,AD000710,7,1,1,0.0,1,1,1,0.0,1,1,1,0.783
leave-block-out (stress),B1,all,AD000711,6,1,1,6.083,1,1,1,8.0,1,1,1,0.989
leave-block-out (stress),B1,all,AD000722,6,1,1,4.5,1,1,1,7.5,1,1,1,1.139
leave-block-out (stress),B1,all,AD000727,7,1,1,0.0,1,1,1,1.0,1,1,1,1.131
leave-block-out (stress),B1,all,AD000733,8,1,1,0.0,1,1,1,0.0,1,1,1,1.159
leave-block-out (stress),B1,all,AD000741,6,1,1,122.761,0,1,1,126.338,0,1,1,0.818
leave-block-out (stress),B1,all,AD000753,6,1,1,30.647,1,1,1,30.647,1,1,1,0.886
leave-block-out (stress),B1,all,AD000756,6,1,1,95.73,1,1,1,95.73,1,1,1,0.853
leave-block-out (stress),B1,all,AD000759,7,1,1,0.0,1,1,1,0.0,1,1,1,0.715
leave-block-out (stress),B1,all,AD000779,5,1,1,1159.281,0,0,0,1159.281,0,0,0,1.167
leave-block-out (stress),B1,all,AD000782,7,1,1,0.0,1,1,1,0.0,1,1,1,0.762
leave-block-out (stress),B1,all,AD000785,10,1,1,0.0,1,1,1,0.0,1,1,1,1.227
leave-block-out (stress),B1,all,AD000787,8,1,1,0.0,1,1,1,0.0,1,1,1,0.908
leave-block-out (stress),B1,all,AD000809,8,1,1,0.0,1,1,1,0.0,1,1,1,1.04
leave-block-out (stress),B1,all,AD000810,8,1,1,0.0,1,1,1,0.0,1,1,1,0.915
leave-block-out (stress),B1,all,AD000817,8,1,1,0.0,1,1,1,0.0,1,1,1,1.214
leave-block-out (stress),B1,all,AD000825,7,1,1,0.0,1,1,1,0.0,1,1,1,1.032
leave-block-out (stress),B1,all,AD000836,8,1,1,0.0,1,1,1,0.0,1,1,1,1.221
leave-block-out (stress),B1,all,AD000841,7,1,1,0.0,1,1,1,0.0,1,1,1,1.104
leave-block-out (stress),B1,all,AD000850,7,1,1,0.0,1,1,1,0.0,1,1,1,0.877
leave-block-out (stress),B1,all,AD000854,8,1,1,0.0,1,1,1,0.0,1,1,1,0.943
leave-block-out (stress),B1,all,AD000869,6,1,1,4.0,1,1,1,5.0,1,1,1,1.047
leave-block-out (stress),B1,all,AD000904,7,1,1,0.0,1,1,1,0.0,1,1,1,0.769
leave-block-out (stress),B1,all,AD000924,11,1,1,0.0,1,1,1,0.0,1,1,1,1.224
leave-block-out (stress),B1,all,AD000936,8,1,1,0.0,1,1,1,0.0,1,1,1,1.875
leave-block-out (stress),B1,all,AD000942,7,1,1,0.0,1,1,1,0.0,1,1,1,0.875
leave-block-out (stress),B1,all,AD000948,6,1,1,1.0,1,1,1,2.0,1,1,1,0.79
leave-block-out (stress),B1,all,AD000969,7,1,1,0.0,1,1,1,0.0,1,1,1,0.941
leave-block-out (stress),B1,all,AD000986,8,1,1,0.0,1,1,1,0.0,1,1,1,1.031
leave-block-out (stress),B1,all,AD001031,8,1,1,0.0,1,1,1,0.0,1,1,1,0.971
leave-block-out (stress),B1,all,AD001035,8,1,1,0.0,1,1,1,0.0,1,1,1,0.986
leave-block-out (stress),B1,all,AD001040,8,1,1,0.0,1,1,1,0.0,1,1,1,1.167
leave-block-out (stress),B1,all,AD001042,8,1,1,0.0,1,1,1,0.0,1,1,1,1.032
leave-block-out (stress),B1,all,AD001045,8,1,1,0.0,1,1,1,0.0,1,1,1,0.865
leave-block-out (stress),B1,all,AD001053,8,1,1,0.0,1,1,1,0.0,1,1,1,1.205
leave-block-out (stress),B1,all,AD001080,11,1,1,0.0,1,1,1,0.0,1,1,1,0.831
leave-block-out (stress),B1,all,AD001091,8,1,1,0.0,1,1,1,0.0,1,1,1,1.086
leave-block-out (stress),B1,all,AD001105,6,1,1,2.0,1,1,1,2.0,1,1,1,0.908
leave-block-out (stress),B1,all,AD001116,8,1,1,0.0,1,1,1,0.0,1,1,1,0.985
leave-block-out (stress),B1,all,AD001121,9,1,1,0.0,1,1,1,0.0,1,1,1,1.228
leave-block-out (stress),B1,all,AD001122,7,1,1,0.0,1,1,1,0.0,1,1,1,1.128
leave-block-out (stress),B1,all,AD001127,6,1,1,15.7,1,1,1,15.7,1,1,1,0.902
leave-block-out (stress),B1,all,AD001130,7,1,1,0.0,1,1,1,0.0,1,1,1,0.957
leave-block-out (stress),B1,all,AD001133,7,1,1,0.0,1,1,1,0.0,1,1,1,0.877
leave-block-out (stress),B1,all,AD001135,6,1,1,79.071,1,1,1,79.071,1,1,1,0.811
leave-block-out (stress),B1,all,AD001145,8,1,1,0.0,1,1,1,0.0,1,1,1,0.898
leave-block-out (stress),B1,all,AD001152,9,1,1,0.0,1,1,1,0.0,1,1,1,1.021
leave-block-out (stress),B1,all,AD001156,11,1,1,0.0,1,1,1,0.0,1,1,1,0.998
leave-block-out (stress),B1,all,AD001170,8,1,1,0.0,1,1,1,0.0,1,1,1,1.084
leave-block-out (stress),B1,all,AD001178,7,1,1,0.0,1,1,1,0.0,1,1,1,0.891
leave-block-out (stress),B1,all,AD001186,8,1,1,0.0,1,1,1,0.0,1,1,1,1.135
leave-block-out (stress),B1,all,AD001200,8,1,1,0.0,1,1,1,0.0,1,1,1,1.116
leave-block-out (stress),B1,all,AD001212,10,1,1,0.0,1,1,1,0.0,1,1,1,1.142
leave-block-out (stress),B1,all,AD001232,8,1,1,0.0,1,1,1,0.0,1,1,1,0.957
leave-block-out (stress),B1,all,AD001236,7,1,1,0.0,1,1,1,0.0,1,1,1,1.007
leave-block-out (stress),B1,all,AD001254,8,1,1,0.0,1,1,1,0.0,1,1,1,1.128
leave-block-out (stress),B1,all,AD001268,5,1,1,196.329,0,1,1,196.329,0,1,1,0.823
leave-block-out (stress),B1,all,AD001272,8,1,1,0.0,1,1,1,0.0,1,1,1,0.982
leave-block-out (stress),B1,all,AD001314,8,1,1,0.0,1,1,1,0.0,1,1,1,1.046
leave-block-out (stress),B1,all,AD001324,8,1,1,0.0,1,1,1,0.0,1,1,1,0.904
leave-block-out (stress),B1,all,AD001339,7,1,1,118.052,0,1,1,119.085,0,1,1,1.067
leave-block-out (stress),B1,all,AD001352,6,1,1,3.0,1,1,1,5.0,1,1,1,0.964
leave-block-out (stress),B1,all,AD001357,7,1,1,0.0,1,1,1,0.0,1,1,1,0.736
leave-block-out (stress),B1,all,AD001363,7,1,1,0.0,1,1,1,0.0,1,1,1,0.803
leave-block-out (stress),B1,all,AD001364,7,1,1,0.0,1,1,1,0.0,1,1,1,0.819
leave-block-out (stress),B1,all,AD001408,8,1,1,0.0,1,1,1,0.0,1,1,1,1.102
leave-block-out (stress),B1,all,AD001416,8,1,1,0.0,1,1,1,0.0,1,1,1,1.137
leave-block-out (stress),B1,all,AD001422,6,1,1,7.0,1,1,1,7.0,1,1,1,1.017
leave-block-out (stress),B1,all,AD001447,6,1,1,2.0,1,1,1,2.0,1,1,1,0.962
leave-block-out (stress),B1,all,AD001462,9,1,1,0.0,1,1,1,0.0,1,1,1,1.242
leave-block-out (stress),B1,all,AD001499,8,1,1,0.0,1,1,1,0.0,1,1,1,1.048
leave-block-out (stress),B1,all,AD001505,8,1,1,0.0,1,1,1,0.0,1,1,1,0.999
leave-block-out (stress),B1,all,AD001509,8,1,1,0.0,1,1,1,0.0,1,1,1,1.056
leave-block-out (stress),B1,all,AD001523,8,1,1,0.0,1,1,1,0.0,1,1,1,1.107
leave-block-out (stress),B1,all,AD001539,8,1,1,0.0,1,1,1,0.0,1,1,1,0.88
leave-block-out (stress),B1,all,AD001540,7,1,1,0.0,1,1,1,0.0,1,1,1,0.79
leave-block-out (stress),B1,all,AD001551,6,1,1,141.902,0,1,1,141.902,0,1,1,0.801
leave-block-out (stress),B1,all,AD001554,7,1,1,0.0,1,1,1,0.0,1,1,1,0.812
leave-block-out (stress),B1,all,AD001555,8,1,1,0.0,1,1,1,0.0,1,1,1,1.258
leave-block-out (stress),B1,all,AD001578,6,1,1,0.0,1,1,1,0.0,1,1,1,1.038
leave-block-out (stress),B1,all,AD001581,8,1,1,0.0,1,1,1,0.0,1,1,1,1.049
leave-block-out (stress),B1,all,AD001587,7,1,1,0.0,1,1,1,0.0,1,1,1,0.863
leave-block-out (stress),B1,all,AD001619,7,1,1,0.0,1,1,1,0.0,1,1,1,0.8
leave-block-out (stress),B1,all,AD001627,12,1,1,0.0,1,1,1,0.0,1,1,1,1.274
leave-block-out (stress),B1,all,AD001638,6,1,1,6.0,1,1,1,15.0,1,1,1,1.028
leave-block-out (stress),B1,all,AD001647,8,1,1,0.0,1,1,1,0.0,1,1,1,1.187
leave-block-out (stress),B1,all,AD001662,7,1,1,0.0,1,1,1,0.0,1,1,1,0.996
leave-block-out (stress),B1,all,AD001689,7,1,1,0.0,1,1,1,0.0,1,1,1,0.827
leave-block-out (stress),B1,all,AD001700,7,1,1,0.0,1,1,1,0.0,1,1,1,0.795
leave-block-out (stress),B1,all,AD001713,8,1,1,0.0,1,1,1,0.0,1,1,1,0.963
leave-block-out (stress),B1,all,AD001722,9,1,1,0.0,1,1,1,0.0,1,1,1,1.052
leave-block-out (stress),B1,all,AD001726,7,1,1,0.0,1,1,1,0.0,1,1,1,0.963
leave-block-out (stress),B1,all,AD001731,6,1,1,31.0,1,1,1,42.0,1,1,1,0.799
leave-block-out (stress),B1,all,AD001738,7,1,1,0.0,1,1,1,0.0,1,1,1,1.107
leave-block-out (stress),B1,all,AD001741,7,1,1,0.0,1,1,1,0.0,1,1,1,0.872
leave-block-out (stress),B1,all,AD001742,7,1,1,0.0,1,1,1,0.0,1,1,1,1.13
leave-block-out (stress),B1,all,AD001746,8,1,1,0.0,1,1,1,0.0,1,1,1,1.192
leave-block-out (stress),B1,all,AD001753,8,1,1,0.0,1,1,1,0.0,1,1,1,1.198
leave-block-out (stress),B1,all,AD001760,8,1,1,0.0,1,1,1,0.0,1,1,1,0.994
leave-block-out (stress),B1,all,AD001767,5,1,1,156.644,0,1,1,156.644,0,1,1,1.349
leave-block-out (stress),B1,all,AD001779,7,1,1,0.0,1,1,1,0.0,1,1,1,0.866
leave-block-out (stress),B1,all,AD001788,7,1,1,0.0,1,1,1,18.868,1,1,1,1.087
leave-block-out (stress),B1,all,AD001792,10,1,1,8.631,1,1,1,8.631,1,1,1,1.03
leave-block-out (stress),B1,all,AD001794,8,1,1,0.0,1,1,1,0.0,1,1,1,1.051
leave-block-out (stress),B1,all,AD001815,8,1,1,0.0,1,1,1,0.0,1,1,1,1.059
leave-block-out (stress),B1,all,AD001821,8,1,1,0.0,1,1,1,0.0,1,1,1,1.266
leave-block-out (stress),B1,all,AD001879,7,1,1,0.0,1,1,1,0.0,1,1,1,0.849
leave-block-out (stress),B1,all,AD001880,5,1,1,736.448,0,0,0,736.448,0,0,0,0.8
leave-block-out (stress),B1,all,AD001891,7,1,1,0.0,1,1,1,6.325,1,1,1,1.123
leave-block-out (stress),B1,all,AD001923,7,1,1,0.0,1,1,1,0.0,1,1,1,0.806
leave-block-out (stress),B1,all,AD001954,8,1,1,0.0,1,1,1,0.0,1,1,1,1.056
leave-block-out (stress),B1,all,AD001972,8,1,1,0.0,1,1,1,0.0,1,1,1,0.915
leave-block-out (stress),B1,all,AD001973,11,1,1,0.0,1,1,1,0.0,1,1,1,1.386
leave-block-out (stress),B1,all,AD001995,5,1,1,148.268,0,1,1,190.145,0,1,1,0.956
leave-block-out (stress),B1,all,AD001996,10,1,1,0.0,1,1,1,0.0,1,1,1,1.092
leave-block-out (stress),B1,all,AD002027,8,1,1,0.0,1,1,1,0.0,1,1,1,1.067
leave-block-out (stress),B1,all,AD002045,7,1,1,0.0,1,1,1,0.0,1,1,1,0.947
leave-block-out (stress),B1,all,AD002057,4,1,1,182.227,0,1,1,182.227,0,1,1,0.914
leave-block-out (stress),B1,all,AD002060,8,1,1,0.0,1,1,1,0.0,1,1,1,0.845
leave-block-out (stress),B1,all,AD002061,7,1,1,0.0,1,1,1,0.0,1,1,1,1.075
leave-block-out (stress),B1,all,AD002069,8,1,1,0.0,1,1,1,0.0,1,1,1,1.116
leave-block-out (stress),B1,all,AD002070,5,1,1,1838.564,0,0,0,2011.34,0,0,0,0.751
leave-block-out (stress),B1,all,AD002074,7,1,1,0.0,1,1,1,0.0,1,1,1,1.202
leave-block-out (stress),B1,all,AD002089,8,1,1,0.0,1,1,1,0.0,1,1,1,0.982
leave-block-out (stress),B1,all,AD002103,8,1,1,0.0,1,1,1,0.0,1,1,1,1.318
leave-block-out (stress),B1,all,AD002112,9,1,1,0.0,1,1,1,0.0,1,1,1,1.213
leave-block-out (stress),B1,all,AD002123,6,1,1,2.236,1,1,1,2.236,1,1,1,0.987
leave-block-out (stress),B1,all,AD002131,8,1,1,0.0,1,1,1,0.0,1,1,1,1.006
leave-block-out (stress),B1,all,AD002134,8,1,1,0.0,1,1,1,0.0,1,1,1,1.05
leave-block-out (stress),B1,all,AD002138,9,1,1,0.0,1,1,1,0.0,1,1,1,1.089
leave-block-out (stress),B1,all,AD002154,8,1,1,0.0,1,1,1,0.0,1,1,1,1.281
leave-block-out (stress),B1,all,AD002176,7,1,1,0.0,1,1,1,0.0,1,1,1,0.948
leave-block-out (stress),B1,all,AD002181,6,1,1,4.0,1,1,1,6.0,1,1,1,0.922
leave-block-out (stress),B1,all,AD002194,8,1,1,0.0,1,1,1,0.0,1,1,1,1.011
leave-block-out (stress),B1,all,AD002197,8,1,1,0.0,1,1,1,0.0,1,1,1,1.17
leave-block-out (stress),B1,all,AD002245,7,1,1,0.0,1,1,1,0.0,1,1,1,1.19
leave-block-out (stress),B1,all,AD002251,7,1,1,0.0,1,1,1,0.0,1,1,1,0.868
leave-block-out (stress),B1,all,AD002253,8,1,1,0.0,1,1,1,0.0,1,1,1,1.244
leave-block-out (stress),B1,all,AD002270,6,1,1,0.0,1,1,1,0.0,1,1,1,1.073
leave-block-out (stress),B1,all,AD002299,8,1,1,0.0,1,1,1,0.0,1,1,1,1.113
leave-block-out (stress),B1,all,AD002332,11,1,1,0.0,1,1,1,0.0,1,1,1,1.335
leave-block-out (stress),B1,all,AD002333,12,1,1,0.0,1,1,1,0.0,1,1,1,1.221
leave-block-out (stress),B1,all,AD002357,8,1,1,0.0,1,1,1,0.0,1,1,1,1.087
leave-block-out (stress),B1,all,AD002362,8,1,1,0.0,1,1,1,0.0,1,1,1,1.097
leave-block-out (stress),B1,all,AD002412,6,1,1,91.093,1,1,1,94.921,1,1,1,1.005
leave-block-out (stress),B1,all,AD002415,6,1,1,128.812,0,1,1,2540.825,0,0,0,0.907
leave-block-out (stress),B1,all,AD002416,5,1,1,1613.944,0,0,0,1970.533,0,0,0,0.92
leave-block-out (stress),B1,all,AD002424,7,1,1,0.0,1,1,1,0.0,1,1,1,0.821
leave-block-out (stress),B1,all,AD002458,9,1,1,0.0,1,1,1,0.0,1,1,1,1.214
leave-block-out (stress),B1,all,AD002466,8,1,1,0.0,1,1,1,0.0,1,1,1,1.124
leave-block-out (stress),B1,all,AD002485,12,1,1,0.0,1,1,1,0.0,1,1,1,1.432
leave-block-out (stress),B1,all,AD002490,8,1,1,0.0,1,1,1,0.0,1,1,1,1.017
leave-block-out (stress),B1,all,AD002499,7,1,1,0.0,1,1,1,0.0,1,1,1,0.951
leave-block-out (stress),B1,all,AD002504,8,1,1,0.0,1,1,1,0.0,1,1,1,1.653
leave-block-out (stress),B1,all,AD002509,8,1,1,0.0,1,1,1,0.0,1,1,1,2.122
leave-block-out (stress),B1,all,AD002535,8,1,1,0.0,1,1,1,0.0,1,1,1,1.131
leave-block-out (stress),B1,all,AD002566,7,1,1,0.0,1,1,1,0.0,1,1,1,1.081
leave-block-out (stress),B1,all,AD002579,8,1,1,0.0,1,1,1,0.0,1,1,1,1.071
leave-block-out (stress),B1,all,AD002583,8,1,1,0.0,1,1,1,0.0,1,1,1,1.092
leave-block-out (stress),B1,all,AD002606,5,1,1,85.555,1,1,1,184.408,0,1,1,1.118
leave-block-out (stress),B1,all,AD002621,8,1,1,0.0,1,1,1,0.0,1,1,1,1.545
leave-block-out (stress),B1,all,AD002633,7,1,1,0.0,1,1,1,0.0,1,1,1,0.989
leave-block-out (stress),B1,all,AD002637,10,1,1,0.0,1,1,1,0.0,1,1,1,1.001
leave-block-out (stress),B1,all,AD002661,11,1,1,0.0,1,1,1,0.0,1,1,1,1.161
leave-block-out (stress),B1,all,AD002663,6,1,1,0.0,1,1,1,12.042,1,1,1,0.79
leave-block-out (stress),B1,all,AD002664,7,1,1,0.0,1,1,1,0.0,1,1,1,1.054
leave-block-out (stress),B1,all,AD002673,6,1,1,5.701,1,1,1,5.701,1,1,1,1.076
leave-block-out (stress),B1,all,AD002685,5,1,1,155.081,0,1,1,155.081,0,1,1,1.08
leave-block-out (stress),B1,all,AD002691,9,1,1,0.0,1,1,1,0.0,1,1,1,1.025
leave-block-out (stress),B1,all,AD002696,6,1,1,156.029,0,1,1,156.029,0,1,1,0.992
leave-block-out (stress),B1,all,AD002711,6,1,1,0.0,1,1,1,0.0,1,1,1,1.044
leave-block-out (stress),B1,all,AD002728,8,1,1,40.954,1,1,1,43.603,1,1,1,1.134
leave-block-out (stress),B1,all,AD002737,7,1,1,0.0,1,1,1,0.0,1,1,1,0.996
leave-block-out (stress),B1,all,AD002748,8,1,1,0.0,1,1,1,0.0,1,1,1,0.88
leave-block-out (stress),B1,all,AD002751,8,1,1,0.0,1,1,1,0.0,1,1,1,0.985
leave-block-out (stress),B1,all,AD002763,7,1,1,0.0,1,1,1,0.0,1,1,1,0.826
leave-block-out (stress),B1,all,AD002764,5,1,1,19.454,1,1,1,38.161,1,1,1,0.964
leave-block-out (stress),B1,all,AD002802,8,1,1,0.0,1,1,1,0.0,1,1,1,1.015
leave-block-out (stress),B1,all,AD002808,6,1,1,162.98,0,1,1,162.98,0,1,1,1.147
leave-block-out (stress),B1,all,AD002809,7,1,1,0.0,1,1,1,0.0,1,1,1,0.85
leave-block-out (stress),B1,all,AD002819,8,1,1,1.803,1,1,1,1.803,1,1,1,1.278
leave-block-out (stress),B1,all,AD002821,9,1,1,0.0,1,1,1,0.0,1,1,1,1.291
leave-block-out (stress),B1,all,AD002849,6,1,1,5.0,1,1,1,16.643,1,1,1,0.857
leave-block-out (stress),B1,all,AD002858,8,1,1,0.0,1,1,1,0.0,1,1,1,1.102
leave-block-out (stress),B1,all,AD002870,8,1,1,0.0,1,1,1,0.0,1,1,1,1.081
leave-block-out (stress),B1,all,AD002875,8,1,1,0.0,1,1,1,0.0,1,1,1,1.085
leave-block-out (stress),B1,all,AD002880,8,1,1,0.0,1,1,1,0.0,1,1,1,0.946
leave-block-out (stress),B1,all,AD002882,11,1,1,0.0,1,1,1,0.0,1,1,1,0.964
leave-block-out (stress),B1,all,AD002911,8,1,1,0.0,1,1,1,0.0,1,1,1,1.008
leave-block-out (stress),B1,all,AD002936,7,1,1,0.0,1,1,1,0.0,1,1,1,1.082
leave-block-out (stress),B1,all,AD002962,8,1,1,0.0,1,1,1,0.0,1,1,1,0.973
leave-block-out (stress),B1,all,AD002966,8,1,1,0.0,1,1,1,0.0,1,1,1,0.929
leave-block-out (stress),B1,all,AD002996,7,1,1,0.0,1,1,1,0.0,1,1,1,0.962
leave-block-out (stress),B1,all,AD003014,7,1,1,0.0,1,1,1,0.0,1,1,1,0.857
leave-block-out (stress),B1,all,AD003016,6,1,1,117.209,0,1,1,117.209,0,1,1,1.435
leave-block-out (stress),B1,all,AD003041,7,1,1,0.0,1,1,1,0.0,1,1,1,0.875
leave-block-out (stress),B1,all,AD003050,8,1,1,0.0,1,1,1,0.0,1,1,1,1.044
leave-block-out (stress),B1,all,AD003060,8,1,1,0.0,1,1,1,0.0,1,1,1,1.086
leave-block-out (stress),B1,all,AD003067,8,1,1,0.0,1,1,1,0.0,1,1,1,1.066
leave-block-out (stress),B1,all,AD003074,11,1,1,0.0,1,1,1,0.0,1,1,1,0.989
leave-block-out (stress),B1,all,AD003077,8,1,1,0.0,1,1,1,0.0,1,1,1,0.995
leave-block-out (stress),B1,all,AD003085,8,1,1,0.0,1,1,1,0.0,1,1,1,0.898
leave-block-out (stress),B2,static,AD000012,3,1,1,121.264,0,1,1,121.264,0,1,1,1.613
leave-block-out (stress),B2,static,AD000023,3,1,1,381.158,0,0,1,381.158,0,0,1,1.685
leave-block-out (stress),B2,static,AD000027,3,1,1,164.502,0,1,1,319.555,0,0,1,1.681
leave-block-out (stress),B2,static,AD000032,3,1,1,415.992,0,0,1,466.514,0,0,1,4.888
leave-block-out (stress),B2,static,AD000037,6,1,1,160.972,0,1,1,1302.431,0,0,0,1.542
leave-block-out (stress),B2,static,AD000047,3,1,1,431.46,0,0,1,560.169,0,0,0,1.651
leave-block-out (stress),B2,static,AD000049,3,1,1,348.54,0,0,1,348.54,0,0,1,5.127
leave-block-out (stress),B2,static,AD000062,3,1,1,65.157,1,1,1,171.811,0,1,1,1.745
leave-block-out (stress),B2,static,AD000066,3,1,1,40.602,1,1,1,373.431,0,0,1,1.749
leave-block-out (stress),B2,static,AD000068,3,1,1,187.628,0,1,1,187.628,0,1,1,4.786
leave-block-out (stress),B2,static,AD000069,3,1,1,630.283,0,0,0,764.138,0,0,0,1.59
leave-block-out (stress),B2,static,AD000079,3,1,1,165.369,0,1,1,165.369,0,1,1,5.271
leave-block-out (stress),B2,static,AD000094,5,1,1,75.701,1,1,1,75.701,1,1,1,5.13
leave-block-out (stress),B2,static,AD000096,3,1,1,338.155,0,0,1,355.067,0,0,1,5.41
leave-block-out (stress),B2,static,AD000105,3,1,1,447.63,0,0,1,586.055,0,0,0,1.792
leave-block-out (stress),B2,static,AD000114,3,1,1,74.165,1,1,1,74.165,1,1,1,1.609
leave-block-out (stress),B2,static,AD000129,4,1,1,523.526,0,0,0,630.789,0,0,0,7.431
leave-block-out (stress),B2,static,AD000138,3,1,1,48.487,1,1,1,156.387,0,1,1,1.752
leave-block-out (stress),B2,static,AD000142,3,1,1,145.525,0,1,1,145.525,0,1,1,3.108
leave-block-out (stress),B2,static,AD000155,3,1,1,44.643,1,1,1,44.643,1,1,1,5.355
leave-block-out (stress),B2,static,AD000172,3,1,1,304.109,0,0,1,304.109,0,0,1,5.26
leave-block-out (stress),B2,static,AD000173,3,1,1,242.711,0,1,1,242.711,0,1,1,6.673
leave-block-out (stress),B2,static,AD000176,3,1,1,343.193,0,0,1,343.193,0,0,1,4.794
leave-block-out (stress),B2,static,AD000197,3,1,1,150.741,0,1,1,460.47,0,0,1,1.816
leave-block-out (stress),B2,static,AD000223,3,1,1,297.433,0,0,1,297.433,0,0,1,1.758
leave-block-out (stress),B2,static,AD000238,4,1,1,33.767,1,1,1,33.767,1,1,1,6.311
leave-block-out (stress),B2,static,AD000253,3,1,1,166.756,0,1,1,166.756,0,1,1,2.319
leave-block-out (stress),B2,static,AD000258,7,1,1,251.0,0,0,1,2224.758,0,0,0,2.759
leave-block-out (stress),B2,static,AD000260,3,1,1,244.712,0,1,1,244.712,0,1,1,2.679
leave-block-out (stress),B2,static,AD000309,3,1,1,254.285,0,0,1,254.285,0,0,1,1.897
leave-block-out (stress),B2,static,AD000316,3,1,1,57.073,1,1,1,57.073,1,1,1,5.216
leave-block-out (stress),B2,static,AD000323,3,1,1,79.699,1,1,1,79.699,1,1,1,5.06
leave-block-out (stress),B2,static,AD000337,3,1,1,30.585,1,1,1,30.585,1,1,1,1.552
leave-block-out (stress),B2,static,AD000338,3,1,1,338.916,0,0,1,338.916,0,0,1,4.838
leave-block-out (stress),B2,static,AD000354,3,1,1,138.668,0,1,1,138.668,0,1,1,1.517
leave-block-out (stress),B2,static,AD000355,3,1,1,272.932,0,0,1,272.932,0,0,1,1.571
leave-block-out (stress),B2,static,AD000360,3,1,1,364.144,0,0,1,364.144,0,0,1,5.204
leave-block-out (stress),B2,static,AD000369,3,1,1,121.08,0,1,1,121.08,0,1,1,5.152
leave-block-out (stress),B2,static,AD000379,3,1,1,540.336,0,0,0,728.854,0,0,0,1.523
leave-block-out (stress),B2,static,AD000387,3,1,1,278.708,0,0,1,302.318,0,0,1,1.576
leave-block-out (stress),B2,static,AD000397,3,1,1,81.298,1,1,1,263.528,0,0,1,1.653
leave-block-out (stress),B2,static,AD000412,3,1,1,226.165,0,1,1,226.165,0,1,1,5.184
leave-block-out (stress),B2,static,AD000424,3,1,1,146.899,0,1,1,146.899,0,1,1,4.948
leave-block-out (stress),B2,static,AD000430,3,1,1,147.474,0,1,1,170.972,0,1,1,1.383
leave-block-out (stress),B2,static,AD000433,4,1,1,523.238,0,0,0,2045.598,0,0,0,4.951
leave-block-out (stress),B2,static,AD000460,3,1,1,240.484,0,1,1,248.907,0,1,1,5.246
leave-block-out (stress),B2,static,AD000475,3,1,1,184.642,0,1,1,387.754,0,0,1,5.237
leave-block-out (stress),B2,static,AD000517,3,1,1,93.418,1,1,1,93.418,1,1,1,1.598
leave-block-out (stress),B2,static,AD000524,3,1,1,149.958,0,1,1,149.958,0,1,1,1.919
leave-block-out (stress),B2,static,AD000526,3,1,1,832.488,0,0,0,852.128,0,0,0,5.133
leave-block-out (stress),B2,static,AD000529,3,1,1,88.168,1,1,1,110.001,0,1,1,5.201
leave-block-out (stress),B2,static,AD000541,3,1,1,274.462,0,0,1,274.462,0,0,1,5.364
leave-block-out (stress),B2,static,AD000560,3,1,1,412.681,0,0,1,412.681,0,0,1,4.851
leave-block-out (stress),B2,static,AD000589,3,1,1,276.584,0,0,1,337.894,0,0,1,1.686
leave-block-out (stress),B2,static,AD000602,3,1,1,317.322,0,0,1,319.707,0,0,1,2.301
leave-block-out (stress),B2,static,AD000608,4,1,1,297.686,0,0,1,297.686,0,0,1,5.15
leave-block-out (stress),B2,static,AD000613,4,1,1,324.211,0,0,1,331.051,0,0,1,5.172
leave-block-out (stress),B2,static,AD000624,4,1,1,576.438,0,0,0,1392.849,0,0,0,1.437
leave-block-out (stress),B2,static,AD000630,3,1,1,212.896,0,1,1,219.042,0,1,1,1.478
leave-block-out (stress),B2,static,AD000631,4,1,1,273.457,0,0,1,278.238,0,0,1,6.642
leave-block-out (stress),B2,static,AD000634,3,1,1,544.149,0,0,0,670.439,0,0,0,4.851
leave-block-out (stress),B2,static,AD000639,3,1,1,68.889,1,1,1,126.421,0,1,1,1.658
leave-block-out (stress),B2,static,AD000652,3,1,1,166.513,0,1,1,166.513,0,1,1,1.79
leave-block-out (stress),B2,static,AD000658,3,1,1,319.558,0,0,1,535.327,0,0,0,1.652
leave-block-out (stress),B2,static,AD000667,3,1,1,486.411,0,0,1,620.642,0,0,0,1.759
leave-block-out (stress),B2,static,AD000668,3,1,1,110.386,0,1,1,110.386,0,1,1,1.593
leave-block-out (stress),B2,static,AD000710,3,1,1,315.092,0,0,1,464.85,0,0,1,1.428
leave-block-out (stress),B2,static,AD000711,4,1,1,300.083,0,0,1,300.083,0,0,1,4.986
leave-block-out (stress),B2,static,AD000722,3,1,1,360.067,0,0,1,360.067,0,0,1,9.246
leave-block-out (stress),B2,static,AD000727,4,1,1,131.751,0,1,1,131.751,0,1,1,5.295
leave-block-out (stress),B2,static,AD000733,3,1,1,188.101,0,1,1,245.596,0,1,1,5.309
leave-block-out (stress),B2,static,AD000741,3,1,1,122.761,0,1,1,122.761,0,1,1,1.587
leave-block-out (stress),B2,static,AD000753,3,1,1,374.894,0,0,1,374.894,0,0,1,1.544
leave-block-out (stress),B2,static,AD000756,3,1,1,194.267,0,1,1,221.641,0,1,1,1.568
leave-block-out (stress),B2,static,AD000759,3,1,1,93.304,1,1,1,93.304,1,1,1,1.525
leave-block-out (stress),B2,static,AD000779,3,1,1,1270.469,0,0,0,1270.469,0,0,0,1.534
leave-block-out (stress),B2,static,AD000782,3,1,1,374.849,0,0,1,374.849,0,0,1,1.511
leave-block-out (stress),B2,static,AD000785,6,1,1,323.556,0,0,1,1029.123,0,0,0,5.246
leave-block-out (stress),B2,static,AD000787,3,1,1,16.819,1,1,1,16.819,1,1,1,4.972
leave-block-out (stress),B2,static,AD000809,3,1,1,496.101,0,0,1,496.101,0,0,1,1.748
leave-block-out (stress),B2,static,AD000810,3,1,1,490.75,0,0,1,667.845,0,0,0,1.579
leave-block-out (stress),B2,static,AD000817,3,1,1,233.947,0,1,1,233.947,0,1,1,1.814
leave-block-out (stress),B2,static,AD000825,3,1,1,55.1,1,1,1,55.1,1,1,1,5.005
leave-block-out (stress),B2,static,AD000836,4,1,1,306.573,0,0,1,396.888,0,0,1,5.155
leave-block-out (stress),B2,static,AD000841,3,1,1,292.843,0,0,1,292.843,0,0,1,4.907
leave-block-out (stress),B2,static,AD000850,3,1,1,168.423,0,1,1,316.332,0,0,1,1.486
leave-block-out (stress),B2,static,AD000854,3,1,1,490.741,0,0,1,608.084,0,0,0,1.529
leave-block-out (stress),B2,static,AD000869,4,1,1,58.667,1,1,1,229.127,0,1,1,5.261
leave-block-out (stress),B2,static,AD000904,3,1,1,265.391,0,0,1,265.391,0,0,1,5.007
leave-block-out (stress),B2,static,AD000924,6,1,1,342.963,0,0,1,343.702,0,0,1,4.93
leave-block-out (stress),B2,static,AD000936,3,1,1,364.652,0,0,1,364.652,0,0,1,5.184
leave-block-out (stress),B2,static,AD000942,3,1,1,72.575,1,1,1,72.575,1,1,1,1.422
leave-block-out (stress),B2,static,AD000948,3,1,1,141.998,0,1,1,195.983,0,1,1,1.564
leave-block-out (stress),B2,static,AD000969,3,1,1,73.828,1,1,1,73.828,1,1,1,1.687
leave-block-out (stress),B2,static,AD000986,3,1,1,22.02,1,1,1,22.02,1,1,1,1.85
leave-block-out (stress),B2,static,AD001031,3,1,1,138.994,0,1,1,142.05,0,1,1,1.802
leave-block-out (stress),B2,static,AD001035,3,1,1,614.284,0,0,0,614.284,0,0,0,2.056
leave-block-out (stress),B2,static,AD001040,3,1,1,110.505,0,1,1,110.505,0,1,1,5.333
leave-block-out (stress),B2,static,AD001042,3,1,1,27.237,1,1,1,27.237,1,1,1,1.714
leave-block-out (stress),B2,static,AD001045,3,1,1,260.787,0,0,1,260.787,0,0,1,1.57
leave-block-out (stress),B2,static,AD001053,4,1,1,104.832,0,1,1,111.114,0,1,1,5.162
leave-block-out (stress),B2,static,AD001080,7,1,1,190.432,0,1,1,190.432,0,1,1,1.608
leave-block-out (stress),B2,static,AD001091,4,1,1,67.339,1,1,1,67.339,1,1,1,5.047
leave-block-out (stress),B2,static,AD001105,3,1,1,444.251,0,0,1,459.324,0,0,1,1.637
leave-block-out (stress),B2,static,AD001116,4,1,1,28.827,1,1,1,28.827,1,1,1,6.224
leave-block-out (stress),B2,static,AD001121,4,1,1,115.333,0,1,1,115.333,0,1,1,5.263
leave-block-out (stress),B2,static,AD001122,3,1,1,304.007,0,0,1,378.993,0,0,1,5.088
leave-block-out (stress),B2,static,AD001127,3,1,1,229.544,0,1,1,229.544,0,1,1,1.507
leave-block-out (stress),B2,static,AD001130,3,1,1,118.209,0,1,1,118.209,0,1,1,5.198
leave-block-out (stress),B2,static,AD001133,3,1,1,168.974,0,1,1,168.974,0,1,1,4.893
leave-block-out (stress),B2,static,AD001135,3,1,1,184.695,0,1,1,184.695,0,1,1,1.627
leave-block-out (stress),B2,static,AD001145,3,1,1,47.432,1,1,1,47.432,1,1,1,1.688
leave-block-out (stress),B2,static,AD001152,4,1,1,164.683,0,1,1,164.683,0,1,1,5.04
leave-block-out (stress),B2,static,AD001156,6,1,1,140.057,0,1,1,140.057,0,1,1,1.741
leave-block-out (stress),B2,static,AD001170,3,1,1,165.887,0,1,1,165.887,0,1,1,1.707
leave-block-out (stress),B2,static,AD001178,3,1,1,266.681,0,0,1,435.97,0,0,1,1.526
leave-block-out (stress),B2,static,AD001186,3,1,1,155.618,0,1,1,406.339,0,0,1,1.77
leave-block-out (stress),B2,static,AD001200,4,1,1,259.091,0,0,1,397.126,0,0,1,5.24
leave-block-out (stress),B2,static,AD001212,6,1,1,586.031,0,0,0,1630.448,0,0,0,5.2
leave-block-out (stress),B2,static,AD001232,3,1,1,139.564,0,1,1,139.564,0,1,1,1.634
leave-block-out (stress),B2,static,AD001236,3,1,1,460.182,0,0,1,460.182,0,0,1,1.726
leave-block-out (stress),B2,static,AD001254,4,1,1,177.545,0,1,1,177.545,0,1,1,4.985
leave-block-out (stress),B2,static,AD001268,3,1,1,318.791,0,0,1,452.607,0,0,1,1.437
leave-block-out (stress),B2,static,AD001272,3,1,1,359.736,0,0,1,437.513,0,0,1,1.731
leave-block-out (stress),B2,static,AD001314,3,1,1,127.278,0,1,1,127.278,0,1,1,1.655
leave-block-out (stress),B2,static,AD001324,3,1,1,17.056,1,1,1,17.056,1,1,1,1.556
leave-block-out (stress),B2,static,AD001339,4,1,1,334.842,0,0,1,356.319,0,0,1,4.982
leave-block-out (stress),B2,static,AD001352,4,1,1,194.035,0,1,1,194.035,0,1,1,5.249
leave-block-out (stress),B2,static,AD001357,3,1,1,214.084,0,1,1,271.159,0,0,1,1.462
leave-block-out (stress),B2,static,AD001363,3,1,1,372.266,0,0,1,483.889,0,0,1,1.449
leave-block-out (stress),B2,static,AD001364,3,1,1,286.773,0,0,1,286.773,0,0,1,1.484
leave-block-out (stress),B2,static,AD001408,3,1,1,137.242,0,1,1,494.721,0,0,1,5.169
leave-block-out (stress),B2,static,AD001416,3,1,1,60.559,1,1,1,60.559,1,1,1,5.08
leave-block-out (stress),B2,static,AD001422,3,1,1,362.907,0,0,1,362.907,0,0,1,1.826
leave-block-out (stress),B2,static,AD001447,3,1,1,151.867,0,1,1,151.867,0,1,1,1.579
leave-block-out (stress),B2,static,AD001462,4,1,1,391.66,0,0,1,429.362,0,0,1,6.5
leave-block-out (stress),B2,static,AD001499,3,1,1,92.125,1,1,1,92.125,1,1,1,1.849
leave-block-out (stress),B2,static,AD001505,3,1,1,99.561,1,1,1,99.561,1,1,1,1.837
leave-block-out (stress),B2,static,AD001509,3,1,1,573.657,0,0,0,578.906,0,0,0,1.801
leave-block-out (stress),B2,static,AD001523,3,1,1,326.644,0,0,1,354.348,0,0,1,4.89
leave-block-out (stress),B2,static,AD001539,3,1,1,154.721,0,1,1,154.721,0,1,1,1.501
leave-block-out (stress),B2,static,AD001540,3,1,1,170.946,0,1,1,170.946,0,1,1,1.474
leave-block-out (stress),B2,static,AD001551,3,1,1,551.817,0,0,0,779.139,0,0,0,1.617
leave-block-out (stress),B2,static,AD001554,3,1,1,122.705,0,1,1,142.904,0,1,1,1.571
leave-block-out (stress),B2,static,AD001555,3,1,1,232.754,0,1,1,323.581,0,0,1,5.389
leave-block-out (stress),B2,static,AD001578,3,1,1,117.904,0,1,1,117.904,0,1,1,5.002
leave-block-out (stress),B2,static,AD001581,3,1,1,121.891,0,1,1,121.891,0,1,1,5.149
leave-block-out (stress),B2,static,AD001587,3,1,1,424.637,0,0,1,424.637,0,0,1,1.49
leave-block-out (stress),B2,static,AD001619,3,1,1,104.472,0,1,1,104.472,0,1,1,1.507
leave-block-out (stress),B2,static,AD001627,7,1,1,255.731,0,0,1,407.821,0,0,1,4.928
leave-block-out (stress),B2,static,AD001638,3,1,1,301.118,0,0,1,319.686,0,0,1,1.699
leave-block-out (stress),B2,static,AD001647,3,1,1,112.468,0,1,1,152.158,0,1,1,5.283
leave-block-out (stress),B2,static,AD001662,3,1,1,212.139,0,1,1,431.003,0,0,1,1.58
leave-block-out (stress),B2,static,AD001689,3,1,1,115.462,0,1,1,115.462,0,1,1,1.605
leave-block-out (stress),B2,static,AD001700,3,1,1,23.483,1,1,1,23.483,1,1,1,1.485
leave-block-out (stress),B2,static,AD001713,3,1,1,2.163,1,1,1,2.163,1,1,1,4.772
leave-block-out (stress),B2,static,AD001722,4,1,1,376.948,0,0,1,1332.773,0,0,0,1.699
leave-block-out (stress),B2,static,AD001726,3,1,1,44.471,1,1,1,44.471,1,1,1,1.634
leave-block-out (stress),B2,static,AD001731,3,1,1,85.387,1,1,1,85.387,1,1,1,1.481
leave-block-out (stress),B2,static,AD001738,3,1,1,250.635,0,0,1,262.395,0,0,1,5.067
leave-block-out (stress),B2,static,AD001741,3,1,1,159.227,0,1,1,159.227,0,1,1,1.539
leave-block-out (stress),B2,static,AD001742,3,1,1,320.581,0,0,1,320.581,0,0,1,4.982
leave-block-out (stress),B2,static,AD001746,3,1,1,298.984,0,0,1,311.005,0,0,1,1.728
leave-block-out (stress),B2,static,AD001753,4,1,1,85.468,1,1,1,85.468,1,1,1,5.365
leave-block-out (stress),B2,static,AD001760,3,1,1,376.147,0,0,1,376.147,0,0,1,5.069
leave-block-out (stress),B2,static,AD001767,3,1,1,188.518,0,1,1,188.518,0,1,1,4.895
leave-block-out (stress),B2,static,AD001779,3,1,1,139.212,0,1,1,139.212,0,1,1,1.445
leave-block-out (stress),B2,static,AD001788,4,1,1,185.065,0,1,1,364.04,0,0,1,5.083
leave-block-out (stress),B2,static,AD001792,7,1,1,68.019,1,1,1,68.019,1,1,1,5.169
leave-block-out (stress),B2,static,AD001794,3,1,1,261.739,0,0,1,304.36,0,0,1,1.695
leave-block-out (stress),B2,static,AD001815,3,1,1,365.02,0,0,1,365.02,0,0,1,1.709
leave-block-out (stress),B2,static,AD001821,3,1,1,68.236,1,1,1,68.236,1,1,1,5.309
leave-block-out (stress),B2,static,AD001879,3,1,1,258.424,0,0,1,258.424,0,0,1,1.517
leave-block-out (stress),B2,static,AD001880,3,1,1,826.704,0,0,0,826.704,0,0,0,1.414
leave-block-out (stress),B2,static,AD001891,4,1,1,393.628,0,0,1,441.467,0,0,1,5.036
leave-block-out (stress),B2,static,AD001923,3,1,1,173.908,0,1,1,181.824,0,1,1,1.42
leave-block-out (stress),B2,static,AD001954,3,1,1,490.272,0,0,1,497.427,0,0,1,1.768
leave-block-out (stress),B2,static,AD001972,3,1,1,64.154,1,1,1,64.154,1,1,1,1.592
leave-block-out (stress),B2,static,AD001973,6,1,1,303.133,0,0,1,1495.194,0,0,0,5.202
leave-block-out (stress),B2,static,AD001995,3,1,1,148.268,0,1,1,148.268,0,1,1,5.126
leave-block-out (stress),B2,static,AD001996,7,1,1,200.441,0,1,1,200.441,0,1,1,4.917
leave-block-out (stress),B2,static,AD002027,3,1,1,216.82,0,1,1,258.132,0,0,1,1.677
leave-block-out (stress),B2,static,AD002045,3,1,1,176.434,0,1,1,176.434,0,1,1,4.965
leave-block-out (stress),B2,static,AD002057,2,1,1,1224.483,0,0,0,1224.483,0,0,0,1.471
leave-block-out (stress),B2,static,AD002060,3,1,1,163.64,0,1,1,163.64,0,1,1,1.504
leave-block-out (stress),B2,static,AD002061,3,1,1,148.318,0,1,1,148.318,0,1,1,1.715
leave-block-out (stress),B2,static,AD002069,4,1,1,131.309,0,1,1,148.362,0,1,1,5.22
leave-block-out (stress),B2,static,AD002070,3,1,1,1838.564,0,0,0,1838.564,0,0,0,1.425
leave-block-out (stress),B2,static,AD002074,3,1,1,45.414,1,1,1,45.414,1,1,1,4.707
leave-block-out (stress),B2,static,AD002089,3,1,1,222.236,0,1,1,274.665,0,0,1,1.701
leave-block-out (stress),B2,static,AD002103,3,1,1,505.207,0,0,0,525.531,0,0,0,5.313
leave-block-out (stress),B2,static,AD002112,4,1,1,73.237,1,1,1,73.237,1,1,1,5.307
leave-block-out (stress),B2,static,AD002123,3,1,1,186.671,0,1,1,259.821,0,0,1,1.718
leave-block-out (stress),B2,static,AD002131,3,1,1,213.082,0,1,1,213.082,0,1,1,1.645
leave-block-out (stress),B2,static,AD002134,3,1,1,87.328,1,1,1,95.892,1,1,1,5.379
leave-block-out (stress),B2,static,AD002138,4,1,1,186.074,0,1,1,186.074,0,1,1,5.218
leave-block-out (stress),B2,static,AD002154,3,1,1,318.425,0,0,1,318.425,0,0,1,5.206
leave-block-out (stress),B2,static,AD002176,3,1,1,368.01,0,0,1,440.986,0,0,1,1.519
leave-block-out (stress),B2,static,AD002181,3,1,1,36.676,1,1,1,36.676,1,1,1,1.518
leave-block-out (stress),B2,static,AD002194,3,1,1,330.334,0,0,1,330.334,0,0,1,1.572
leave-block-out (stress),B2,static,AD002197,4,1,1,50.408,1,1,1,50.408,1,1,1,4.788
leave-block-out (stress),B2,static,AD002245,3,1,1,100.242,0,1,1,100.242,0,1,1,1.511
leave-block-out (stress),B2,static,AD002251,3,1,1,441.991,0,0,1,488.531,0,0,1,1.462
leave-block-out (stress),B2,static,AD002253,3,1,1,329.605,0,0,1,376.755,0,0,1,1.762
leave-block-out (stress),B2,static,AD002270,3,1,1,181.447,0,1,1,282.725,0,0,1,5.141
leave-block-out (stress),B2,static,AD002299,3,1,1,360.794,0,0,1,360.794,0,0,1,1.664
leave-block-out (stress),B2,static,AD002332,6,1,1,392.431,0,0,1,1527.992,0,0,0,5.228
leave-block-out (stress),B2,static,AD002333,7,1,1,427.12,0,0,1,627.699,0,0,0,1.884
leave-block-out (stress),B2,static,AD002357,3,1,1,226.477,0,1,1,226.477,0,1,1,1.725
leave-block-out (stress),B2,static,AD002362,3,1,1,45.404,1,1,1,45.404,1,1,1,1.722
leave-block-out (stress),B2,static,AD002412,5,1,1,224.703,0,1,1,379.36,0,0,1,5.044
leave-block-out (stress),B2,static,AD002415,5,1,1,128.812,0,1,1,2668.133,0,0,0,5.484
leave-block-out (stress),B2,static,AD002416,3,1,1,1613.944,0,0,0,1613.944,0,0,0,4.943
leave-block-out (stress),B2,static,AD002424,3,1,1,42.104,1,1,1,42.104,1,1,1,1.408
leave-block-out (stress),B2,static,AD002458,5,1,1,31.428,1,1,1,371.058,0,0,1,4.93
leave-block-out (stress),B2,static,AD002466,3,1,1,283.952,0,0,1,288.353,0,0,1,5.22
leave-block-out (stress),B2,static,AD002485,8,1,1,159.05,0,1,1,1488.776,0,0,0,5.257
leave-block-out (stress),B2,static,AD002490,3,1,1,253.11,0,0,1,419.0,0,0,1,1.584
leave-block-out (stress),B2,static,AD002499,3,1,1,133.431,0,1,1,187.103,0,1,1,1.53
leave-block-out (stress),B2,static,AD002504,3,1,1,185.528,0,1,1,185.528,0,1,1,5.223
leave-block-out (stress),B2,static,AD002509,3,1,1,135.661,0,1,1,135.661,0,1,1,5.083
leave-block-out (stress),B2,static,AD002535,5,1,1,373.48,0,0,1,373.48,0,0,1,4.964
leave-block-out (stress),B2,static,AD002566,4,1,1,171.073,0,1,1,184.765,0,1,1,5.299
leave-block-out (stress),B2,static,AD002579,3,1,1,283.325,0,0,1,289.137,0,0,1,1.543
leave-block-out (stress),B2,static,AD002583,3,1,1,309.94,0,0,1,309.94,0,0,1,1.727
leave-block-out (stress),B2,static,AD002606,3,1,1,85.555,1,1,1,85.555,1,1,1,1.369
leave-block-out (stress),B2,static,AD002621,3,1,1,21.134,1,1,1,21.134,1,1,1,5.173
leave-block-out (stress),B2,static,AD002633,3,1,1,106.349,0,1,1,106.349,0,1,1,4.916
leave-block-out (stress),B2,static,AD002637,5,1,1,91.777,1,1,1,118.022,0,1,1,1.475
leave-block-out (stress),B2,static,AD002661,6,1,1,316.701,0,0,1,316.701,0,0,1,1.727
leave-block-out (stress),B2,static,AD002663,3,1,1,1280.649,0,0,0,1280.649,0,0,0,1.492
leave-block-out (stress),B2,static,AD002664,3,1,1,133.831,0,1,1,133.831,0,1,1,1.552
leave-block-out (stress),B2,static,AD002673,3,1,1,228.513,0,1,1,229.151,0,1,1,1.641
leave-block-out (stress),B2,static,AD002685,3,1,1,265.422,0,0,1,265.422,0,0,1,4.952
leave-block-out (stress),B2,static,AD002691,6,1,1,426.968,0,0,1,1631.933,0,0,0,1.717
leave-block-out (stress),B2,static,AD002696,4,1,1,544.383,0,0,0,624.376,0,0,0,4.959
leave-block-out (stress),B2,static,AD002711,3,1,1,792.599,0,0,0,794.753,0,0,0,4.974
leave-block-out (stress),B2,static,AD002728,5,1,1,141.898,0,1,1,585.363,0,0,0,4.921
leave-block-out (stress),B2,static,AD002737,4,1,1,188.476,0,1,1,188.476,0,1,1,5.146
leave-block-out (stress),B2,static,AD002748,3,1,1,160.171,0,1,1,160.171,0,1,1,1.553
leave-block-out (stress),B2,static,AD002751,3,1,1,131.817,0,1,1,190.385,0,1,1,1.686
leave-block-out (stress),B2,static,AD002763,3,1,1,167.829,0,1,1,167.829,0,1,1,1.428
leave-block-out (stress),B2,static,AD002764,3,1,1,19.454,1,1,1,19.454,1,1,1,5.013
leave-block-out (stress),B2,static,AD002802,3,1,1,251.194,0,0,1,251.194,0,0,1,5.063
leave-block-out (stress),B2,static,AD002808,3,1,1,173.962,0,1,1,452.074,0,0,1,5.235
leave-block-out (stress),B2,static,AD002809,3,1,1,197.466,0,1,1,197.466,0,1,1,1.474
leave-block-out (stress),B2,static,AD002819,5,1,1,406.75,0,0,1,1095.517,0,0,0,1.634
leave-block-out (stress),B2,static,AD002821,4,1,1,212.317,0,1,1,212.317,0,1,1,5.26
leave-block-out (stress),B2,static,AD002849,3,1,1,329.901,0,0,1,468.026,0,0,1,1.547
leave-block-out (stress),B2,static,AD002858,3,1,1,520.022,0,0,0,520.022,0,0,0,1.746
leave-block-out (stress),B2,static,AD002870,3,1,1,218.623,0,1,1,265.251,0,0,1,1.724
leave-block-out (stress),B2,static,AD002875,4,1,1,100.234,0,1,1,100.234,0,1,1,5.027
leave-block-out (stress),B2,static,AD002880,3,1,1,240.254,0,1,1,240.254,0,1,1,1.681
leave-block-out (stress),B2,static,AD002882,6,1,1,158.452,0,1,1,1632.287,0,0,0,1.625
leave-block-out (stress),B2,static,AD002911,3,1,1,216.162,0,1,1,216.162,0,1,1,1.609
leave-block-out (stress),B2,static,AD002936,3,1,1,244.459,0,1,1,325.301,0,0,1,1.604
leave-block-out (stress),B2,static,AD002962,3,1,1,361.314,0,0,1,476.419,0,0,1,1.496
leave-block-out (stress),B2,static,AD002966,3,1,1,542.382,0,0,0,542.382,0,0,0,1.538
leave-block-out (stress),B2,static,AD002996,3,1,1,183.498,0,1,1,183.498,0,1,1,1.448
leave-block-out (stress),B2,static,AD003014,5,1,1,106.823,0,1,1,106.823,0,1,1,4.863
leave-block-out (stress),B2,static,AD003016,3,1,1,404.383,0,0,1,664.527,0,0,0,5.024
leave-block-out (stress),B2,static,AD003041,4,1,1,99.139,1,1,1,99.139,1,1,1,4.929
leave-block-out (stress),B2,static,AD003050,3,1,1,203.889,0,1,1,203.889,0,1,1,1.697
leave-block-out (stress),B2,static,AD003060,3,1,1,132.89,0,1,1,215.219,0,1,1,5.161
leave-block-out (stress),B2,static,AD003067,3,1,1,301.886,0,0,1,301.886,0,0,1,4.872
leave-block-out (stress),B2,static,AD003074,6,1,1,98.267,1,1,1,818.656,0,0,0,1.626
leave-block-out (stress),B2,static,AD003077,3,1,1,318.999,0,0,1,318.999,0,0,1,1.61
leave-block-out (stress),B2,static,AD003085,3,1,1,16.682,1,1,1,16.682,1,1,1,1.567
leave-block-out (stress),B2,all,AD000012,8,1,1,0.0,1,1,1,0.0,1,1,1,1.613
leave-block-out (stress),B2,all,AD000023,8,1,1,0.0,1,1,1,0.0,1,1,1,1.685
leave-block-out (stress),B2,all,AD000027,8,1,1,0.0,1,1,1,0.0,1,1,1,1.681
leave-block-out (stress),B2,all,AD000032,6,1,1,110.888,0,1,1,110.888,0,1,1,4.888
leave-block-out (stress),B2,all,AD000037,8,1,1,152.948,0,1,1,152.948,0,1,1,1.542
leave-block-out (stress),B2,all,AD000047,5,1,1,40.478,1,1,1,40.478,1,1,1,1.651
leave-block-out (stress),B2,all,AD000049,8,1,1,0.0,1,1,1,0.0,1,1,1,5.127
leave-block-out (stress),B2,all,AD000062,8,1,1,0.0,1,1,1,0.0,1,1,1,1.745
leave-block-out (stress),B2,all,AD000066,7,1,1,0.0,1,1,1,0.0,1,1,1,1.749
leave-block-out (stress),B2,all,AD000068,7,1,1,0.0,1,1,1,0.0,1,1,1,4.786
leave-block-out (stress),B2,all,AD000069,6,1,1,0.0,1,1,1,0.0,1,1,1,1.59
leave-block-out (stress),B2,all,AD000079,6,1,1,2.0,1,1,1,2.0,1,1,1,5.271
leave-block-out (stress),B2,all,AD000094,9,1,1,0.0,1,1,1,0.0,1,1,1,5.13
leave-block-out (stress),B2,all,AD000096,8,1,1,0.0,1,1,1,0.0,1,1,1,5.41
leave-block-out (stress),B2,all,AD000105,7,1,1,0.0,1,1,1,0.0,1,1,1,1.792
leave-block-out (stress),B2,all,AD000114,8,1,1,0.0,1,1,1,0.0,1,1,1,1.609
leave-block-out (stress),B2,all,AD000129,9,1,1,0.0,1,1,1,0.0,1,1,1,7.431
leave-block-out (stress),B2,all,AD000138,7,1,1,0.0,1,1,1,0.0,1,1,1,1.752
leave-block-out (stress),B2,all,AD000142,8,1,1,0.0,1,1,1,0.0,1,1,1,3.108
leave-block-out (stress),B2,all,AD000155,8,1,1,0.0,1,1,1,0.0,1,1,1,5.355
leave-block-out (stress),B2,all,AD000172,7,1,1,0.0,1,1,1,0.0,1,1,1,5.26
leave-block-out (stress),B2,all,AD000173,8,1,1,0.0,1,1,1,0.0,1,1,1,6.673
leave-block-out (stress),B2,all,AD000176,7,1,1,0.0,1,1,1,0.0,1,1,1,4.794
leave-block-out (stress),B2,all,AD000197,8,1,1,0.0,1,1,1,0.0,1,1,1,1.816
leave-block-out (stress),B2,all,AD000223,6,1,1,3.0,1,1,1,8.062,1,1,1,1.758
leave-block-out (stress),B2,all,AD000238,9,1,1,0.0,1,1,1,0.0,1,1,1,6.311
leave-block-out (stress),B2,all,AD000253,7,1,1,0.0,1,1,1,0.0,1,1,1,2.319
leave-block-out (stress),B2,all,AD000258,11,1,1,0.0,1,1,1,0.0,1,1,1,2.759
leave-block-out (stress),B2,all,AD000260,8,1,1,0.0,1,1,1,0.0,1,1,1,2.679
leave-block-out (stress),B2,all,AD000309,8,1,1,0.0,1,1,1,0.0,1,1,1,1.897
leave-block-out (stress),B2,all,AD000316,8,1,1,0.0,1,1,1,0.0,1,1,1,5.216
leave-block-out (stress),B2,all,AD000323,6,1,1,2.0,1,1,1,2.0,1,1,1,5.06
leave-block-out (stress),B2,all,AD000337,7,1,1,0.0,1,1,1,0.0,1,1,1,1.552
leave-block-out (stress),B2,all,AD000338,7,1,1,0.0,1,1,1,0.0,1,1,1,4.838
leave-block-out (stress),B2,all,AD000354,6,1,1,138.668,0,1,1,176.1,0,1,1,1.517
leave-block-out (stress),B2,all,AD000355,6,1,1,5.0,1,1,1,38.328,1,1,1,1.571
leave-block-out (stress),B2,all,AD000360,6,1,1,0.0,1,1,1,0.0,1,1,1,5.204
leave-block-out (stress),B2,all,AD000369,8,1,1,0.0,1,1,1,0.0,1,1,1,5.152
leave-block-out (stress),B2,all,AD000379,6,1,1,0.0,1,1,1,0.0,1,1,1,1.523
leave-block-out (stress),B2,all,AD000387,7,1,1,0.0,1,1,1,0.0,1,1,1,1.576
leave-block-out (stress),B2,all,AD000397,7,1,1,0.0,1,1,1,0.0,1,1,1,1.653
leave-block-out (stress),B2,all,AD000412,6,1,1,0.0,1,1,1,0.0,1,1,1,5.184
leave-block-out (stress),B2,all,AD000424,6,1,1,1.803,1,1,1,8.5,1,1,1,4.948
leave-block-out (stress),B2,all,AD000430,7,1,1,0.0,1,1,1,0.0,1,1,1,1.383
leave-block-out (stress),B2,all,AD000433,8,1,1,0.0,1,1,1,0.0,1,1,1,4.951
leave-block-out (stress),B2,all,AD000460,7,1,1,0.0,1,1,1,0.0,1,1,1,5.246
leave-block-out (stress),B2,all,AD000475,8,1,1,0.0,1,1,1,0.0,1,1,1,5.237
leave-block-out (stress),B2,all,AD000517,8,1,1,0.0,1,1,1,0.0,1,1,1,1.598
leave-block-out (stress),B2,all,AD000524,8,1,1,0.0,1,1,1,0.0,1,1,1,1.919
leave-block-out (stress),B2,all,AD000526,6,1,1,588.165,0,0,0,589.337,0,0,0,5.133
leave-block-out (stress),B2,all,AD000529,8,1,1,0.0,1,1,1,0.0,1,1,1,5.201
leave-block-out (stress),B2,all,AD000541,8,1,1,0.0,1,1,1,0.0,1,1,1,5.364
leave-block-out (stress),B2,all,AD000560,8,1,1,0.0,1,1,1,0.0,1,1,1,4.851
leave-block-out (stress),B2,all,AD000589,6,1,1,5.701,1,1,1,17.678,1,1,1,1.686
leave-block-out (stress),B2,all,AD000602,8,1,1,0.0,1,1,1,0.0,1,1,1,2.301
leave-block-out (stress),B2,all,AD000608,9,1,1,0.0,1,1,1,0.0,1,1,1,5.15
leave-block-out (stress),B2,all,AD000613,9,1,1,0.0,1,1,1,0.0,1,1,1,5.172
leave-block-out (stress),B2,all,AD000624,6,1,1,148.705,0,1,1,148.705,0,1,1,1.437
leave-block-out (stress),B2,all,AD000630,7,1,1,0.0,1,1,1,0.0,1,1,1,1.478
leave-block-out (stress),B2,all,AD000631,7,1,1,1.118,1,1,1,2.693,1,1,1,6.642
leave-block-out (stress),B2,all,AD000634,7,1,1,0.0,1,1,1,0.0,1,1,1,4.851
leave-block-out (stress),B2,all,AD000639,5,1,1,68.889,1,1,1,183.696,0,1,1,1.658
leave-block-out (stress),B2,all,AD000652,8,1,1,0.0,1,1,1,0.0,1,1,1,1.79
leave-block-out (stress),B2,all,AD000658,6,1,1,5.59,1,1,1,46.36,1,1,1,1.652
leave-block-out (stress),B2,all,AD000667,8,1,1,0.0,1,1,1,0.0,1,1,1,1.759
leave-block-out (stress),B2,all,AD000668,8,1,1,0.0,1,1,1,0.0,1,1,1,1.593
leave-block-out (stress),B2,all,AD000710,7,1,1,0.0,1,1,1,0.0,1,1,1,1.428
leave-block-out (stress),B2,all,AD000711,7,1,1,6.083,1,1,1,8.0,1,1,1,4.986
leave-block-out (stress),B2,all,AD000722,6,1,1,4.5,1,1,1,7.5,1,1,1,9.246
leave-block-out (stress),B2,all,AD000727,7,1,1,0.0,1,1,1,1.0,1,1,1,5.295
leave-block-out (stress),B2,all,AD000733,8,1,1,0.0,1,1,1,0.0,1,1,1,5.309
leave-block-out (stress),B2,all,AD000741,6,1,1,122.761,0,1,1,126.338,0,1,1,1.587
leave-block-out (stress),B2,all,AD000753,6,1,1,30.647,1,1,1,30.647,1,1,1,1.544
leave-block-out (stress),B2,all,AD000756,6,1,1,95.73,1,1,1,95.73,1,1,1,1.568
leave-block-out (stress),B2,all,AD000759,7,1,1,0.0,1,1,1,0.0,1,1,1,1.525
leave-block-out (stress),B2,all,AD000779,5,1,1,1159.281,0,0,0,1159.281,0,0,0,1.534
leave-block-out (stress),B2,all,AD000782,7,1,1,0.0,1,1,1,0.0,1,1,1,1.511
leave-block-out (stress),B2,all,AD000785,10,1,1,0.0,1,1,1,0.0,1,1,1,5.246
leave-block-out (stress),B2,all,AD000787,8,1,1,0.0,1,1,1,0.0,1,1,1,4.972
leave-block-out (stress),B2,all,AD000809,8,1,1,0.0,1,1,1,0.0,1,1,1,1.748
leave-block-out (stress),B2,all,AD000810,8,1,1,0.0,1,1,1,0.0,1,1,1,1.579
leave-block-out (stress),B2,all,AD000817,8,1,1,0.0,1,1,1,0.0,1,1,1,1.814
leave-block-out (stress),B2,all,AD000825,7,1,1,0.0,1,1,1,0.0,1,1,1,5.005
leave-block-out (stress),B2,all,AD000836,8,1,1,0.0,1,1,1,0.0,1,1,1,5.155
leave-block-out (stress),B2,all,AD000841,7,1,1,0.0,1,1,1,0.0,1,1,1,4.907
leave-block-out (stress),B2,all,AD000850,7,1,1,0.0,1,1,1,0.0,1,1,1,1.486
leave-block-out (stress),B2,all,AD000854,8,1,1,0.0,1,1,1,0.0,1,1,1,1.529
leave-block-out (stress),B2,all,AD000869,7,1,1,4.0,1,1,1,5.0,1,1,1,5.261
leave-block-out (stress),B2,all,AD000904,7,1,1,0.0,1,1,1,0.0,1,1,1,5.007
leave-block-out (stress),B2,all,AD000924,11,1,1,0.0,1,1,1,0.0,1,1,1,4.93
leave-block-out (stress),B2,all,AD000936,8,1,1,0.0,1,1,1,0.0,1,1,1,5.184
leave-block-out (stress),B2,all,AD000942,7,1,1,0.0,1,1,1,0.0,1,1,1,1.422
leave-block-out (stress),B2,all,AD000948,6,1,1,1.0,1,1,1,2.0,1,1,1,1.564
leave-block-out (stress),B2,all,AD000969,7,1,1,0.0,1,1,1,0.0,1,1,1,1.687
leave-block-out (stress),B2,all,AD000986,8,1,1,0.0,1,1,1,0.0,1,1,1,1.85
leave-block-out (stress),B2,all,AD001031,8,1,1,0.0,1,1,1,0.0,1,1,1,1.802
leave-block-out (stress),B2,all,AD001035,8,1,1,0.0,1,1,1,0.0,1,1,1,2.056
leave-block-out (stress),B2,all,AD001040,8,1,1,0.0,1,1,1,0.0,1,1,1,5.333
leave-block-out (stress),B2,all,AD001042,8,1,1,0.0,1,1,1,0.0,1,1,1,1.714
leave-block-out (stress),B2,all,AD001045,8,1,1,0.0,1,1,1,0.0,1,1,1,1.57
leave-block-out (stress),B2,all,AD001053,8,1,1,0.0,1,1,1,0.0,1,1,1,5.162
leave-block-out (stress),B2,all,AD001080,11,1,1,0.0,1,1,1,0.0,1,1,1,1.608
leave-block-out (stress),B2,all,AD001091,8,1,1,0.0,1,1,1,0.0,1,1,1,5.047
leave-block-out (stress),B2,all,AD001105,6,1,1,2.0,1,1,1,2.0,1,1,1,1.637
leave-block-out (stress),B2,all,AD001116,8,1,1,0.0,1,1,1,0.0,1,1,1,6.224
leave-block-out (stress),B2,all,AD001121,9,1,1,0.0,1,1,1,0.0,1,1,1,5.263
leave-block-out (stress),B2,all,AD001122,7,1,1,0.0,1,1,1,0.0,1,1,1,5.088
leave-block-out (stress),B2,all,AD001127,6,1,1,15.7,1,1,1,15.7,1,1,1,1.507
leave-block-out (stress),B2,all,AD001130,7,1,1,0.0,1,1,1,0.0,1,1,1,5.198
leave-block-out (stress),B2,all,AD001133,7,1,1,0.0,1,1,1,0.0,1,1,1,4.893
leave-block-out (stress),B2,all,AD001135,6,1,1,79.071,1,1,1,79.071,1,1,1,1.627
leave-block-out (stress),B2,all,AD001145,8,1,1,0.0,1,1,1,0.0,1,1,1,1.688
leave-block-out (stress),B2,all,AD001152,9,1,1,0.0,1,1,1,0.0,1,1,1,5.04
leave-block-out (stress),B2,all,AD001156,11,1,1,0.0,1,1,1,0.0,1,1,1,1.741
leave-block-out (stress),B2,all,AD001170,8,1,1,0.0,1,1,1,0.0,1,1,1,1.707
leave-block-out (stress),B2,all,AD001178,7,1,1,0.0,1,1,1,0.0,1,1,1,1.526
leave-block-out (stress),B2,all,AD001186,8,1,1,0.0,1,1,1,0.0,1,1,1,1.77
leave-block-out (stress),B2,all,AD001200,8,1,1,0.0,1,1,1,0.0,1,1,1,5.24
leave-block-out (stress),B2,all,AD001212,10,1,1,0.0,1,1,1,0.0,1,1,1,5.2
leave-block-out (stress),B2,all,AD001232,8,1,1,0.0,1,1,1,0.0,1,1,1,1.634
leave-block-out (stress),B2,all,AD001236,7,1,1,0.0,1,1,1,0.0,1,1,1,1.726
leave-block-out (stress),B2,all,AD001254,9,1,1,0.0,1,1,1,0.0,1,1,1,4.985
leave-block-out (stress),B2,all,AD001268,5,1,1,196.329,0,1,1,196.329,0,1,1,1.437
leave-block-out (stress),B2,all,AD001272,8,1,1,0.0,1,1,1,0.0,1,1,1,1.731
leave-block-out (stress),B2,all,AD001314,8,1,1,0.0,1,1,1,0.0,1,1,1,1.655
leave-block-out (stress),B2,all,AD001324,8,1,1,0.0,1,1,1,0.0,1,1,1,1.556
leave-block-out (stress),B2,all,AD001339,7,1,1,118.052,0,1,1,119.085,0,1,1,4.982
leave-block-out (stress),B2,all,AD001352,7,1,1,3.0,1,1,1,5.0,1,1,1,5.249
leave-block-out (stress),B2,all,AD001357,7,1,1,0.0,1,1,1,0.0,1,1,1,1.462
leave-block-out (stress),B2,all,AD001363,7,1,1,0.0,1,1,1,0.0,1,1,1,1.449
leave-block-out (stress),B2,all,AD001364,7,1,1,0.0,1,1,1,0.0,1,1,1,1.484
leave-block-out (stress),B2,all,AD001408,8,1,1,0.0,1,1,1,0.0,1,1,1,5.169
leave-block-out (stress),B2,all,AD001416,8,1,1,0.0,1,1,1,0.0,1,1,1,5.08
leave-block-out (stress),B2,all,AD001422,6,1,1,7.0,1,1,1,7.0,1,1,1,1.826
leave-block-out (stress),B2,all,AD001447,6,1,1,2.0,1,1,1,2.0,1,1,1,1.579
leave-block-out (stress),B2,all,AD001462,9,1,1,0.0,1,1,1,0.0,1,1,1,6.5
leave-block-out (stress),B2,all,AD001499,8,1,1,0.0,1,1,1,0.0,1,1,1,1.849
leave-block-out (stress),B2,all,AD001505,8,1,1,0.0,1,1,1,0.0,1,1,1,1.837
leave-block-out (stress),B2,all,AD001509,8,1,1,0.0,1,1,1,0.0,1,1,1,1.801
leave-block-out (stress),B2,all,AD001523,8,1,1,0.0,1,1,1,0.0,1,1,1,4.89
leave-block-out (stress),B2,all,AD001539,8,1,1,0.0,1,1,1,0.0,1,1,1,1.501
leave-block-out (stress),B2,all,AD001540,7,1,1,0.0,1,1,1,0.0,1,1,1,1.474
leave-block-out (stress),B2,all,AD001551,6,1,1,141.902,0,1,1,141.902,0,1,1,1.617
leave-block-out (stress),B2,all,AD001554,7,1,1,0.0,1,1,1,0.0,1,1,1,1.571
leave-block-out (stress),B2,all,AD001555,8,1,1,0.0,1,1,1,0.0,1,1,1,5.389
leave-block-out (stress),B2,all,AD001578,6,1,1,0.0,1,1,1,0.0,1,1,1,5.002
leave-block-out (stress),B2,all,AD001581,8,1,1,0.0,1,1,1,0.0,1,1,1,5.149
leave-block-out (stress),B2,all,AD001587,7,1,1,0.0,1,1,1,0.0,1,1,1,1.49
leave-block-out (stress),B2,all,AD001619,7,1,1,0.0,1,1,1,0.0,1,1,1,1.507
leave-block-out (stress),B2,all,AD001627,12,1,1,0.0,1,1,1,0.0,1,1,1,4.928
leave-block-out (stress),B2,all,AD001638,6,1,1,6.0,1,1,1,15.0,1,1,1,1.699
leave-block-out (stress),B2,all,AD001647,8,1,1,0.0,1,1,1,0.0,1,1,1,5.283
leave-block-out (stress),B2,all,AD001662,7,1,1,0.0,1,1,1,0.0,1,1,1,1.58
leave-block-out (stress),B2,all,AD001689,7,1,1,0.0,1,1,1,0.0,1,1,1,1.605
leave-block-out (stress),B2,all,AD001700,7,1,1,0.0,1,1,1,0.0,1,1,1,1.485
leave-block-out (stress),B2,all,AD001713,8,1,1,0.0,1,1,1,0.0,1,1,1,4.772
leave-block-out (stress),B2,all,AD001722,9,1,1,0.0,1,1,1,0.0,1,1,1,1.699
leave-block-out (stress),B2,all,AD001726,7,1,1,0.0,1,1,1,0.0,1,1,1,1.634
leave-block-out (stress),B2,all,AD001731,6,1,1,31.0,1,1,1,42.0,1,1,1,1.481
leave-block-out (stress),B2,all,AD001738,7,1,1,0.0,1,1,1,0.0,1,1,1,5.067
leave-block-out (stress),B2,all,AD001741,7,1,1,0.0,1,1,1,0.0,1,1,1,1.539
leave-block-out (stress),B2,all,AD001742,7,1,1,0.0,1,1,1,0.0,1,1,1,4.982
leave-block-out (stress),B2,all,AD001746,8,1,1,0.0,1,1,1,0.0,1,1,1,1.728
leave-block-out (stress),B2,all,AD001753,9,1,1,0.0,1,1,1,0.0,1,1,1,5.365
leave-block-out (stress),B2,all,AD001760,8,1,1,0.0,1,1,1,0.0,1,1,1,5.069
leave-block-out (stress),B2,all,AD001767,5,1,1,156.644,0,1,1,156.644,0,1,1,4.895
leave-block-out (stress),B2,all,AD001779,7,1,1,0.0,1,1,1,0.0,1,1,1,1.445
leave-block-out (stress),B2,all,AD001788,7,1,1,0.0,1,1,1,18.868,1,1,1,5.083
leave-block-out (stress),B2,all,AD001792,10,1,1,8.631,1,1,1,8.631,1,1,1,5.169
leave-block-out (stress),B2,all,AD001794,8,1,1,0.0,1,1,1,0.0,1,1,1,1.695
leave-block-out (stress),B2,all,AD001815,8,1,1,0.0,1,1,1,0.0,1,1,1,1.709
leave-block-out (stress),B2,all,AD001821,8,1,1,0.0,1,1,1,0.0,1,1,1,5.309
leave-block-out (stress),B2,all,AD001879,7,1,1,0.0,1,1,1,0.0,1,1,1,1.517
leave-block-out (stress),B2,all,AD001880,5,1,1,736.448,0,0,0,736.448,0,0,0,1.414
leave-block-out (stress),B2,all,AD001891,7,1,1,0.0,1,1,1,6.325,1,1,1,5.036
leave-block-out (stress),B2,all,AD001923,7,1,1,0.0,1,1,1,0.0,1,1,1,1.42
leave-block-out (stress),B2,all,AD001954,8,1,1,0.0,1,1,1,0.0,1,1,1,1.768
leave-block-out (stress),B2,all,AD001972,8,1,1,0.0,1,1,1,0.0,1,1,1,1.592
leave-block-out (stress),B2,all,AD001973,11,1,1,0.0,1,1,1,0.0,1,1,1,5.202
leave-block-out (stress),B2,all,AD001995,5,1,1,148.268,0,1,1,190.145,0,1,1,5.126
leave-block-out (stress),B2,all,AD001996,10,1,1,0.0,1,1,1,0.0,1,1,1,4.917
leave-block-out (stress),B2,all,AD002027,8,1,1,0.0,1,1,1,0.0,1,1,1,1.677
leave-block-out (stress),B2,all,AD002045,7,1,1,0.0,1,1,1,0.0,1,1,1,4.965
leave-block-out (stress),B2,all,AD002057,4,1,1,182.227,0,1,1,182.227,0,1,1,1.471
leave-block-out (stress),B2,all,AD002060,8,1,1,0.0,1,1,1,0.0,1,1,1,1.504
leave-block-out (stress),B2,all,AD002061,7,1,1,0.0,1,1,1,0.0,1,1,1,1.715
leave-block-out (stress),B2,all,AD002069,8,1,1,0.0,1,1,1,0.0,1,1,1,5.22
leave-block-out (stress),B2,all,AD002070,5,1,1,1838.564,0,0,0,2011.34,0,0,0,1.425
leave-block-out (stress),B2,all,AD002074,7,1,1,0.0,1,1,1,0.0,1,1,1,4.707
leave-block-out (stress),B2,all,AD002089,8,1,1,0.0,1,1,1,0.0,1,1,1,1.701
leave-block-out (stress),B2,all,AD002103,8,1,1,0.0,1,1,1,0.0,1,1,1,5.313
leave-block-out (stress),B2,all,AD002112,9,1,1,0.0,1,1,1,0.0,1,1,1,5.307
leave-block-out (stress),B2,all,AD002123,6,1,1,2.236,1,1,1,2.236,1,1,1,1.718
leave-block-out (stress),B2,all,AD002131,8,1,1,0.0,1,1,1,0.0,1,1,1,1.645
leave-block-out (stress),B2,all,AD002134,8,1,1,0.0,1,1,1,0.0,1,1,1,5.379
leave-block-out (stress),B2,all,AD002138,9,1,1,0.0,1,1,1,0.0,1,1,1,5.218
leave-block-out (stress),B2,all,AD002154,8,1,1,0.0,1,1,1,0.0,1,1,1,5.206
leave-block-out (stress),B2,all,AD002176,7,1,1,0.0,1,1,1,0.0,1,1,1,1.519
leave-block-out (stress),B2,all,AD002181,6,1,1,4.0,1,1,1,6.0,1,1,1,1.518
leave-block-out (stress),B2,all,AD002194,8,1,1,0.0,1,1,1,0.0,1,1,1,1.572
leave-block-out (stress),B2,all,AD002197,8,1,1,0.0,1,1,1,0.0,1,1,1,4.788
leave-block-out (stress),B2,all,AD002245,7,1,1,0.0,1,1,1,0.0,1,1,1,1.511
leave-block-out (stress),B2,all,AD002251,7,1,1,0.0,1,1,1,0.0,1,1,1,1.462
leave-block-out (stress),B2,all,AD002253,8,1,1,0.0,1,1,1,0.0,1,1,1,1.762
leave-block-out (stress),B2,all,AD002270,6,1,1,0.0,1,1,1,0.0,1,1,1,5.141
leave-block-out (stress),B2,all,AD002299,8,1,1,0.0,1,1,1,0.0,1,1,1,1.664
leave-block-out (stress),B2,all,AD002332,11,1,1,0.0,1,1,1,0.0,1,1,1,5.228
leave-block-out (stress),B2,all,AD002333,12,1,1,0.0,1,1,1,0.0,1,1,1,1.884
leave-block-out (stress),B2,all,AD002357,8,1,1,0.0,1,1,1,0.0,1,1,1,1.725
leave-block-out (stress),B2,all,AD002362,8,1,1,0.0,1,1,1,0.0,1,1,1,1.722
leave-block-out (stress),B2,all,AD002412,8,1,1,91.093,1,1,1,94.921,1,1,1,5.044
leave-block-out (stress),B2,all,AD002415,8,1,1,128.812,0,1,1,2540.825,0,0,0,5.484
leave-block-out (stress),B2,all,AD002416,5,1,1,1613.944,0,0,0,1970.533,0,0,0,4.943
leave-block-out (stress),B2,all,AD002424,7,1,1,0.0,1,1,1,0.0,1,1,1,1.408
leave-block-out (stress),B2,all,AD002458,9,1,1,0.0,1,1,1,0.0,1,1,1,4.93
leave-block-out (stress),B2,all,AD002466,8,1,1,0.0,1,1,1,0.0,1,1,1,5.22
leave-block-out (stress),B2,all,AD002485,12,1,1,0.0,1,1,1,0.0,1,1,1,5.257
leave-block-out (stress),B2,all,AD002490,8,1,1,0.0,1,1,1,0.0,1,1,1,1.584
leave-block-out (stress),B2,all,AD002499,7,1,1,0.0,1,1,1,0.0,1,1,1,1.53
leave-block-out (stress),B2,all,AD002504,8,1,1,0.0,1,1,1,0.0,1,1,1,5.223
leave-block-out (stress),B2,all,AD002509,8,1,1,0.0,1,1,1,0.0,1,1,1,5.083
leave-block-out (stress),B2,all,AD002535,10,1,1,0.0,1,1,1,0.0,1,1,1,4.964
leave-block-out (stress),B2,all,AD002566,8,1,1,0.0,1,1,1,0.0,1,1,1,5.299
leave-block-out (stress),B2,all,AD002579,8,1,1,0.0,1,1,1,0.0,1,1,1,1.543
leave-block-out (stress),B2,all,AD002583,8,1,1,0.0,1,1,1,0.0,1,1,1,1.727
leave-block-out (stress),B2,all,AD002606,5,1,1,85.555,1,1,1,184.408,0,1,1,1.369
leave-block-out (stress),B2,all,AD002621,8,1,1,0.0,1,1,1,0.0,1,1,1,5.173
leave-block-out (stress),B2,all,AD002633,7,1,1,0.0,1,1,1,0.0,1,1,1,4.916
leave-block-out (stress),B2,all,AD002637,10,1,1,0.0,1,1,1,0.0,1,1,1,1.475
leave-block-out (stress),B2,all,AD002661,11,1,1,0.0,1,1,1,0.0,1,1,1,1.727
leave-block-out (stress),B2,all,AD002663,6,1,1,0.0,1,1,1,12.042,1,1,1,1.492
leave-block-out (stress),B2,all,AD002664,7,1,1,0.0,1,1,1,0.0,1,1,1,1.552
leave-block-out (stress),B2,all,AD002673,6,1,1,5.701,1,1,1,5.701,1,1,1,1.641
leave-block-out (stress),B2,all,AD002685,5,1,1,155.081,0,1,1,155.081,0,1,1,4.952
leave-block-out (stress),B2,all,AD002691,9,1,1,0.0,1,1,1,0.0,1,1,1,1.717
leave-block-out (stress),B2,all,AD002696,6,1,1,156.029,0,1,1,156.029,0,1,1,4.959
leave-block-out (stress),B2,all,AD002711,6,1,1,0.0,1,1,1,0.0,1,1,1,4.974
leave-block-out (stress),B2,all,AD002728,8,1,1,40.954,1,1,1,43.603,1,1,1,4.921
leave-block-out (stress),B2,all,AD002737,8,1,1,0.0,1,1,1,0.0,1,1,1,5.146
leave-block-out (stress),B2,all,AD002748,8,1,1,0.0,1,1,1,0.0,1,1,1,1.553
leave-block-out (stress),B2,all,AD002751,8,1,1,0.0,1,1,1,0.0,1,1,1,1.686
leave-block-out (stress),B2,all,AD002763,7,1,1,0.0,1,1,1,0.0,1,1,1,1.428
leave-block-out (stress),B2,all,AD002764,5,1,1,19.454,1,1,1,38.161,1,1,1,5.013
leave-block-out (stress),B2,all,AD002802,8,1,1,0.0,1,1,1,0.0,1,1,1,5.063
leave-block-out (stress),B2,all,AD002808,6,1,1,162.98,0,1,1,162.98,0,1,1,5.235
leave-block-out (stress),B2,all,AD002809,7,1,1,0.0,1,1,1,0.0,1,1,1,1.474
leave-block-out (stress),B2,all,AD002819,8,1,1,1.803,1,1,1,1.803,1,1,1,1.634
leave-block-out (stress),B2,all,AD002821,9,1,1,0.0,1,1,1,0.0,1,1,1,5.26
leave-block-out (stress),B2,all,AD002849,6,1,1,5.0,1,1,1,16.643,1,1,1,1.547
leave-block-out (stress),B2,all,AD002858,8,1,1,0.0,1,1,1,0.0,1,1,1,1.746
leave-block-out (stress),B2,all,AD002870,8,1,1,0.0,1,1,1,0.0,1,1,1,1.724
leave-block-out (stress),B2,all,AD002875,8,1,1,0.0,1,1,1,0.0,1,1,1,5.027
leave-block-out (stress),B2,all,AD002880,8,1,1,0.0,1,1,1,0.0,1,1,1,1.681
leave-block-out (stress),B2,all,AD002882,11,1,1,0.0,1,1,1,0.0,1,1,1,1.625
leave-block-out (stress),B2,all,AD002911,8,1,1,0.0,1,1,1,0.0,1,1,1,1.609
leave-block-out (stress),B2,all,AD002936,7,1,1,0.0,1,1,1,0.0,1,1,1,1.604
leave-block-out (stress),B2,all,AD002962,8,1,1,0.0,1,1,1,0.0,1,1,1,1.496
leave-block-out (stress),B2,all,AD002966,8,1,1,0.0,1,1,1,0.0,1,1,1,1.538
leave-block-out (stress),B2,all,AD002996,7,1,1,0.0,1,1,1,0.0,1,1,1,1.448
leave-block-out (stress),B2,all,AD003014,9,1,1,0.0,1,1,1,0.0,1,1,1,4.863
leave-block-out (stress),B2,all,AD003016,6,1,1,117.209,0,1,1,117.209,0,1,1,5.024
leave-block-out (stress),B2,all,AD003041,8,1,1,0.0,1,1,1,0.0,1,1,1,4.929
leave-block-out (stress),B2,all,AD003050,8,1,1,0.0,1,1,1,0.0,1,1,1,1.697
leave-block-out (stress),B2,all,AD003060,8,1,1,0.0,1,1,1,0.0,1,1,1,5.161
leave-block-out (stress),B2,all,AD003067,8,1,1,0.0,1,1,1,0.0,1,1,1,4.872
leave-block-out (stress),B2,all,AD003074,11,1,1,0.0,1,1,1,0.0,1,1,1,1.626
leave-block-out (stress),B2,all,AD003077,8,1,1,0.0,1,1,1,0.0,1,1,1,1.61
leave-block-out (stress),B2,all,AD003085,8,1,1,0.0,1,1,1,0.0,1,1,1,1.567
leave-block-out (stress),B3,static,AD000012,3,1,1,121.264,0,1,1,121.264,0,1,1,1.676
leave-block-out (stress),B3,static,AD000023,3,1,1,381.158,0,0,1,381.158,0,0,1,1.73
leave-block-out (stress),B3,static,AD000027,3,1,1,164.502,0,1,1,319.555,0,0,1,1.632
leave-block-out (stress),B3,static,AD000032,3,1,1,415.992,0,0,1,466.514,0,0,1,4.89
leave-block-out (stress),B3,static,AD000037,6,1,1,160.972,0,1,1,1302.431,0,0,0,1.541
leave-block-out (stress),B3,static,AD000047,3,1,1,431.46,0,0,1,560.169,0,0,0,1.592
leave-block-out (stress),B3,static,AD000049,3,1,1,348.54,0,0,1,348.54,0,0,1,5.156
leave-block-out (stress),B3,static,AD000062,3,1,1,65.157,1,1,1,171.811,0,1,1,1.693
leave-block-out (stress),B3,static,AD000066,3,1,1,40.602,1,1,1,373.431,0,0,1,1.801
leave-block-out (stress),B3,static,AD000068,3,1,1,187.628,0,1,1,187.628,0,1,1,4.924
leave-block-out (stress),B3,static,AD000069,3,1,1,630.283,0,0,0,764.138,0,0,0,1.584
leave-block-out (stress),B3,static,AD000079,3,1,1,165.369,0,1,1,165.369,0,1,1,4.911
leave-block-out (stress),B3,static,AD000094,5,1,1,75.701,1,1,1,75.701,1,1,1,5.25
leave-block-out (stress),B3,static,AD000096,3,1,1,338.155,0,0,1,355.067,0,0,1,5.177
leave-block-out (stress),B3,static,AD000105,3,1,1,447.63,0,0,1,586.055,0,0,0,1.62
leave-block-out (stress),B3,static,AD000114,3,1,1,74.165,1,1,1,74.165,1,1,1,1.633
leave-block-out (stress),B3,static,AD000129,4,1,1,523.526,0,0,0,630.789,0,0,0,5.179
leave-block-out (stress),B3,static,AD000138,3,1,1,48.487,1,1,1,156.387,0,1,1,1.727
leave-block-out (stress),B3,static,AD000142,3,1,1,145.525,0,1,1,145.525,0,1,1,1.615
leave-block-out (stress),B3,static,AD000155,3,1,1,44.643,1,1,1,44.643,1,1,1,5.325
leave-block-out (stress),B3,static,AD000172,3,1,1,304.109,0,0,1,304.109,0,0,1,5.235
leave-block-out (stress),B3,static,AD000173,3,1,1,242.711,0,1,1,242.711,0,1,1,4.999
leave-block-out (stress),B3,static,AD000176,3,1,1,343.193,0,0,1,343.193,0,0,1,41.019
leave-block-out (stress),B3,static,AD000197,3,1,1,150.741,0,1,1,460.47,0,0,1,1.785
leave-block-out (stress),B3,static,AD000223,3,1,1,297.433,0,0,1,297.433,0,0,1,1.621
leave-block-out (stress),B3,static,AD000238,4,1,1,33.767,1,1,1,33.767,1,1,1,5.307
leave-block-out (stress),B3,static,AD000253,3,1,1,166.756,0,1,1,166.756,0,1,1,1.387
leave-block-out (stress),B3,static,AD000258,7,1,1,251.0,0,0,1,2224.758,0,0,0,1.638
leave-block-out (stress),B3,static,AD000260,3,1,1,244.712,0,1,1,244.712,0,1,1,1.635
leave-block-out (stress),B3,static,AD000309,3,1,1,254.285,0,0,1,254.285,0,0,1,1.681
leave-block-out (stress),B3,static,AD000316,3,1,1,57.073,1,1,1,57.073,1,1,1,5.347
leave-block-out (stress),B3,static,AD000323,3,1,1,79.699,1,1,1,79.699,1,1,1,4.953
leave-block-out (stress),B3,static,AD000337,3,1,1,30.585,1,1,1,30.585,1,1,1,1.439
leave-block-out (stress),B3,static,AD000338,3,1,1,338.916,0,0,1,338.916,0,0,1,4.856
leave-block-out (stress),B3,static,AD000354,3,1,1,138.668,0,1,1,138.668,0,1,1,1.506
leave-block-out (stress),B3,static,AD000355,3,1,1,272.932,0,0,1,272.932,0,0,1,1.553
leave-block-out (stress),B3,static,AD000360,3,1,1,364.144,0,0,1,364.144,0,0,1,4.894
leave-block-out (stress),B3,static,AD000369,3,1,1,121.08,0,1,1,121.08,0,1,1,5.098
leave-block-out (stress),B3,static,AD000379,3,1,1,540.336,0,0,0,728.854,0,0,0,1.516
leave-block-out (stress),B3,static,AD000387,3,1,1,278.708,0,0,1,302.318,0,0,1,1.472
leave-block-out (stress),B3,static,AD000397,3,1,1,81.298,1,1,1,263.528,0,0,1,1.65
leave-block-out (stress),B3,static,AD000412,3,1,1,226.165,0,1,1,226.165,0,1,1,4.977
leave-block-out (stress),B3,static,AD000424,3,1,1,146.899,0,1,1,146.899,0,1,1,4.798
leave-block-out (stress),B3,static,AD000430,3,1,1,147.474,0,1,1,170.972,0,1,1,1.505
leave-block-out (stress),B3,static,AD000433,4,1,1,523.238,0,0,0,2045.598,0,0,0,5.191
leave-block-out (stress),B3,static,AD000460,3,1,1,240.484,0,1,1,248.907,0,1,1,4.938
leave-block-out (stress),B3,static,AD000475,3,1,1,184.642,0,1,1,387.754,0,0,1,5.438
leave-block-out (stress),B3,static,AD000517,3,1,1,93.418,1,1,1,93.418,1,1,1,1.543
leave-block-out (stress),B3,static,AD000524,3,1,1,149.958,0,1,1,149.958,0,1,1,1.769
leave-block-out (stress),B3,static,AD000526,3,1,1,832.488,0,0,0,852.128,0,0,0,44.677
leave-block-out (stress),B3,static,AD000529,3,1,1,88.168,1,1,1,110.001,0,1,1,23.73
leave-block-out (stress),B3,static,AD000541,3,1,1,274.462,0,0,1,274.462,0,0,1,5.146
leave-block-out (stress),B3,static,AD000560,3,1,1,412.681,0,0,1,412.681,0,0,1,21.728
leave-block-out (stress),B3,static,AD000589,3,1,1,276.584,0,0,1,337.894,0,0,1,1.718
leave-block-out (stress),B3,static,AD000602,3,1,1,317.322,0,0,1,319.707,0,0,1,1.791
leave-block-out (stress),B3,static,AD000608,4,1,1,297.686,0,0,1,297.686,0,0,1,5.437
leave-block-out (stress),B3,static,AD000613,4,1,1,324.211,0,0,1,331.051,0,0,1,5.341
leave-block-out (stress),B3,static,AD000624,4,1,1,576.438,0,0,0,1392.849,0,0,0,1.464
leave-block-out (stress),B3,static,AD000630,3,1,1,212.896,0,1,1,219.042,0,1,1,1.459
leave-block-out (stress),B3,static,AD000631,4,1,1,273.457,0,0,1,278.238,0,0,1,5.093
leave-block-out (stress),B3,static,AD000634,3,1,1,544.149,0,0,0,670.439,0,0,0,4.975
leave-block-out (stress),B3,static,AD000639,3,1,1,68.889,1,1,1,126.421,0,1,1,1.683
leave-block-out (stress),B3,static,AD000652,3,1,1,166.513,0,1,1,166.513,0,1,1,1.738
leave-block-out (stress),B3,static,AD000658,3,1,1,319.558,0,0,1,535.327,0,0,0,1.736
leave-block-out (stress),B3,static,AD000667,3,1,1,486.411,0,0,1,620.642,0,0,0,1.707
leave-block-out (stress),B3,static,AD000668,3,1,1,110.386,0,1,1,110.386,0,1,1,1.894
leave-block-out (stress),B3,static,AD000710,3,1,1,315.092,0,0,1,464.85,0,0,1,1.432
leave-block-out (stress),B3,static,AD000711,4,1,1,300.083,0,0,1,300.083,0,0,1,5.153
leave-block-out (stress),B3,static,AD000722,3,1,1,360.067,0,0,1,360.067,0,0,1,5.338
leave-block-out (stress),B3,static,AD000727,4,1,1,131.751,0,1,1,131.751,0,1,1,5.178
leave-block-out (stress),B3,static,AD000733,3,1,1,188.101,0,1,1,245.596,0,1,1,28.117
leave-block-out (stress),B3,static,AD000741,3,1,1,122.761,0,1,1,122.761,0,1,1,1.55
leave-block-out (stress),B3,static,AD000753,3,1,1,374.894,0,0,1,374.894,0,0,1,1.523
leave-block-out (stress),B3,static,AD000756,3,1,1,194.267,0,1,1,221.641,0,1,1,1.483
leave-block-out (stress),B3,static,AD000759,3,1,1,93.304,1,1,1,93.304,1,1,1,1.439
leave-block-out (stress),B3,static,AD000779,3,1,1,1270.469,0,0,0,1270.469,0,0,0,1.574
leave-block-out (stress),B3,static,AD000782,3,1,1,374.849,0,0,1,374.849,0,0,1,1.507
leave-block-out (stress),B3,static,AD000785,6,1,1,323.556,0,0,1,1029.123,0,0,0,32.942
leave-block-out (stress),B3,static,AD000787,3,1,1,16.819,1,1,1,16.819,1,1,1,5.205
leave-block-out (stress),B3,static,AD000809,3,1,1,496.101,0,0,1,496.101,0,0,1,1.768
leave-block-out (stress),B3,static,AD000810,3,1,1,490.75,0,0,1,667.845,0,0,0,1.525
leave-block-out (stress),B3,static,AD000817,3,1,1,233.947,0,1,1,233.947,0,1,1,1.703
leave-block-out (stress),B3,static,AD000825,3,1,1,55.1,1,1,1,55.1,1,1,1,4.931
leave-block-out (stress),B3,static,AD000836,4,1,1,306.573,0,0,1,396.888,0,0,1,5.263
leave-block-out (stress),B3,static,AD000841,3,1,1,292.843,0,0,1,292.843,0,0,1,17.193
leave-block-out (stress),B3,static,AD000850,3,1,1,168.423,0,1,1,316.332,0,0,1,1.532
leave-block-out (stress),B3,static,AD000854,3,1,1,490.741,0,0,1,608.084,0,0,0,1.583
leave-block-out (stress),B3,static,AD000869,4,1,1,58.667,1,1,1,229.127,0,1,1,5.112
leave-block-out (stress),B3,static,AD000904,3,1,1,265.391,0,0,1,265.391,0,0,1,5.616
leave-block-out (stress),B3,static,AD000924,6,1,1,342.963,0,0,1,343.702,0,0,1,26.942
leave-block-out (stress),B3,static,AD000936,3,1,1,364.652,0,0,1,364.652,0,0,1,5.428
leave-block-out (stress),B3,static,AD000942,3,1,1,72.575,1,1,1,72.575,1,1,1,1.377
leave-block-out (stress),B3,static,AD000948,3,1,1,141.998,0,1,1,195.983,0,1,1,1.495
leave-block-out (stress),B3,static,AD000969,3,1,1,73.828,1,1,1,73.828,1,1,1,1.52
leave-block-out (stress),B3,static,AD000986,3,1,1,22.02,1,1,1,22.02,1,1,1,1.753
leave-block-out (stress),B3,static,AD001031,3,1,1,138.994,0,1,1,142.05,0,1,1,1.779
leave-block-out (stress),B3,static,AD001035,3,1,1,614.284,0,0,0,614.284,0,0,0,1.669
leave-block-out (stress),B3,static,AD001040,3,1,1,110.505,0,1,1,110.505,0,1,1,5.3
leave-block-out (stress),B3,static,AD001042,3,1,1,27.237,1,1,1,27.237,1,1,1,1.618
leave-block-out (stress),B3,static,AD001045,3,1,1,260.787,0,0,1,260.787,0,0,1,1.583
leave-block-out (stress),B3,static,AD001053,4,1,1,104.832,0,1,1,111.114,0,1,1,5.089
leave-block-out (stress),B3,static,AD001080,7,1,1,190.432,0,1,1,190.432,0,1,1,1.556
leave-block-out (stress),B3,static,AD001091,4,1,1,67.339,1,1,1,67.339,1,1,1,4.826
leave-block-out (stress),B3,static,AD001105,3,1,1,444.251,0,0,1,459.324,0,0,1,1.62
leave-block-out (stress),B3,static,AD001116,4,1,1,28.827,1,1,1,28.827,1,1,1,5.04
leave-block-out (stress),B3,static,AD001121,4,1,1,115.333,0,1,1,115.333,0,1,1,5.372
leave-block-out (stress),B3,static,AD001122,3,1,1,304.007,0,0,1,378.993,0,0,1,5.102
leave-block-out (stress),B3,static,AD001127,3,1,1,229.544,0,1,1,229.544,0,1,1,1.555
leave-block-out (stress),B3,static,AD001130,3,1,1,118.209,0,1,1,118.209,0,1,1,5.154
leave-block-out (stress),B3,static,AD001133,3,1,1,168.974,0,1,1,168.974,0,1,1,4.95
leave-block-out (stress),B3,static,AD001135,3,1,1,184.695,0,1,1,184.695,0,1,1,1.578
leave-block-out (stress),B3,static,AD001145,3,1,1,47.432,1,1,1,47.432,1,1,1,1.641
leave-block-out (stress),B3,static,AD001152,4,1,1,164.683,0,1,1,164.683,0,1,1,5.041
leave-block-out (stress),B3,static,AD001156,6,1,1,140.057,0,1,1,140.057,0,1,1,1.742
leave-block-out (stress),B3,static,AD001170,3,1,1,165.887,0,1,1,165.887,0,1,1,1.809
leave-block-out (stress),B3,static,AD001178,3,1,1,266.681,0,0,1,435.97,0,0,1,1.578
leave-block-out (stress),B3,static,AD001186,3,1,1,155.618,0,1,1,406.339,0,0,1,1.895
leave-block-out (stress),B3,static,AD001200,4,1,1,259.091,0,0,1,397.126,0,0,1,5.17
leave-block-out (stress),B3,static,AD001212,6,1,1,586.031,0,0,0,1630.448,0,0,0,5.167
leave-block-out (stress),B3,static,AD001232,3,1,1,139.564,0,1,1,139.564,0,1,1,1.648
leave-block-out (stress),B3,static,AD001236,3,1,1,460.182,0,0,1,460.182,0,0,1,1.721
leave-block-out (stress),B3,static,AD001254,4,1,1,177.545,0,1,1,177.545,0,1,1,5.781
leave-block-out (stress),B3,static,AD001268,3,1,1,318.791,0,0,1,452.607,0,0,1,1.503
leave-block-out (stress),B3,static,AD001272,3,1,1,359.736,0,0,1,437.513,0,0,1,1.75
leave-block-out (stress),B3,static,AD001314,3,1,1,127.278,0,1,1,127.278,0,1,1,1.694
leave-block-out (stress),B3,static,AD001324,3,1,1,17.056,1,1,1,17.056,1,1,1,1.592
leave-block-out (stress),B3,static,AD001339,4,1,1,334.842,0,0,1,356.319,0,0,1,5.038
leave-block-out (stress),B3,static,AD001352,4,1,1,194.035,0,1,1,194.035,0,1,1,5.211
leave-block-out (stress),B3,static,AD001357,3,1,1,214.084,0,1,1,271.159,0,0,1,1.501
leave-block-out (stress),B3,static,AD001363,3,1,1,372.266,0,0,1,483.889,0,0,1,1.553
leave-block-out (stress),B3,static,AD001364,3,1,1,286.773,0,0,1,286.773,0,0,1,1.477
leave-block-out (stress),B3,static,AD001408,3,1,1,137.242,0,1,1,494.721,0,0,1,22.825
leave-block-out (stress),B3,static,AD001416,3,1,1,60.559,1,1,1,60.559,1,1,1,5.237
leave-block-out (stress),B3,static,AD001422,3,1,1,362.907,0,0,1,362.907,0,0,1,1.869
leave-block-out (stress),B3,static,AD001447,3,1,1,151.867,0,1,1,151.867,0,1,1,1.648
leave-block-out (stress),B3,static,AD001462,4,1,1,391.66,0,0,1,429.362,0,0,1,5.445
leave-block-out (stress),B3,static,AD001499,3,1,1,92.125,1,1,1,92.125,1,1,1,1.763
leave-block-out (stress),B3,static,AD001505,3,1,1,99.561,1,1,1,99.561,1,1,1,1.745
leave-block-out (stress),B3,static,AD001509,3,1,1,573.657,0,0,0,578.906,0,0,0,1.699
leave-block-out (stress),B3,static,AD001523,3,1,1,326.644,0,0,1,354.348,0,0,1,17.755
leave-block-out (stress),B3,static,AD001539,3,1,1,154.721,0,1,1,154.721,0,1,1,1.598
leave-block-out (stress),B3,static,AD001540,3,1,1,170.946,0,1,1,170.946,0,1,1,1.721
leave-block-out (stress),B3,static,AD001551,3,1,1,551.817,0,0,0,779.139,0,0,0,1.524
leave-block-out (stress),B3,static,AD001554,3,1,1,122.705,0,1,1,142.904,0,1,1,1.482
leave-block-out (stress),B3,static,AD001555,3,1,1,232.754,0,1,1,323.581,0,0,1,5.28
leave-block-out (stress),B3,static,AD001578,3,1,1,117.904,0,1,1,117.904,0,1,1,5.244
leave-block-out (stress),B3,static,AD001581,3,1,1,121.891,0,1,1,121.891,0,1,1,27.321
leave-block-out (stress),B3,static,AD001587,3,1,1,424.637,0,0,1,424.637,0,0,1,1.592
leave-block-out (stress),B3,static,AD001619,3,1,1,104.472,0,1,1,104.472,0,1,1,1.481
leave-block-out (stress),B3,static,AD001627,7,1,1,255.731,0,0,1,407.821,0,0,1,4.86
leave-block-out (stress),B3,static,AD001638,3,1,1,301.118,0,0,1,319.686,0,0,1,1.579
leave-block-out (stress),B3,static,AD001647,3,1,1,112.468,0,1,1,152.158,0,1,1,4.882
leave-block-out (stress),B3,static,AD001662,3,1,1,212.139,0,1,1,431.003,0,0,1,1.553
leave-block-out (stress),B3,static,AD001689,3,1,1,115.462,0,1,1,115.462,0,1,1,1.579
leave-block-out (stress),B3,static,AD001700,3,1,1,23.483,1,1,1,23.483,1,1,1,1.492
leave-block-out (stress),B3,static,AD001713,3,1,1,2.163,1,1,1,2.163,1,1,1,5.138
leave-block-out (stress),B3,static,AD001722,4,1,1,376.948,0,0,1,1332.773,0,0,0,1.869
leave-block-out (stress),B3,static,AD001726,3,1,1,44.471,1,1,1,44.471,1,1,1,1.549
leave-block-out (stress),B3,static,AD001731,3,1,1,85.387,1,1,1,85.387,1,1,1,1.53
leave-block-out (stress),B3,static,AD001738,3,1,1,250.635,0,0,1,262.395,0,0,1,34.9
leave-block-out (stress),B3,static,AD001741,3,1,1,159.227,0,1,1,159.227,0,1,1,2.033
leave-block-out (stress),B3,static,AD001742,3,1,1,320.581,0,0,1,320.581,0,0,1,22.497
leave-block-out (stress),B3,static,AD001746,3,1,1,298.984,0,0,1,311.005,0,0,1,1.708
leave-block-out (stress),B3,static,AD001753,4,1,1,85.468,1,1,1,85.468,1,1,1,5.251
leave-block-out (stress),B3,static,AD001760,3,1,1,376.147,0,0,1,376.147,0,0,1,5.324
leave-block-out (stress),B3,static,AD001767,3,1,1,188.518,0,1,1,188.518,0,1,1,4.887
leave-block-out (stress),B3,static,AD001779,3,1,1,139.212,0,1,1,139.212,0,1,1,1.483
leave-block-out (stress),B3,static,AD001788,4,1,1,185.065,0,1,1,364.04,0,0,1,4.939
leave-block-out (stress),B3,static,AD001792,7,1,1,68.019,1,1,1,68.019,1,1,1,33.397
leave-block-out (stress),B3,static,AD001794,3,1,1,261.739,0,0,1,304.36,0,0,1,1.751
leave-block-out (stress),B3,static,AD001815,3,1,1,365.02,0,0,1,365.02,0,0,1,1.724
leave-block-out (stress),B3,static,AD001821,3,1,1,68.236,1,1,1,68.236,1,1,1,5.424
leave-block-out (stress),B3,static,AD001879,3,1,1,258.424,0,0,1,258.424,0,0,1,1.806
leave-block-out (stress),B3,static,AD001880,3,1,1,826.704,0,0,0,826.704,0,0,0,1.563
leave-block-out (stress),B3,static,AD001891,4,1,1,393.628,0,0,1,441.467,0,0,1,4.971
leave-block-out (stress),B3,static,AD001923,3,1,1,173.908,0,1,1,181.824,0,1,1,1.427
leave-block-out (stress),B3,static,AD001954,3,1,1,490.272,0,0,1,497.427,0,0,1,1.803
leave-block-out (stress),B3,static,AD001972,3,1,1,64.154,1,1,1,64.154,1,1,1,1.636
leave-block-out (stress),B3,static,AD001973,6,1,1,303.133,0,0,1,1495.194,0,0,0,5.476
leave-block-out (stress),B3,static,AD001995,3,1,1,148.268,0,1,1,148.268,0,1,1,21.026
leave-block-out (stress),B3,static,AD001996,7,1,1,200.441,0,1,1,200.441,0,1,1,4.911
leave-block-out (stress),B3,static,AD002027,3,1,1,216.82,0,1,1,258.132,0,0,1,1.729
leave-block-out (stress),B3,static,AD002045,3,1,1,176.434,0,1,1,176.434,0,1,1,5.14
leave-block-out (stress),B3,static,AD002057,2,1,1,1224.483,0,0,0,1224.483,0,0,0,43.395
leave-block-out (stress),B3,static,AD002060,3,1,1,163.64,0,1,1,163.64,0,1,1,2.211
leave-block-out (stress),B3,static,AD002061,3,1,1,148.318,0,1,1,148.318,0,1,1,1.674
leave-block-out (stress),B3,static,AD002069,4,1,1,131.309,0,1,1,148.362,0,1,1,5.278
leave-block-out (stress),B3,static,AD002070,3,1,1,1838.564,0,0,0,1838.564,0,0,0,1.344
leave-block-out (stress),B3,static,AD002074,3,1,1,45.414,1,1,1,45.414,1,1,1,5.406
leave-block-out (stress),B3,static,AD002089,3,1,1,222.236,0,1,1,274.665,0,0,1,1.589
leave-block-out (stress),B3,static,AD002103,3,1,1,505.207,0,0,0,525.531,0,0,0,5.16
leave-block-out (stress),B3,static,AD002112,4,1,1,73.237,1,1,1,73.237,1,1,1,4.835
leave-block-out (stress),B3,static,AD002123,3,1,1,186.671,0,1,1,259.821,0,0,1,1.615
leave-block-out (stress),B3,static,AD002131,3,1,1,213.082,0,1,1,213.082,0,1,1,1.463
leave-block-out (stress),B3,static,AD002134,3,1,1,87.328,1,1,1,95.892,1,1,1,6.009
leave-block-out (stress),B3,static,AD002138,4,1,1,186.074,0,1,1,186.074,0,1,1,4.995
leave-block-out (stress),B3,static,AD002154,3,1,1,318.425,0,0,1,318.425,0,0,1,5.279
leave-block-out (stress),B3,static,AD002176,3,1,1,368.01,0,0,1,440.986,0,0,1,1.636
leave-block-out (stress),B3,static,AD002181,3,1,1,36.676,1,1,1,36.676,1,1,1,1.677
leave-block-out (stress),B3,static,AD002194,3,1,1,330.334,0,0,1,330.334,0,0,1,1.607
leave-block-out (stress),B3,static,AD002197,4,1,1,50.408,1,1,1,50.408,1,1,1,5.252
leave-block-out (stress),B3,static,AD002245,3,1,1,100.242,0,1,1,100.242,0,1,1,2.075
leave-block-out (stress),B3,static,AD002251,3,1,1,441.991,0,0,1,488.531,0,0,1,1.542
leave-block-out (stress),B3,static,AD002253,3,1,1,329.605,0,0,1,376.755,0,0,1,1.989
leave-block-out (stress),B3,static,AD002270,3,1,1,181.447,0,1,1,282.725,0,0,1,5.034
leave-block-out (stress),B3,static,AD002299,3,1,1,360.794,0,0,1,360.794,0,0,1,1.625
leave-block-out (stress),B3,static,AD002332,6,1,1,392.431,0,0,1,1527.992,0,0,0,5.641
leave-block-out (stress),B3,static,AD002333,7,1,1,427.12,0,0,1,627.699,0,0,0,1.821
leave-block-out (stress),B3,static,AD002357,3,1,1,226.477,0,1,1,226.477,0,1,1,1.711
leave-block-out (stress),B3,static,AD002362,3,1,1,45.404,1,1,1,45.404,1,1,1,1.676
leave-block-out (stress),B3,static,AD002412,5,1,1,224.703,0,1,1,379.36,0,0,1,5.206
leave-block-out (stress),B3,static,AD002415,5,1,1,128.812,0,1,1,2668.133,0,0,0,4.876
leave-block-out (stress),B3,static,AD002416,3,1,1,1613.944,0,0,0,1613.944,0,0,0,4.84
leave-block-out (stress),B3,static,AD002424,3,1,1,42.104,1,1,1,42.104,1,1,1,1.421
leave-block-out (stress),B3,static,AD002458,5,1,1,31.428,1,1,1,371.058,0,0,1,5.113
leave-block-out (stress),B3,static,AD002466,3,1,1,283.952,0,0,1,288.353,0,0,1,4.94
leave-block-out (stress),B3,static,AD002485,8,1,1,159.05,0,1,1,1488.776,0,0,0,5.276
leave-block-out (stress),B3,static,AD002490,3,1,1,253.11,0,0,1,419.0,0,0,1,1.598
leave-block-out (stress),B3,static,AD002499,3,1,1,133.431,0,1,1,187.103,0,1,1,1.558
leave-block-out (stress),B3,static,AD002504,3,1,1,185.528,0,1,1,185.528,0,1,1,22.485
leave-block-out (stress),B3,static,AD002509,3,1,1,135.661,0,1,1,135.661,0,1,1,17.089
leave-block-out (stress),B3,static,AD002535,5,1,1,373.48,0,0,1,373.48,0,0,1,4.892
leave-block-out (stress),B3,static,AD002566,4,1,1,171.073,0,1,1,184.765,0,1,1,5.171
leave-block-out (stress),B3,static,AD002579,3,1,1,283.325,0,0,1,289.137,0,0,1,1.544
leave-block-out (stress),B3,static,AD002583,3,1,1,309.94,0,0,1,309.94,0,0,1,1.637
leave-block-out (stress),B3,static,AD002606,3,1,1,85.555,1,1,1,85.555,1,1,1,1.306
leave-block-out (stress),B3,static,AD002621,3,1,1,21.134,1,1,1,21.134,1,1,1,5.284
leave-block-out (stress),B3,static,AD002633,3,1,1,106.349,0,1,1,106.349,0,1,1,4.856
leave-block-out (stress),B3,static,AD002637,5,1,1,91.777,1,1,1,118.022,0,1,1,1.553
leave-block-out (stress),B3,static,AD002661,6,1,1,316.701,0,0,1,316.701,0,0,1,1.699
leave-block-out (stress),B3,static,AD002663,3,1,1,1280.649,0,0,0,1280.649,0,0,0,1.401
leave-block-out (stress),B3,static,AD002664,3,1,1,133.831,0,1,1,133.831,0,1,1,1.548
leave-block-out (stress),B3,static,AD002673,3,1,1,228.513,0,1,1,229.151,0,1,1,1.64
leave-block-out (stress),B3,static,AD002685,3,1,1,265.422,0,0,1,265.422,0,0,1,32.132
leave-block-out (stress),B3,static,AD002691,6,1,1,426.968,0,0,1,1631.933,0,0,0,1.674
leave-block-out (stress),B3,static,AD002696,4,1,1,544.383,0,0,0,624.376,0,0,0,17.41
leave-block-out (stress),B3,static,AD002711,3,1,1,792.599,0,0,0,794.753,0,0,0,4.986
leave-block-out (stress),B3,static,AD002728,5,1,1,141.898,0,1,1,585.363,0,0,0,5.015
leave-block-out (stress),B3,static,AD002737,4,1,1,188.476,0,1,1,188.476,0,1,1,5.236
leave-block-out (stress),B3,static,AD002748,3,1,1,160.171,0,1,1,160.171,0,1,1,1.441
leave-block-out (stress),B3,static,AD002751,3,1,1,131.817,0,1,1,190.385,0,1,1,1.995
leave-block-out (stress),B3,static,AD002763,3,1,1,167.829,0,1,1,167.829,0,1,1,1.382
leave-block-out (stress),B3,static,AD002764,3,1,1,19.454,1,1,1,19.454,1,1,1,4.89
leave-block-out (stress),B3,static,AD002802,3,1,1,251.194,0,0,1,251.194,0,0,1,5.021
leave-block-out (stress),B3,static,AD002808,3,1,1,173.962,0,1,1,452.074,0,0,1,4.944
leave-block-out (stress),B3,static,AD002809,3,1,1,197.466,0,1,1,197.466,0,1,1,1.461
leave-block-out (stress),B3,static,AD002819,5,1,1,406.75,0,0,1,1095.517,0,0,0,1.62
leave-block-out (stress),B3,static,AD002821,4,1,1,212.317,0,1,1,212.317,0,1,1,4.976
leave-block-out (stress),B3,static,AD002849,3,1,1,329.901,0,0,1,468.026,0,0,1,1.539
leave-block-out (stress),B3,static,AD002858,3,1,1,520.022,0,0,0,520.022,0,0,0,1.632
leave-block-out (stress),B3,static,AD002870,3,1,1,218.623,0,1,1,265.251,0,0,1,1.631
leave-block-out (stress),B3,static,AD002875,4,1,1,100.234,0,1,1,100.234,0,1,1,4.955
leave-block-out (stress),B3,static,AD002880,3,1,1,240.254,0,1,1,240.254,0,1,1,1.603
leave-block-out (stress),B3,static,AD002882,6,1,1,158.452,0,1,1,1632.287,0,0,0,1.643
leave-block-out (stress),B3,static,AD002911,3,1,1,216.162,0,1,1,216.162,0,1,1,1.636
leave-block-out (stress),B3,static,AD002936,3,1,1,244.459,0,1,1,325.301,0,0,1,1.594
leave-block-out (stress),B3,static,AD002962,3,1,1,361.314,0,0,1,476.419,0,0,1,1.533
leave-block-out (stress),B3,static,AD002966,3,1,1,542.382,0,0,0,542.382,0,0,0,1.475
leave-block-out (stress),B3,static,AD002996,3,1,1,183.498,0,1,1,183.498,0,1,1,1.556
leave-block-out (stress),B3,static,AD003014,5,1,1,106.823,0,1,1,106.823,0,1,1,4.838
leave-block-out (stress),B3,static,AD003016,3,1,1,404.383,0,0,1,664.527,0,0,0,12.098
leave-block-out (stress),B3,static,AD003041,4,1,1,99.139,1,1,1,99.139,1,1,1,4.978
leave-block-out (stress),B3,static,AD003050,3,1,1,203.889,0,1,1,203.889,0,1,1,1.72
leave-block-out (stress),B3,static,AD003060,3,1,1,132.89,0,1,1,215.219,0,1,1,4.952
leave-block-out (stress),B3,static,AD003067,3,1,1,301.886,0,0,1,301.886,0,0,1,5.037
leave-block-out (stress),B3,static,AD003074,6,1,1,98.267,1,1,1,818.656,0,0,0,1.631
leave-block-out (stress),B3,static,AD003077,3,1,1,318.999,0,0,1,318.999,0,0,1,1.532
leave-block-out (stress),B3,static,AD003085,3,1,1,16.682,1,1,1,16.682,1,1,1,1.549
leave-block-out (stress),B3,all,AD000012,8,1,1,0.0,1,1,1,0.0,1,1,1,1.676
leave-block-out (stress),B3,all,AD000023,8,1,1,0.0,1,1,1,0.0,1,1,1,1.73
leave-block-out (stress),B3,all,AD000027,8,1,1,0.0,1,1,1,0.0,1,1,1,1.632
leave-block-out (stress),B3,all,AD000032,6,1,1,110.888,0,1,1,110.888,0,1,1,4.89
leave-block-out (stress),B3,all,AD000037,8,1,1,152.948,0,1,1,152.948,0,1,1,1.541
leave-block-out (stress),B3,all,AD000047,5,1,1,40.478,1,1,1,40.478,1,1,1,1.592
leave-block-out (stress),B3,all,AD000049,8,1,1,0.0,1,1,1,0.0,1,1,1,5.156
leave-block-out (stress),B3,all,AD000062,8,1,1,0.0,1,1,1,0.0,1,1,1,1.693
leave-block-out (stress),B3,all,AD000066,7,1,1,0.0,1,1,1,0.0,1,1,1,1.801
leave-block-out (stress),B3,all,AD000068,7,1,1,0.0,1,1,1,0.0,1,1,1,4.924
leave-block-out (stress),B3,all,AD000069,6,1,1,0.0,1,1,1,0.0,1,1,1,1.584
leave-block-out (stress),B3,all,AD000079,6,1,1,2.0,1,1,1,2.0,1,1,1,4.911
leave-block-out (stress),B3,all,AD000094,9,1,1,0.0,1,1,1,0.0,1,1,1,5.25
leave-block-out (stress),B3,all,AD000096,8,1,1,0.0,1,1,1,0.0,1,1,1,5.177
leave-block-out (stress),B3,all,AD000105,7,1,1,0.0,1,1,1,0.0,1,1,1,1.62
leave-block-out (stress),B3,all,AD000114,8,1,1,0.0,1,1,1,0.0,1,1,1,1.633
leave-block-out (stress),B3,all,AD000129,9,1,1,0.0,1,1,1,0.0,1,1,1,5.179
leave-block-out (stress),B3,all,AD000138,7,1,1,0.0,1,1,1,0.0,1,1,1,1.727
leave-block-out (stress),B3,all,AD000142,8,1,1,0.0,1,1,1,0.0,1,1,1,1.615
leave-block-out (stress),B3,all,AD000155,8,1,1,0.0,1,1,1,0.0,1,1,1,5.325
leave-block-out (stress),B3,all,AD000172,7,1,1,0.0,1,1,1,0.0,1,1,1,5.235
leave-block-out (stress),B3,all,AD000173,8,1,1,0.0,1,1,1,0.0,1,1,1,4.999
leave-block-out (stress),B3,all,AD000176,7,1,1,0.0,1,1,1,0.0,1,1,1,41.019
leave-block-out (stress),B3,all,AD000197,8,1,1,0.0,1,1,1,0.0,1,1,1,1.785
leave-block-out (stress),B3,all,AD000223,6,1,1,3.0,1,1,1,8.062,1,1,1,1.621
leave-block-out (stress),B3,all,AD000238,9,1,1,0.0,1,1,1,0.0,1,1,1,5.307
leave-block-out (stress),B3,all,AD000253,7,1,1,0.0,1,1,1,0.0,1,1,1,1.387
leave-block-out (stress),B3,all,AD000258,11,1,1,0.0,1,1,1,0.0,1,1,1,1.638
leave-block-out (stress),B3,all,AD000260,8,1,1,0.0,1,1,1,0.0,1,1,1,1.635
leave-block-out (stress),B3,all,AD000309,8,1,1,0.0,1,1,1,0.0,1,1,1,1.681
leave-block-out (stress),B3,all,AD000316,8,1,1,0.0,1,1,1,0.0,1,1,1,5.347
leave-block-out (stress),B3,all,AD000323,6,1,1,2.0,1,1,1,2.0,1,1,1,4.953
leave-block-out (stress),B3,all,AD000337,7,1,1,0.0,1,1,1,0.0,1,1,1,1.439
leave-block-out (stress),B3,all,AD000338,7,1,1,0.0,1,1,1,0.0,1,1,1,4.856
leave-block-out (stress),B3,all,AD000354,6,1,1,138.668,0,1,1,176.1,0,1,1,1.506
leave-block-out (stress),B3,all,AD000355,6,1,1,5.0,1,1,1,38.328,1,1,1,1.553
leave-block-out (stress),B3,all,AD000360,6,1,1,0.0,1,1,1,0.0,1,1,1,4.894
leave-block-out (stress),B3,all,AD000369,8,1,1,0.0,1,1,1,0.0,1,1,1,5.098
leave-block-out (stress),B3,all,AD000379,6,1,1,0.0,1,1,1,0.0,1,1,1,1.516
leave-block-out (stress),B3,all,AD000387,7,1,1,0.0,1,1,1,0.0,1,1,1,1.472
leave-block-out (stress),B3,all,AD000397,7,1,1,0.0,1,1,1,0.0,1,1,1,1.65
leave-block-out (stress),B3,all,AD000412,6,1,1,0.0,1,1,1,0.0,1,1,1,4.977
leave-block-out (stress),B3,all,AD000424,6,1,1,1.803,1,1,1,8.5,1,1,1,4.798
leave-block-out (stress),B3,all,AD000430,7,1,1,0.0,1,1,1,0.0,1,1,1,1.505
leave-block-out (stress),B3,all,AD000433,8,1,1,0.0,1,1,1,0.0,1,1,1,5.191
leave-block-out (stress),B3,all,AD000460,7,1,1,0.0,1,1,1,0.0,1,1,1,4.938
leave-block-out (stress),B3,all,AD000475,8,1,1,0.0,1,1,1,0.0,1,1,1,5.438
leave-block-out (stress),B3,all,AD000517,8,1,1,0.0,1,1,1,0.0,1,1,1,1.543
leave-block-out (stress),B3,all,AD000524,8,1,1,0.0,1,1,1,0.0,1,1,1,1.769
leave-block-out (stress),B3,all,AD000526,6,1,1,588.165,0,0,0,589.337,0,0,0,44.677
leave-block-out (stress),B3,all,AD000529,8,1,1,0.0,1,1,1,0.0,1,1,1,23.73
leave-block-out (stress),B3,all,AD000541,8,1,1,0.0,1,1,1,0.0,1,1,1,5.146
leave-block-out (stress),B3,all,AD000560,8,1,1,0.0,1,1,1,0.0,1,1,1,21.728
leave-block-out (stress),B3,all,AD000589,6,1,1,5.701,1,1,1,17.678,1,1,1,1.718
leave-block-out (stress),B3,all,AD000602,8,1,1,0.0,1,1,1,0.0,1,1,1,1.791
leave-block-out (stress),B3,all,AD000608,9,1,1,0.0,1,1,1,0.0,1,1,1,5.437
leave-block-out (stress),B3,all,AD000613,9,1,1,0.0,1,1,1,0.0,1,1,1,5.341
leave-block-out (stress),B3,all,AD000624,6,1,1,148.705,0,1,1,148.705,0,1,1,1.464
leave-block-out (stress),B3,all,AD000630,7,1,1,0.0,1,1,1,0.0,1,1,1,1.459
leave-block-out (stress),B3,all,AD000631,7,1,1,1.118,1,1,1,2.693,1,1,1,5.093
leave-block-out (stress),B3,all,AD000634,7,1,1,0.0,1,1,1,0.0,1,1,1,4.975
leave-block-out (stress),B3,all,AD000639,5,1,1,68.889,1,1,1,183.696,0,1,1,1.683
leave-block-out (stress),B3,all,AD000652,8,1,1,0.0,1,1,1,0.0,1,1,1,1.738
leave-block-out (stress),B3,all,AD000658,6,1,1,5.59,1,1,1,46.36,1,1,1,1.736
leave-block-out (stress),B3,all,AD000667,8,1,1,0.0,1,1,1,0.0,1,1,1,1.707
leave-block-out (stress),B3,all,AD000668,8,1,1,0.0,1,1,1,0.0,1,1,1,1.894
leave-block-out (stress),B3,all,AD000710,7,1,1,0.0,1,1,1,0.0,1,1,1,1.432
leave-block-out (stress),B3,all,AD000711,7,1,1,6.083,1,1,1,8.0,1,1,1,5.153
leave-block-out (stress),B3,all,AD000722,6,1,1,4.5,1,1,1,7.5,1,1,1,5.338
leave-block-out (stress),B3,all,AD000727,7,1,1,0.0,1,1,1,1.0,1,1,1,5.178
leave-block-out (stress),B3,all,AD000733,8,1,1,0.0,1,1,1,0.0,1,1,1,28.117
leave-block-out (stress),B3,all,AD000741,6,1,1,122.761,0,1,1,126.338,0,1,1,1.55
leave-block-out (stress),B3,all,AD000753,6,1,1,30.647,1,1,1,30.647,1,1,1,1.523
leave-block-out (stress),B3,all,AD000756,6,1,1,95.73,1,1,1,95.73,1,1,1,1.483
leave-block-out (stress),B3,all,AD000759,7,1,1,0.0,1,1,1,0.0,1,1,1,1.439
leave-block-out (stress),B3,all,AD000779,5,1,1,1159.281,0,0,0,1159.281,0,0,0,1.574
leave-block-out (stress),B3,all,AD000782,7,1,1,0.0,1,1,1,0.0,1,1,1,1.507
leave-block-out (stress),B3,all,AD000785,10,1,1,0.0,1,1,1,0.0,1,1,1,32.942
leave-block-out (stress),B3,all,AD000787,8,1,1,0.0,1,1,1,0.0,1,1,1,5.205
leave-block-out (stress),B3,all,AD000809,8,1,1,0.0,1,1,1,0.0,1,1,1,1.768
leave-block-out (stress),B3,all,AD000810,8,1,1,0.0,1,1,1,0.0,1,1,1,1.525
leave-block-out (stress),B3,all,AD000817,8,1,1,0.0,1,1,1,0.0,1,1,1,1.703
leave-block-out (stress),B3,all,AD000825,7,1,1,0.0,1,1,1,0.0,1,1,1,4.931
leave-block-out (stress),B3,all,AD000836,8,1,1,0.0,1,1,1,0.0,1,1,1,5.263
leave-block-out (stress),B3,all,AD000841,7,1,1,0.0,1,1,1,0.0,1,1,1,17.193
leave-block-out (stress),B3,all,AD000850,7,1,1,0.0,1,1,1,0.0,1,1,1,1.532
leave-block-out (stress),B3,all,AD000854,8,1,1,0.0,1,1,1,0.0,1,1,1,1.583
leave-block-out (stress),B3,all,AD000869,7,1,1,4.0,1,1,1,5.0,1,1,1,5.112
leave-block-out (stress),B3,all,AD000904,7,1,1,0.0,1,1,1,0.0,1,1,1,5.616
leave-block-out (stress),B3,all,AD000924,11,1,1,0.0,1,1,1,0.0,1,1,1,26.942
leave-block-out (stress),B3,all,AD000936,8,1,1,0.0,1,1,1,0.0,1,1,1,5.428
leave-block-out (stress),B3,all,AD000942,7,1,1,0.0,1,1,1,0.0,1,1,1,1.377
leave-block-out (stress),B3,all,AD000948,6,1,1,1.0,1,1,1,2.0,1,1,1,1.495
leave-block-out (stress),B3,all,AD000969,7,1,1,0.0,1,1,1,0.0,1,1,1,1.52
leave-block-out (stress),B3,all,AD000986,8,1,1,0.0,1,1,1,0.0,1,1,1,1.753
leave-block-out (stress),B3,all,AD001031,8,1,1,0.0,1,1,1,0.0,1,1,1,1.779
leave-block-out (stress),B3,all,AD001035,8,1,1,0.0,1,1,1,0.0,1,1,1,1.669
leave-block-out (stress),B3,all,AD001040,8,1,1,0.0,1,1,1,0.0,1,1,1,5.3
leave-block-out (stress),B3,all,AD001042,8,1,1,0.0,1,1,1,0.0,1,1,1,1.618
leave-block-out (stress),B3,all,AD001045,8,1,1,0.0,1,1,1,0.0,1,1,1,1.583
leave-block-out (stress),B3,all,AD001053,8,1,1,0.0,1,1,1,0.0,1,1,1,5.089
leave-block-out (stress),B3,all,AD001080,11,1,1,0.0,1,1,1,0.0,1,1,1,1.556
leave-block-out (stress),B3,all,AD001091,8,1,1,0.0,1,1,1,0.0,1,1,1,4.826
leave-block-out (stress),B3,all,AD001105,6,1,1,2.0,1,1,1,2.0,1,1,1,1.62
leave-block-out (stress),B3,all,AD001116,8,1,1,0.0,1,1,1,0.0,1,1,1,5.04
leave-block-out (stress),B3,all,AD001121,9,1,1,0.0,1,1,1,0.0,1,1,1,5.372
leave-block-out (stress),B3,all,AD001122,7,1,1,0.0,1,1,1,0.0,1,1,1,5.102
leave-block-out (stress),B3,all,AD001127,6,1,1,15.7,1,1,1,15.7,1,1,1,1.555
leave-block-out (stress),B3,all,AD001130,7,1,1,0.0,1,1,1,0.0,1,1,1,5.154
leave-block-out (stress),B3,all,AD001133,7,1,1,0.0,1,1,1,0.0,1,1,1,4.95
leave-block-out (stress),B3,all,AD001135,6,1,1,79.071,1,1,1,79.071,1,1,1,1.578
leave-block-out (stress),B3,all,AD001145,8,1,1,0.0,1,1,1,0.0,1,1,1,1.641
leave-block-out (stress),B3,all,AD001152,9,1,1,0.0,1,1,1,0.0,1,1,1,5.041
leave-block-out (stress),B3,all,AD001156,11,1,1,0.0,1,1,1,0.0,1,1,1,1.742
leave-block-out (stress),B3,all,AD001170,8,1,1,0.0,1,1,1,0.0,1,1,1,1.809
leave-block-out (stress),B3,all,AD001178,7,1,1,0.0,1,1,1,0.0,1,1,1,1.578
leave-block-out (stress),B3,all,AD001186,8,1,1,0.0,1,1,1,0.0,1,1,1,1.895
leave-block-out (stress),B3,all,AD001200,8,1,1,0.0,1,1,1,0.0,1,1,1,5.17
leave-block-out (stress),B3,all,AD001212,10,1,1,0.0,1,1,1,0.0,1,1,1,5.167
leave-block-out (stress),B3,all,AD001232,8,1,1,0.0,1,1,1,0.0,1,1,1,1.648
leave-block-out (stress),B3,all,AD001236,7,1,1,0.0,1,1,1,0.0,1,1,1,1.721
leave-block-out (stress),B3,all,AD001254,9,1,1,0.0,1,1,1,0.0,1,1,1,5.781
leave-block-out (stress),B3,all,AD001268,5,1,1,196.329,0,1,1,196.329,0,1,1,1.503
leave-block-out (stress),B3,all,AD001272,8,1,1,0.0,1,1,1,0.0,1,1,1,1.75
leave-block-out (stress),B3,all,AD001314,8,1,1,0.0,1,1,1,0.0,1,1,1,1.694
leave-block-out (stress),B3,all,AD001324,8,1,1,0.0,1,1,1,0.0,1,1,1,1.592
leave-block-out (stress),B3,all,AD001339,7,1,1,118.052,0,1,1,119.085,0,1,1,5.038
leave-block-out (stress),B3,all,AD001352,7,1,1,3.0,1,1,1,5.0,1,1,1,5.211
leave-block-out (stress),B3,all,AD001357,7,1,1,0.0,1,1,1,0.0,1,1,1,1.501
leave-block-out (stress),B3,all,AD001363,7,1,1,0.0,1,1,1,0.0,1,1,1,1.553
leave-block-out (stress),B3,all,AD001364,7,1,1,0.0,1,1,1,0.0,1,1,1,1.477
leave-block-out (stress),B3,all,AD001408,8,1,1,0.0,1,1,1,0.0,1,1,1,22.825
leave-block-out (stress),B3,all,AD001416,8,1,1,0.0,1,1,1,0.0,1,1,1,5.237
leave-block-out (stress),B3,all,AD001422,6,1,1,7.0,1,1,1,7.0,1,1,1,1.869
leave-block-out (stress),B3,all,AD001447,6,1,1,2.0,1,1,1,2.0,1,1,1,1.648
leave-block-out (stress),B3,all,AD001462,9,1,1,0.0,1,1,1,0.0,1,1,1,5.445
leave-block-out (stress),B3,all,AD001499,8,1,1,0.0,1,1,1,0.0,1,1,1,1.763
leave-block-out (stress),B3,all,AD001505,8,1,1,0.0,1,1,1,0.0,1,1,1,1.745
leave-block-out (stress),B3,all,AD001509,8,1,1,0.0,1,1,1,0.0,1,1,1,1.699
leave-block-out (stress),B3,all,AD001523,8,1,1,0.0,1,1,1,0.0,1,1,1,17.755
leave-block-out (stress),B3,all,AD001539,8,1,1,0.0,1,1,1,0.0,1,1,1,1.598
leave-block-out (stress),B3,all,AD001540,7,1,1,0.0,1,1,1,0.0,1,1,1,1.721
leave-block-out (stress),B3,all,AD001551,6,1,1,141.902,0,1,1,141.902,0,1,1,1.524
leave-block-out (stress),B3,all,AD001554,7,1,1,0.0,1,1,1,0.0,1,1,1,1.482
leave-block-out (stress),B3,all,AD001555,8,1,1,0.0,1,1,1,0.0,1,1,1,5.28
leave-block-out (stress),B3,all,AD001578,6,1,1,0.0,1,1,1,0.0,1,1,1,5.244
leave-block-out (stress),B3,all,AD001581,8,1,1,0.0,1,1,1,0.0,1,1,1,27.321
leave-block-out (stress),B3,all,AD001587,7,1,1,0.0,1,1,1,0.0,1,1,1,1.592
leave-block-out (stress),B3,all,AD001619,7,1,1,0.0,1,1,1,0.0,1,1,1,1.481
leave-block-out (stress),B3,all,AD001627,12,1,1,0.0,1,1,1,0.0,1,1,1,4.86
leave-block-out (stress),B3,all,AD001638,6,1,1,6.0,1,1,1,15.0,1,1,1,1.579
leave-block-out (stress),B3,all,AD001647,8,1,1,0.0,1,1,1,0.0,1,1,1,4.882
leave-block-out (stress),B3,all,AD001662,7,1,1,0.0,1,1,1,0.0,1,1,1,1.553
leave-block-out (stress),B3,all,AD001689,7,1,1,0.0,1,1,1,0.0,1,1,1,1.579
leave-block-out (stress),B3,all,AD001700,7,1,1,0.0,1,1,1,0.0,1,1,1,1.492
leave-block-out (stress),B3,all,AD001713,8,1,1,0.0,1,1,1,0.0,1,1,1,5.138
leave-block-out (stress),B3,all,AD001722,9,1,1,0.0,1,1,1,0.0,1,1,1,1.869
leave-block-out (stress),B3,all,AD001726,7,1,1,0.0,1,1,1,0.0,1,1,1,1.549
leave-block-out (stress),B3,all,AD001731,6,1,1,31.0,1,1,1,42.0,1,1,1,1.53
leave-block-out (stress),B3,all,AD001738,7,1,1,0.0,1,1,1,0.0,1,1,1,34.9
leave-block-out (stress),B3,all,AD001741,7,1,1,0.0,1,1,1,0.0,1,1,1,2.033
leave-block-out (stress),B3,all,AD001742,7,1,1,0.0,1,1,1,0.0,1,1,1,22.497
leave-block-out (stress),B3,all,AD001746,8,1,1,0.0,1,1,1,0.0,1,1,1,1.708
leave-block-out (stress),B3,all,AD001753,9,1,1,0.0,1,1,1,0.0,1,1,1,5.251
leave-block-out (stress),B3,all,AD001760,8,1,1,0.0,1,1,1,0.0,1,1,1,5.324
leave-block-out (stress),B3,all,AD001767,5,1,1,156.644,0,1,1,156.644,0,1,1,4.887
leave-block-out (stress),B3,all,AD001779,7,1,1,0.0,1,1,1,0.0,1,1,1,1.483
leave-block-out (stress),B3,all,AD001788,7,1,1,0.0,1,1,1,18.868,1,1,1,4.939
leave-block-out (stress),B3,all,AD001792,10,1,1,8.631,1,1,1,8.631,1,1,1,33.397
leave-block-out (stress),B3,all,AD001794,8,1,1,0.0,1,1,1,0.0,1,1,1,1.751
leave-block-out (stress),B3,all,AD001815,8,1,1,0.0,1,1,1,0.0,1,1,1,1.724
leave-block-out (stress),B3,all,AD001821,8,1,1,0.0,1,1,1,0.0,1,1,1,5.424
leave-block-out (stress),B3,all,AD001879,7,1,1,0.0,1,1,1,0.0,1,1,1,1.806
leave-block-out (stress),B3,all,AD001880,5,1,1,736.448,0,0,0,736.448,0,0,0,1.563
leave-block-out (stress),B3,all,AD001891,7,1,1,0.0,1,1,1,6.325,1,1,1,4.971
leave-block-out (stress),B3,all,AD001923,7,1,1,0.0,1,1,1,0.0,1,1,1,1.427
leave-block-out (stress),B3,all,AD001954,8,1,1,0.0,1,1,1,0.0,1,1,1,1.803
leave-block-out (stress),B3,all,AD001972,8,1,1,0.0,1,1,1,0.0,1,1,1,1.636
leave-block-out (stress),B3,all,AD001973,11,1,1,0.0,1,1,1,0.0,1,1,1,5.476
leave-block-out (stress),B3,all,AD001995,5,1,1,148.268,0,1,1,190.145,0,1,1,21.026
leave-block-out (stress),B3,all,AD001996,10,1,1,0.0,1,1,1,0.0,1,1,1,4.911
leave-block-out (stress),B3,all,AD002027,8,1,1,0.0,1,1,1,0.0,1,1,1,1.729
leave-block-out (stress),B3,all,AD002045,7,1,1,0.0,1,1,1,0.0,1,1,1,5.14
leave-block-out (stress),B3,all,AD002057,4,1,1,182.227,0,1,1,182.227,0,1,1,43.395
leave-block-out (stress),B3,all,AD002060,8,1,1,0.0,1,1,1,0.0,1,1,1,2.211
leave-block-out (stress),B3,all,AD002061,7,1,1,0.0,1,1,1,0.0,1,1,1,1.674
leave-block-out (stress),B3,all,AD002069,8,1,1,0.0,1,1,1,0.0,1,1,1,5.278
leave-block-out (stress),B3,all,AD002070,5,1,1,1838.564,0,0,0,2011.34,0,0,0,1.344
leave-block-out (stress),B3,all,AD002074,7,1,1,0.0,1,1,1,0.0,1,1,1,5.406
leave-block-out (stress),B3,all,AD002089,8,1,1,0.0,1,1,1,0.0,1,1,1,1.589
leave-block-out (stress),B3,all,AD002103,8,1,1,0.0,1,1,1,0.0,1,1,1,5.16
leave-block-out (stress),B3,all,AD002112,9,1,1,0.0,1,1,1,0.0,1,1,1,4.835
leave-block-out (stress),B3,all,AD002123,6,1,1,2.236,1,1,1,2.236,1,1,1,1.615
leave-block-out (stress),B3,all,AD002131,8,1,1,0.0,1,1,1,0.0,1,1,1,1.463
leave-block-out (stress),B3,all,AD002134,8,1,1,0.0,1,1,1,0.0,1,1,1,6.009
leave-block-out (stress),B3,all,AD002138,9,1,1,0.0,1,1,1,0.0,1,1,1,4.995
leave-block-out (stress),B3,all,AD002154,8,1,1,0.0,1,1,1,0.0,1,1,1,5.279
leave-block-out (stress),B3,all,AD002176,7,1,1,0.0,1,1,1,0.0,1,1,1,1.636
leave-block-out (stress),B3,all,AD002181,6,1,1,4.0,1,1,1,6.0,1,1,1,1.677
leave-block-out (stress),B3,all,AD002194,8,1,1,0.0,1,1,1,0.0,1,1,1,1.607
leave-block-out (stress),B3,all,AD002197,8,1,1,0.0,1,1,1,0.0,1,1,1,5.252
leave-block-out (stress),B3,all,AD002245,7,1,1,0.0,1,1,1,0.0,1,1,1,2.075
leave-block-out (stress),B3,all,AD002251,7,1,1,0.0,1,1,1,0.0,1,1,1,1.542
leave-block-out (stress),B3,all,AD002253,8,1,1,0.0,1,1,1,0.0,1,1,1,1.989
leave-block-out (stress),B3,all,AD002270,6,1,1,0.0,1,1,1,0.0,1,1,1,5.034
leave-block-out (stress),B3,all,AD002299,8,1,1,0.0,1,1,1,0.0,1,1,1,1.625
leave-block-out (stress),B3,all,AD002332,11,1,1,0.0,1,1,1,0.0,1,1,1,5.641
leave-block-out (stress),B3,all,AD002333,12,1,1,0.0,1,1,1,0.0,1,1,1,1.821
leave-block-out (stress),B3,all,AD002357,8,1,1,0.0,1,1,1,0.0,1,1,1,1.711
leave-block-out (stress),B3,all,AD002362,8,1,1,0.0,1,1,1,0.0,1,1,1,1.676
leave-block-out (stress),B3,all,AD002412,8,1,1,91.093,1,1,1,94.921,1,1,1,5.206
leave-block-out (stress),B3,all,AD002415,8,1,1,128.812,0,1,1,2540.825,0,0,0,4.876
leave-block-out (stress),B3,all,AD002416,5,1,1,1613.944,0,0,0,1970.533,0,0,0,4.84
leave-block-out (stress),B3,all,AD002424,7,1,1,0.0,1,1,1,0.0,1,1,1,1.421
leave-block-out (stress),B3,all,AD002458,9,1,1,0.0,1,1,1,0.0,1,1,1,5.113
leave-block-out (stress),B3,all,AD002466,8,1,1,0.0,1,1,1,0.0,1,1,1,4.94
leave-block-out (stress),B3,all,AD002485,12,1,1,0.0,1,1,1,0.0,1,1,1,5.276
leave-block-out (stress),B3,all,AD002490,8,1,1,0.0,1,1,1,0.0,1,1,1,1.598
leave-block-out (stress),B3,all,AD002499,7,1,1,0.0,1,1,1,0.0,1,1,1,1.558
leave-block-out (stress),B3,all,AD002504,8,1,1,0.0,1,1,1,0.0,1,1,1,22.485
leave-block-out (stress),B3,all,AD002509,8,1,1,0.0,1,1,1,0.0,1,1,1,17.089
leave-block-out (stress),B3,all,AD002535,10,1,1,0.0,1,1,1,0.0,1,1,1,4.892
leave-block-out (stress),B3,all,AD002566,8,1,1,0.0,1,1,1,0.0,1,1,1,5.171
leave-block-out (stress),B3,all,AD002579,8,1,1,0.0,1,1,1,0.0,1,1,1,1.544
leave-block-out (stress),B3,all,AD002583,8,1,1,0.0,1,1,1,0.0,1,1,1,1.637
leave-block-out (stress),B3,all,AD002606,5,1,1,85.555,1,1,1,184.408,0,1,1,1.306
leave-block-out (stress),B3,all,AD002621,8,1,1,0.0,1,1,1,0.0,1,1,1,5.284
leave-block-out (stress),B3,all,AD002633,7,1,1,0.0,1,1,1,0.0,1,1,1,4.856
leave-block-out (stress),B3,all,AD002637,10,1,1,0.0,1,1,1,0.0,1,1,1,1.553
leave-block-out (stress),B3,all,AD002661,11,1,1,0.0,1,1,1,0.0,1,1,1,1.699
leave-block-out (stress),B3,all,AD002663,6,1,1,0.0,1,1,1,12.042,1,1,1,1.401
leave-block-out (stress),B3,all,AD002664,7,1,1,0.0,1,1,1,0.0,1,1,1,1.548
leave-block-out (stress),B3,all,AD002673,6,1,1,5.701,1,1,1,5.701,1,1,1,1.64
leave-block-out (stress),B3,all,AD002685,5,1,1,155.081,0,1,1,155.081,0,1,1,32.132
leave-block-out (stress),B3,all,AD002691,9,1,1,0.0,1,1,1,0.0,1,1,1,1.674
leave-block-out (stress),B3,all,AD002696,6,1,1,156.029,0,1,1,156.029,0,1,1,17.41
leave-block-out (stress),B3,all,AD002711,6,1,1,0.0,1,1,1,0.0,1,1,1,4.986
leave-block-out (stress),B3,all,AD002728,8,1,1,40.954,1,1,1,43.603,1,1,1,5.015
leave-block-out (stress),B3,all,AD002737,8,1,1,0.0,1,1,1,0.0,1,1,1,5.236
leave-block-out (stress),B3,all,AD002748,8,1,1,0.0,1,1,1,0.0,1,1,1,1.441
leave-block-out (stress),B3,all,AD002751,8,1,1,0.0,1,1,1,0.0,1,1,1,1.995
leave-block-out (stress),B3,all,AD002763,7,1,1,0.0,1,1,1,0.0,1,1,1,1.382
leave-block-out (stress),B3,all,AD002764,5,1,1,19.454,1,1,1,38.161,1,1,1,4.89
leave-block-out (stress),B3,all,AD002802,8,1,1,0.0,1,1,1,0.0,1,1,1,5.021
leave-block-out (stress),B3,all,AD002808,6,1,1,162.98,0,1,1,162.98,0,1,1,4.944
leave-block-out (stress),B3,all,AD002809,7,1,1,0.0,1,1,1,0.0,1,1,1,1.461
leave-block-out (stress),B3,all,AD002819,8,1,1,1.803,1,1,1,1.803,1,1,1,1.62
leave-block-out (stress),B3,all,AD002821,9,1,1,0.0,1,1,1,0.0,1,1,1,4.976
leave-block-out (stress),B3,all,AD002849,6,1,1,5.0,1,1,1,16.643,1,1,1,1.539
leave-block-out (stress),B3,all,AD002858,8,1,1,0.0,1,1,1,0.0,1,1,1,1.632
leave-block-out (stress),B3,all,AD002870,8,1,1,0.0,1,1,1,0.0,1,1,1,1.631
leave-block-out (stress),B3,all,AD002875,8,1,1,0.0,1,1,1,0.0,1,1,1,4.955
leave-block-out (stress),B3,all,AD002880,8,1,1,0.0,1,1,1,0.0,1,1,1,1.603
leave-block-out (stress),B3,all,AD002882,11,1,1,0.0,1,1,1,0.0,1,1,1,1.643
leave-block-out (stress),B3,all,AD002911,8,1,1,0.0,1,1,1,0.0,1,1,1,1.636
leave-block-out (stress),B3,all,AD002936,7,1,1,0.0,1,1,1,0.0,1,1,1,1.594
leave-block-out (stress),B3,all,AD002962,8,1,1,0.0,1,1,1,0.0,1,1,1,1.533
leave-block-out (stress),B3,all,AD002966,8,1,1,0.0,1,1,1,0.0,1,1,1,1.475
leave-block-out (stress),B3,all,AD002996,7,1,1,0.0,1,1,1,0.0,1,1,1,1.556
leave-block-out (stress),B3,all,AD003014,9,1,1,0.0,1,1,1,0.0,1,1,1,4.838
leave-block-out (stress),B3,all,AD003016,6,1,1,117.209,0,1,1,117.209,0,1,1,12.098
leave-block-out (stress),B3,all,AD003041,8,1,1,0.0,1,1,1,0.0,1,1,1,4.978
leave-block-out (stress),B3,all,AD003050,8,1,1,0.0,1,1,1,0.0,1,1,1,1.72
leave-block-out (stress),B3,all,AD003060,8,1,1,0.0,1,1,1,0.0,1,1,1,4.952
leave-block-out (stress),B3,all,AD003067,8,1,1,0.0,1,1,1,0.0,1,1,1,5.037
leave-block-out (stress),B3,all,AD003074,11,1,1,0.0,1,1,1,0.0,1,1,1,1.631
leave-block-out (stress),B3,all,AD003077,8,1,1,0.0,1,1,1,0.0,1,1,1,1.532
leave-block-out (stress),B3,all,AD003085,8,1,1,0.0,1,1,1,0.0,1,1,1,1.549
leave-block-out (stress),B4,static,AD000012,3,1,1,121.264,0,1,1,121.264,0,1,1,1.677
leave-block-out (stress),B4,static,AD000023,3,1,1,381.158,0,0,1,381.158,0,0,1,1.683
leave-block-out (stress),B4,static,AD000027,3,1,1,164.502,0,1,1,319.555,0,0,1,1.661
leave-block-out (stress),B4,static,AD000032,3,1,1,415.992,0,0,1,466.514,0,0,1,4.965
leave-block-out (stress),B4,static,AD000037,6,1,1,160.972,0,1,1,1302.431,0,0,0,1.491
leave-block-out (stress),B4,static,AD000047,3,1,1,431.46,0,0,1,560.169,0,0,0,1.576
leave-block-out (stress),B4,static,AD000049,3,1,1,348.54,0,0,1,348.54,0,0,1,5.168
leave-block-out (stress),B4,static,AD000062,3,1,1,65.157,1,1,1,171.811,0,1,1,1.8
leave-block-out (stress),B4,static,AD000066,3,1,1,40.602,1,1,1,373.431,0,0,1,1.78
leave-block-out (stress),B4,static,AD000068,3,1,1,187.628,0,1,1,187.628,0,1,1,4.913
leave-block-out (stress),B4,static,AD000069,3,1,1,630.283,0,0,0,764.138,0,0,0,1.752
leave-block-out (stress),B4,static,AD000079,3,1,1,165.369,0,1,1,165.369,0,1,1,5.169
leave-block-out (stress),B4,static,AD000094,5,1,1,75.701,1,1,1,75.701,1,1,1,5.087
leave-block-out (stress),B4,static,AD000096,3,1,1,338.155,0,0,1,355.067,0,0,1,5.189
leave-block-out (stress),B4,static,AD000105,3,1,1,447.63,0,0,1,586.055,0,0,0,1.709
leave-block-out (stress),B4,static,AD000114,3,1,1,74.165,1,1,1,74.165,1,1,1,1.624
leave-block-out (stress),B4,static,AD000129,4,1,1,523.526,0,0,0,630.789,0,0,0,5.332
leave-block-out (stress),B4,static,AD000138,3,1,1,48.487,1,1,1,156.387,0,1,1,1.787
leave-block-out (stress),B4,static,AD000142,3,1,1,145.525,0,1,1,145.525,0,1,1,1.661
leave-block-out (stress),B4,static,AD000155,3,1,1,44.643,1,1,1,44.643,1,1,1,5.454
leave-block-out (stress),B4,static,AD000172,3,1,1,304.109,0,0,1,304.109,0,0,1,5.095
leave-block-out (stress),B4,static,AD000173,3,1,1,242.711,0,1,1,242.711,0,1,1,5.277
leave-block-out (stress),B4,static,AD000176,3,1,1,343.193,0,0,1,343.193,0,0,1,208.861
leave-block-out (stress),B4,static,AD000197,3,1,1,150.741,0,1,1,460.47,0,0,1,1.763
leave-block-out (stress),B4,static,AD000223,3,1,1,297.433,0,0,1,297.433,0,0,1,1.633
leave-block-out (stress),B4,static,AD000238,4,1,1,33.767,1,1,1,33.767,1,1,1,5.179
leave-block-out (stress),B4,static,AD000253,3,1,1,166.756,0,1,1,166.756,0,1,1,1.392
leave-block-out (stress),B4,static,AD000258,7,1,1,251.0,0,0,1,2224.758,0,0,0,1.632
leave-block-out (stress),B4,static,AD000260,3,1,1,244.712,0,1,1,244.712,0,1,1,1.617
leave-block-out (stress),B4,static,AD000309,3,1,1,254.285,0,0,1,254.285,0,0,1,1.644
leave-block-out (stress),B4,static,AD000316,3,1,1,57.073,1,1,1,57.073,1,1,1,5.354
leave-block-out (stress),B4,static,AD000323,3,1,1,79.699,1,1,1,79.699,1,1,1,4.912
leave-block-out (stress),B4,static,AD000337,3,1,1,30.585,1,1,1,30.585,1,1,1,1.514
leave-block-out (stress),B4,static,AD000338,3,1,1,338.916,0,0,1,338.916,0,0,1,4.87
leave-block-out (stress),B4,static,AD000354,3,1,1,138.668,0,1,1,138.668,0,1,1,1.497
leave-block-out (stress),B4,static,AD000355,3,1,1,272.932,0,0,1,272.932,0,0,1,1.526
leave-block-out (stress),B4,static,AD000360,3,1,1,364.144,0,0,1,364.144,0,0,1,5.142
leave-block-out (stress),B4,static,AD000369,3,1,1,121.08,0,1,1,121.08,0,1,1,5.34
leave-block-out (stress),B4,static,AD000379,3,1,1,540.336,0,0,0,728.854,0,0,0,1.548
leave-block-out (stress),B4,static,AD000387,3,1,1,278.708,0,0,1,302.318,0,0,1,1.48
leave-block-out (stress),B4,static,AD000397,3,1,1,81.298,1,1,1,263.528,0,0,1,1.64
leave-block-out (stress),B4,static,AD000412,3,1,1,226.165,0,1,1,226.165,0,1,1,5.016
leave-block-out (stress),B4,static,AD000424,3,1,1,146.899,0,1,1,146.899,0,1,1,5.086
leave-block-out (stress),B4,static,AD000430,3,1,1,147.474,0,1,1,170.972,0,1,1,1.377
leave-block-out (stress),B4,static,AD000433,4,1,1,523.238,0,0,0,2045.598,0,0,0,5.099
leave-block-out (stress),B4,static,AD000460,3,1,1,240.484,0,1,1,248.907,0,1,1,5.023
leave-block-out (stress),B4,static,AD000475,3,1,1,184.642,0,1,1,387.754,0,0,1,5.222
leave-block-out (stress),B4,static,AD000517,3,1,1,93.418,1,1,1,93.418,1,1,1,1.511
leave-block-out (stress),B4,static,AD000524,3,1,1,149.958,0,1,1,149.958,0,1,1,1.695
leave-block-out (stress),B4,static,AD000526,3,1,1,832.488,0,0,0,852.128,0,0,0,213.845
leave-block-out (stress),B4,static,AD000529,3,1,1,88.168,1,1,1,110.001,0,1,1,221.619
leave-block-out (stress),B4,static,AD000541,3,1,1,274.462,0,0,1,274.462,0,0,1,5.269
leave-block-out (stress),B4,static,AD000560,3,1,1,412.681,0,0,1,412.681,0,0,1,116.92
leave-block-out (stress),B4,static,AD000589,3,1,1,276.584,0,0,1,337.894,0,0,1,1.558
leave-block-out (stress),B4,static,AD000602,3,1,1,317.322,0,0,1,319.707,0,0,1,1.613
leave-block-out (stress),B4,static,AD000608,4,1,1,297.686,0,0,1,297.686,0,0,1,5.34
leave-block-out (stress),B4,static,AD000613,4,1,1,324.211,0,0,1,331.051,0,0,1,5.13
leave-block-out (stress),B4,static,AD000624,4,1,1,576.438,0,0,0,1392.849,0,0,0,1.415
leave-block-out (stress),B4,static,AD000630,3,1,1,212.896,0,1,1,219.042,0,1,1,1.418
leave-block-out (stress),B4,static,AD000631,4,1,1,273.457,0,0,1,278.238,0,0,1,5.739
leave-block-out (stress),B4,static,AD000634,3,1,1,544.149,0,0,0,670.439,0,0,0,4.905
leave-block-out (stress),B4,static,AD000639,3,1,1,68.889,1,1,1,126.421,0,1,1,1.649
leave-block-out (stress),B4,static,AD000652,3,1,1,166.513,0,1,1,166.513,0,1,1,1.683
leave-block-out (stress),B4,static,AD000658,3,1,1,319.558,0,0,1,535.327,0,0,0,1.567
leave-block-out (stress),B4,static,AD000667,3,1,1,486.411,0,0,1,620.642,0,0,0,1.841
leave-block-out (stress),B4,static,AD000668,3,1,1,110.386,0,1,1,110.386,0,1,1,1.666
leave-block-out (stress),B4,static,AD000710,3,1,1,315.092,0,0,1,464.85,0,0,1,1.447
leave-block-out (stress),B4,static,AD000711,4,1,1,300.083,0,0,1,300.083,0,0,1,4.852
leave-block-out (stress),B4,static,AD000722,3,1,1,360.067,0,0,1,360.067,0,0,1,5.013
leave-block-out (stress),B4,static,AD000727,4,1,1,131.751,0,1,1,131.751,0,1,1,5.151
leave-block-out (stress),B4,static,AD000733,3,1,1,188.101,0,1,1,245.596,0,1,1,223.223
leave-block-out (stress),B4,static,AD000741,3,1,1,122.761,0,1,1,122.761,0,1,1,1.546
leave-block-out (stress),B4,static,AD000753,3,1,1,374.894,0,0,1,374.894,0,0,1,1.55
leave-block-out (stress),B4,static,AD000756,3,1,1,194.267,0,1,1,221.641,0,1,1,1.558
leave-block-out (stress),B4,static,AD000759,3,1,1,93.304,1,1,1,93.304,1,1,1,1.423
leave-block-out (stress),B4,static,AD000779,3,1,1,1270.469,0,0,0,1270.469,0,0,0,1.578
leave-block-out (stress),B4,static,AD000782,3,1,1,374.849,0,0,1,374.849,0,0,1,1.531
leave-block-out (stress),B4,static,AD000785,6,1,1,323.556,0,0,1,1029.123,0,0,0,224.967
leave-block-out (stress),B4,static,AD000787,3,1,1,16.819,1,1,1,16.819,1,1,1,5.212
leave-block-out (stress),B4,static,AD000809,3,1,1,496.101,0,0,1,496.101,0,0,1,1.716
leave-block-out (stress),B4,static,AD000810,3,1,1,490.75,0,0,1,667.845,0,0,0,1.625
leave-block-out (stress),B4,static,AD000817,3,1,1,233.947,0,1,1,233.947,0,1,1,1.711
leave-block-out (stress),B4,static,AD000825,3,1,1,55.1,1,1,1,55.1,1,1,1,5.092
leave-block-out (stress),B4,static,AD000836,4,1,1,306.573,0,0,1,396.888,0,0,1,5.155
leave-block-out (stress),B4,static,AD000841,3,1,1,292.843,0,0,1,292.843,0,0,1,205.227
leave-block-out (stress),B4,static,AD000850,3,1,1,168.423,0,1,1,316.332,0,0,1,1.496
leave-block-out (stress),B4,static,AD000854,3,1,1,490.741,0,0,1,608.084,0,0,0,1.571
leave-block-out (stress),B4,static,AD000869,4,1,1,58.667,1,1,1,229.127,0,1,1,5.221
leave-block-out (stress),B4,static,AD000904,3,1,1,265.391,0,0,1,265.391,0,0,1,4.983
leave-block-out (stress),B4,static,AD000924,6,1,1,342.963,0,0,1,343.702,0,0,1,209.037
leave-block-out (stress),B4,static,AD000936,3,1,1,364.652,0,0,1,364.652,0,0,1,5.318
leave-block-out (stress),B4,static,AD000942,3,1,1,72.575,1,1,1,72.575,1,1,1,1.489
leave-block-out (stress),B4,static,AD000948,3,1,1,141.998,0,1,1,195.983,0,1,1,1.545
leave-block-out (stress),B4,static,AD000969,3,1,1,73.828,1,1,1,73.828,1,1,1,2.567
leave-block-out (stress),B4,static,AD000986,3,1,1,22.02,1,1,1,22.02,1,1,1,1.698
leave-block-out (stress),B4,static,AD001031,3,1,1,138.994,0,1,1,142.05,0,1,1,1.7
leave-block-out (stress),B4,static,AD001035,3,1,1,614.284,0,0,0,614.284,0,0,0,1.789
leave-block-out (stress),B4,static,AD001040,3,1,1,110.505,0,1,1,110.505,0,1,1,5.172
leave-block-out (stress),B4,static,AD001042,3,1,1,27.237,1,1,1,27.237,1,1,1,1.718
leave-block-out (stress),B4,static,AD001045,3,1,1,260.787,0,0,1,260.787,0,0,1,1.616
leave-block-out (stress),B4,static,AD001053,4,1,1,104.832,0,1,1,111.114,0,1,1,5.219
leave-block-out (stress),B4,static,AD001080,7,1,1,190.432,0,1,1,190.432,0,1,1,1.579
leave-block-out (stress),B4,static,AD001091,4,1,1,67.339,1,1,1,67.339,1,1,1,5.034
leave-block-out (stress),B4,static,AD001105,3,1,1,444.251,0,0,1,459.324,0,0,1,1.818
leave-block-out (stress),B4,static,AD001116,4,1,1,28.827,1,1,1,28.827,1,1,1,4.976
leave-block-out (stress),B4,static,AD001121,4,1,1,115.333,0,1,1,115.333,0,1,1,5.296
leave-block-out (stress),B4,static,AD001122,3,1,1,304.007,0,0,1,378.993,0,0,1,7.695
leave-block-out (stress),B4,static,AD001127,3,1,1,229.544,0,1,1,229.544,0,1,1,2.216
leave-block-out (stress),B4,static,AD001130,3,1,1,118.209,0,1,1,118.209,0,1,1,5.246
leave-block-out (stress),B4,static,AD001133,3,1,1,168.974,0,1,1,168.974,0,1,1,5.019
leave-block-out (stress),B4,static,AD001135,3,1,1,184.695,0,1,1,184.695,0,1,1,1.677
leave-block-out (stress),B4,static,AD001145,3,1,1,47.432,1,1,1,47.432,1,1,1,3.436
leave-block-out (stress),B4,static,AD001152,4,1,1,164.683,0,1,1,164.683,0,1,1,5.335
leave-block-out (stress),B4,static,AD001156,6,1,1,140.057,0,1,1,140.057,0,1,1,1.774
leave-block-out (stress),B4,static,AD001170,3,1,1,165.887,0,1,1,165.887,0,1,1,1.795
leave-block-out (stress),B4,static,AD001178,3,1,1,266.681,0,0,1,435.97,0,0,1,1.447
leave-block-out (stress),B4,static,AD001186,3,1,1,155.618,0,1,1,406.339,0,0,1,1.812
leave-block-out (stress),B4,static,AD001200,4,1,1,259.091,0,0,1,397.126,0,0,1,5.364
leave-block-out (stress),B4,static,AD001212,6,1,1,586.031,0,0,0,1630.448,0,0,0,5.255
leave-block-out (stress),B4,static,AD001232,3,1,1,139.564,0,1,1,139.564,0,1,1,1.627
leave-block-out (stress),B4,static,AD001236,3,1,1,460.182,0,0,1,460.182,0,0,1,1.652
leave-block-out (stress),B4,static,AD001254,4,1,1,177.545,0,1,1,177.545,0,1,1,7.476
leave-block-out (stress),B4,static,AD001268,3,1,1,318.791,0,0,1,452.607,0,0,1,1.809
leave-block-out (stress),B4,static,AD001272,3,1,1,359.736,0,0,1,437.513,0,0,1,3.155
leave-block-out (stress),B4,static,AD001314,3,1,1,127.278,0,1,1,127.278,0,1,1,1.767
leave-block-out (stress),B4,static,AD001324,3,1,1,17.056,1,1,1,17.056,1,1,1,1.688
leave-block-out (stress),B4,static,AD001339,4,1,1,334.842,0,0,1,356.319,0,0,1,4.858
leave-block-out (stress),B4,static,AD001352,4,1,1,194.035,0,1,1,194.035,0,1,1,5.28
leave-block-out (stress),B4,static,AD001357,3,1,1,214.084,0,1,1,271.159,0,0,1,1.559
leave-block-out (stress),B4,static,AD001363,3,1,1,372.266,0,0,1,483.889,0,0,1,1.554
leave-block-out (stress),B4,static,AD001364,3,1,1,286.773,0,0,1,286.773,0,0,1,1.549
leave-block-out (stress),B4,static,AD001408,3,1,1,137.242,0,1,1,494.721,0,0,1,219.775
leave-block-out (stress),B4,static,AD001416,3,1,1,60.559,1,1,1,60.559,1,1,1,5.409
leave-block-out (stress),B4,static,AD001422,3,1,1,362.907,0,0,1,362.907,0,0,1,1.717
leave-block-out (stress),B4,static,AD001447,3,1,1,151.867,0,1,1,151.867,0,1,1,1.582
leave-block-out (stress),B4,static,AD001462,4,1,1,391.66,0,0,1,429.362,0,0,1,5.215
leave-block-out (stress),B4,static,AD001499,3,1,1,92.125,1,1,1,92.125,1,1,1,1.944
leave-block-out (stress),B4,static,AD001505,3,1,1,99.561,1,1,1,99.561,1,1,1,1.949
leave-block-out (stress),B4,static,AD001509,3,1,1,573.657,0,0,0,578.906,0,0,0,1.775
leave-block-out (stress),B4,static,AD001523,3,1,1,326.644,0,0,1,354.348,0,0,1,242.473
leave-block-out (stress),B4,static,AD001539,3,1,1,154.721,0,1,1,154.721,0,1,1,1.48
leave-block-out (stress),B4,static,AD001540,3,1,1,170.946,0,1,1,170.946,0,1,1,1.496
leave-block-out (stress),B4,static,AD001551,3,1,1,551.817,0,0,0,779.139,0,0,0,1.43
leave-block-out (stress),B4,static,AD001554,3,1,1,122.705,0,1,1,142.904,0,1,1,1.408
leave-block-out (stress),B4,static,AD001555,3,1,1,232.754,0,1,1,323.581,0,0,1,5.299
leave-block-out (stress),B4,static,AD001578,3,1,1,117.904,0,1,1,117.904,0,1,1,5.033
leave-block-out (stress),B4,static,AD001581,3,1,1,121.891,0,1,1,121.891,0,1,1,220.428
leave-block-out (stress),B4,static,AD001587,3,1,1,424.637,0,0,1,424.637,0,0,1,1.498
leave-block-out (stress),B4,static,AD001619,3,1,1,104.472,0,1,1,104.472,0,1,1,1.478
leave-block-out (stress),B4,static,AD001627,7,1,1,255.731,0,0,1,407.821,0,0,1,5.148
leave-block-out (stress),B4,static,AD001638,3,1,1,301.118,0,0,1,319.686,0,0,1,1.601
leave-block-out (stress),B4,static,AD001647,3,1,1,112.468,0,1,1,152.158,0,1,1,4.92
leave-block-out (stress),B4,static,AD001662,3,1,1,212.139,0,1,1,431.003,0,0,1,1.575
leave-block-out (stress),B4,static,AD001689,3,1,1,115.462,0,1,1,115.462,0,1,1,1.586
leave-block-out (stress),B4,static,AD001700,3,1,1,23.483,1,1,1,23.483,1,1,1,1.848
leave-block-out (stress),B4,static,AD001713,3,1,1,2.163,1,1,1,2.163,1,1,1,5.402
leave-block-out (stress),B4,static,AD001722,4,1,1,376.948,0,0,1,1332.773,0,0,0,2.935
leave-block-out (stress),B4,static,AD001726,3,1,1,44.471,1,1,1,44.471,1,1,1,1.686
leave-block-out (stress),B4,static,AD001731,3,1,1,85.387,1,1,1,85.387,1,1,1,1.546
leave-block-out (stress),B4,static,AD001738,3,1,1,250.635,0,0,1,262.395,0,0,1,232.593
leave-block-out (stress),B4,static,AD001741,3,1,1,159.227,0,1,1,159.227,0,1,1,1.644
leave-block-out (stress),B4,static,AD001742,3,1,1,320.581,0,0,1,320.581,0,0,1,221.833
leave-block-out (stress),B4,static,AD001746,3,1,1,298.984,0,0,1,311.005,0,0,1,1.78
leave-block-out (stress),B4,static,AD001753,4,1,1,85.468,1,1,1,85.468,1,1,1,5.372
leave-block-out (stress),B4,static,AD001760,3,1,1,376.147,0,0,1,376.147,0,0,1,5.155
leave-block-out (stress),B4,static,AD001767,3,1,1,188.518,0,1,1,188.518,0,1,1,5.209
leave-block-out (stress),B4,static,AD001779,3,1,1,139.212,0,1,1,139.212,0,1,1,1.541
leave-block-out (stress),B4,static,AD001788,4,1,1,185.065,0,1,1,364.04,0,0,1,5.073
leave-block-out (stress),B4,static,AD001792,7,1,1,68.019,1,1,1,68.019,1,1,1,214.359
leave-block-out (stress),B4,static,AD001794,3,1,1,261.739,0,0,1,304.36,0,0,1,1.705
leave-block-out (stress),B4,static,AD001815,3,1,1,365.02,0,0,1,365.02,0,0,1,1.699
leave-block-out (stress),B4,static,AD001821,3,1,1,68.236,1,1,1,68.236,1,1,1,5.429
leave-block-out (stress),B4,static,AD001879,3,1,1,258.424,0,0,1,258.424,0,0,1,1.678
leave-block-out (stress),B4,static,AD001880,3,1,1,826.704,0,0,0,826.704,0,0,0,1.768
leave-block-out (stress),B4,static,AD001891,4,1,1,393.628,0,0,1,441.467,0,0,1,5.056
leave-block-out (stress),B4,static,AD001923,3,1,1,173.908,0,1,1,181.824,0,1,1,1.489
leave-block-out (stress),B4,static,AD001954,3,1,1,490.272,0,0,1,497.427,0,0,1,1.741
leave-block-out (stress),B4,static,AD001972,3,1,1,64.154,1,1,1,64.154,1,1,1,1.589
leave-block-out (stress),B4,static,AD001973,6,1,1,303.133,0,0,1,1495.194,0,0,0,5.182
leave-block-out (stress),B4,static,AD001995,3,1,1,148.268,0,1,1,148.268,0,1,1,213.23
leave-block-out (stress),B4,static,AD001996,7,1,1,200.441,0,1,1,200.441,0,1,1,4.838
leave-block-out (stress),B4,static,AD002027,3,1,1,216.82,0,1,1,258.132,0,0,1,1.743
leave-block-out (stress),B4,static,AD002045,3,1,1,176.434,0,1,1,176.434,0,1,1,4.961
leave-block-out (stress),B4,static,AD002057,3,1,1,1224.483,0,0,0,1224.483,0,0,0,47.445
leave-block-out (stress),B4,static,AD002060,3,1,1,163.64,0,1,1,163.64,0,1,1,2.927
leave-block-out (stress),B4,static,AD002061,3,1,1,148.318,0,1,1,148.318,0,1,1,1.808
leave-block-out (stress),B4,static,AD002069,4,1,1,131.309,0,1,1,148.362,0,1,1,5.073
leave-block-out (stress),B4,static,AD002070,3,1,1,1838.564,0,0,0,1838.564,0,0,0,1.404
leave-block-out (stress),B4,static,AD002074,3,1,1,45.414,1,1,1,45.414,1,1,1,5.027
leave-block-out (stress),B4,static,AD002089,3,1,1,222.236,0,1,1,274.665,0,0,1,1.601
leave-block-out (stress),B4,static,AD002103,3,1,1,505.207,0,0,0,525.531,0,0,0,5.161
leave-block-out (stress),B4,static,AD002112,4,1,1,73.237,1,1,1,73.237,1,1,1,5.048
leave-block-out (stress),B4,static,AD002123,3,1,1,186.671,0,1,1,259.821,0,0,1,1.661
leave-block-out (stress),B4,static,AD002131,3,1,1,213.082,0,1,1,213.082,0,1,1,1.64
leave-block-out (stress),B4,static,AD002134,3,1,1,87.328,1,1,1,95.892,1,1,1,5.283
leave-block-out (stress),B4,static,AD002138,4,1,1,186.074,0,1,1,186.074,0,1,1,5.033
leave-block-out (stress),B4,static,AD002154,3,1,1,318.425,0,0,1,318.425,0,0,1,5.186
leave-block-out (stress),B4,static,AD002176,3,1,1,368.01,0,0,1,440.986,0,0,1,1.602
leave-block-out (stress),B4,static,AD002181,3,1,1,36.676,1,1,1,36.676,1,1,1,1.65
leave-block-out (stress),B4,static,AD002194,3,1,1,330.334,0,0,1,330.334,0,0,1,1.643
leave-block-out (stress),B4,static,AD002197,4,1,1,50.408,1,1,1,50.408,1,1,1,5.093
leave-block-out (stress),B4,static,AD002245,3,1,1,100.242,0,1,1,100.242,0,1,1,2.421
leave-block-out (stress),B4,static,AD002251,3,1,1,441.991,0,0,1,488.531,0,0,1,1.829
leave-block-out (stress),B4,static,AD002253,3,1,1,329.605,0,0,1,376.755,0,0,1,2.088
leave-block-out (stress),B4,static,AD002270,3,1,1,181.447,0,1,1,282.725,0,0,1,5.01
leave-block-out (stress),B4,static,AD002299,3,1,1,360.794,0,0,1,360.794,0,0,1,1.627
leave-block-out (stress),B4,static,AD002332,6,1,1,392.431,0,0,1,1527.992,0,0,0,5.472
leave-block-out (stress),B4,static,AD002333,7,1,1,427.12,0,0,1,627.699,0,0,0,1.906
leave-block-out (stress),B4,static,AD002357,3,1,1,226.477,0,1,1,226.477,0,1,1,1.705
leave-block-out (stress),B4,static,AD002362,3,1,1,45.404,1,1,1,45.404,1,1,1,1.738
leave-block-out (stress),B4,static,AD002412,5,1,1,224.703,0,1,1,379.36,0,0,1,5.071
leave-block-out (stress),B4,static,AD002415,5,1,1,128.812,0,1,1,2668.133,0,0,0,5.155
leave-block-out (stress),B4,static,AD002416,3,1,1,1613.944,0,0,0,1613.944,0,0,0,5.054
leave-block-out (stress),B4,static,AD002424,3,1,1,42.104,1,1,1,42.104,1,1,1,1.421
leave-block-out (stress),B4,static,AD002458,5,1,1,31.428,1,1,1,371.058,0,0,1,5.03
leave-block-out (stress),B4,static,AD002466,3,1,1,283.952,0,0,1,288.353,0,0,1,5.029
leave-block-out (stress),B4,static,AD002485,8,1,1,159.05,0,1,1,1488.776,0,0,0,5.203
leave-block-out (stress),B4,static,AD002490,3,1,1,253.11,0,0,1,419.0,0,0,1,1.661
leave-block-out (stress),B4,static,AD002499,3,1,1,133.431,0,1,1,187.103,0,1,1,1.545
leave-block-out (stress),B4,static,AD002504,3,1,1,185.528,0,1,1,185.528,0,1,1,217.924
leave-block-out (stress),B4,static,AD002509,3,1,1,135.661,0,1,1,135.661,0,1,1,227.11
leave-block-out (stress),B4,static,AD002535,5,1,1,373.48,0,0,1,373.48,0,0,1,8.041
leave-block-out (stress),B4,static,AD002566,4,1,1,171.073,0,1,1,184.765,0,1,1,5.168
leave-block-out (stress),B4,static,AD002579,3,1,1,283.325,0,0,1,289.137,0,0,1,1.569
leave-block-out (stress),B4,static,AD002583,3,1,1,309.94,0,0,1,309.94,0,0,1,1.616
leave-block-out (stress),B4,static,AD002606,3,1,1,85.555,1,1,1,85.555,1,1,1,1.388
leave-block-out (stress),B4,static,AD002621,3,1,1,21.134,1,1,1,21.134,1,1,1,5.369
leave-block-out (stress),B4,static,AD002633,3,1,1,106.349,0,1,1,106.349,0,1,1,4.94
leave-block-out (stress),B4,static,AD002637,5,1,1,91.777,1,1,1,118.022,0,1,1,1.771
leave-block-out (stress),B4,static,AD002661,6,1,1,316.701,0,0,1,316.701,0,0,1,1.977
leave-block-out (stress),B4,static,AD002663,3,1,1,1280.649,0,0,0,1280.649,0,0,0,1.502
leave-block-out (stress),B4,static,AD002664,3,1,1,133.831,0,1,1,133.831,0,1,1,1.639
leave-block-out (stress),B4,static,AD002673,3,1,1,228.513,0,1,1,229.151,0,1,1,1.765
leave-block-out (stress),B4,static,AD002685,3,1,1,265.422,0,0,1,265.422,0,0,1,215.881
leave-block-out (stress),B4,static,AD002691,6,1,1,426.968,0,0,1,1631.933,0,0,0,1.68
leave-block-out (stress),B4,static,AD002696,4,1,1,544.383,0,0,0,624.376,0,0,0,215.354
leave-block-out (stress),B4,static,AD002711,3,1,1,792.599,0,0,0,794.753,0,0,0,5.314
leave-block-out (stress),B4,static,AD002728,5,1,1,141.898,0,1,1,585.363,0,0,0,5.138
leave-block-out (stress),B4,static,AD002737,4,1,1,188.476,0,1,1,188.476,0,1,1,5.509
leave-block-out (stress),B4,static,AD002748,3,1,1,160.171,0,1,1,160.171,0,1,1,1.709
leave-block-out (stress),B4,static,AD002751,3,1,1,131.817,0,1,1,190.385,0,1,1,1.713
leave-block-out (stress),B4,static,AD002763,3,1,1,167.829,0,1,1,167.829,0,1,1,1.465
leave-block-out (stress),B4,static,AD002764,3,1,1,19.454,1,1,1,19.454,1,1,1,4.993
leave-block-out (stress),B4,static,AD002802,3,1,1,251.194,0,0,1,251.194,0,0,1,5.079
leave-block-out (stress),B4,static,AD002808,3,1,1,173.962,0,1,1,452.074,0,0,1,5.275
leave-block-out (stress),B4,static,AD002809,3,1,1,197.466,0,1,1,197.466,0,1,1,1.557
leave-block-out (stress),B4,static,AD002819,5,1,1,406.75,0,0,1,1095.517,0,0,0,1.766
leave-block-out (stress),B4,static,AD002821,4,1,1,212.317,0,1,1,212.317,0,1,1,5.249
leave-block-out (stress),B4,static,AD002849,3,1,1,329.901,0,0,1,468.026,0,0,1,1.611
leave-block-out (stress),B4,static,AD002858,3,1,1,520.022,0,0,0,520.022,0,0,0,1.742
leave-block-out (stress),B4,static,AD002870,3,1,1,218.623,0,1,1,265.251,0,0,1,1.622
leave-block-out (stress),B4,static,AD002875,4,1,1,100.234,0,1,1,100.234,0,1,1,5.224
leave-block-out (stress),B4,static,AD002880,3,1,1,240.254,0,1,1,240.254,0,1,1,1.682
leave-block-out (stress),B4,static,AD002882,6,1,1,158.452,0,1,1,1632.287,0,0,0,1.669
leave-block-out (stress),B4,static,AD002911,3,1,1,216.162,0,1,1,216.162,0,1,1,1.705
leave-block-out (stress),B4,static,AD002936,3,1,1,244.459,0,1,1,325.301,0,0,1,1.629
leave-block-out (stress),B4,static,AD002962,3,1,1,361.314,0,0,1,476.419,0,0,1,1.712
leave-block-out (stress),B4,static,AD002966,3,1,1,542.382,0,0,0,542.382,0,0,0,1.623
leave-block-out (stress),B4,static,AD002996,3,1,1,183.498,0,1,1,183.498,0,1,1,1.533
leave-block-out (stress),B4,static,AD003014,5,1,1,106.823,0,1,1,106.823,0,1,1,4.871
leave-block-out (stress),B4,static,AD003016,3,1,1,404.383,0,0,1,664.527,0,0,0,224.154
leave-block-out (stress),B4,static,AD003041,4,1,1,99.139,1,1,1,99.139,1,1,1,4.985
leave-block-out (stress),B4,static,AD003050,3,1,1,203.889,0,1,1,203.889,0,1,1,1.686
leave-block-out (stress),B4,static,AD003060,3,1,1,132.89,0,1,1,215.219,0,1,1,5.249
leave-block-out (stress),B4,static,AD003067,3,1,1,301.886,0,0,1,301.886,0,0,1,5.163
leave-block-out (stress),B4,static,AD003074,6,1,1,98.267,1,1,1,818.656,0,0,0,1.659
leave-block-out (stress),B4,static,AD003077,3,1,1,318.999,0,0,1,318.999,0,0,1,1.61
leave-block-out (stress),B4,static,AD003085,3,1,1,16.682,1,1,1,16.682,1,1,1,1.654
leave-block-out (stress),B4,all,AD000012,8,1,1,0.0,1,1,1,0.0,1,1,1,1.677
leave-block-out (stress),B4,all,AD000023,8,1,1,0.0,1,1,1,0.0,1,1,1,1.683
leave-block-out (stress),B4,all,AD000027,8,1,1,0.0,1,1,1,0.0,1,1,1,1.661
leave-block-out (stress),B4,all,AD000032,6,1,1,110.888,0,1,1,110.888,0,1,1,4.965
leave-block-out (stress),B4,all,AD000037,8,1,1,152.948,0,1,1,152.948,0,1,1,1.491
leave-block-out (stress),B4,all,AD000047,5,1,1,40.478,1,1,1,40.478,1,1,1,1.576
leave-block-out (stress),B4,all,AD000049,8,1,1,0.0,1,1,1,0.0,1,1,1,5.168
leave-block-out (stress),B4,all,AD000062,8,1,1,0.0,1,1,1,0.0,1,1,1,1.8
leave-block-out (stress),B4,all,AD000066,7,1,1,0.0,1,1,1,0.0,1,1,1,1.78
leave-block-out (stress),B4,all,AD000068,7,1,1,0.0,1,1,1,0.0,1,1,1,4.913
leave-block-out (stress),B4,all,AD000069,6,1,1,0.0,1,1,1,0.0,1,1,1,1.752
leave-block-out (stress),B4,all,AD000079,6,1,1,2.0,1,1,1,2.0,1,1,1,5.169
leave-block-out (stress),B4,all,AD000094,9,1,1,0.0,1,1,1,0.0,1,1,1,5.087
leave-block-out (stress),B4,all,AD000096,8,1,1,0.0,1,1,1,0.0,1,1,1,5.189
leave-block-out (stress),B4,all,AD000105,7,1,1,0.0,1,1,1,0.0,1,1,1,1.709
leave-block-out (stress),B4,all,AD000114,8,1,1,0.0,1,1,1,0.0,1,1,1,1.624
leave-block-out (stress),B4,all,AD000129,9,1,1,0.0,1,1,1,0.0,1,1,1,5.332
leave-block-out (stress),B4,all,AD000138,7,1,1,0.0,1,1,1,0.0,1,1,1,1.787
leave-block-out (stress),B4,all,AD000142,8,1,1,0.0,1,1,1,0.0,1,1,1,1.661
leave-block-out (stress),B4,all,AD000155,8,1,1,0.0,1,1,1,0.0,1,1,1,5.454
leave-block-out (stress),B4,all,AD000172,7,1,1,0.0,1,1,1,0.0,1,1,1,5.095
leave-block-out (stress),B4,all,AD000173,8,1,1,0.0,1,1,1,0.0,1,1,1,5.277
leave-block-out (stress),B4,all,AD000176,7,1,1,0.0,1,1,1,0.0,1,1,1,208.861
leave-block-out (stress),B4,all,AD000197,8,1,1,0.0,1,1,1,0.0,1,1,1,1.763
leave-block-out (stress),B4,all,AD000223,6,1,1,3.0,1,1,1,8.062,1,1,1,1.633
leave-block-out (stress),B4,all,AD000238,9,1,1,0.0,1,1,1,0.0,1,1,1,5.179
leave-block-out (stress),B4,all,AD000253,7,1,1,0.0,1,1,1,0.0,1,1,1,1.392
leave-block-out (stress),B4,all,AD000258,11,1,1,0.0,1,1,1,0.0,1,1,1,1.632
leave-block-out (stress),B4,all,AD000260,8,1,1,0.0,1,1,1,0.0,1,1,1,1.617
leave-block-out (stress),B4,all,AD000309,8,1,1,0.0,1,1,1,0.0,1,1,1,1.644
leave-block-out (stress),B4,all,AD000316,8,1,1,0.0,1,1,1,0.0,1,1,1,5.354
leave-block-out (stress),B4,all,AD000323,6,1,1,2.0,1,1,1,2.0,1,1,1,4.912
leave-block-out (stress),B4,all,AD000337,7,1,1,0.0,1,1,1,0.0,1,1,1,1.514
leave-block-out (stress),B4,all,AD000338,7,1,1,0.0,1,1,1,0.0,1,1,1,4.87
leave-block-out (stress),B4,all,AD000354,6,1,1,138.668,0,1,1,176.1,0,1,1,1.497
leave-block-out (stress),B4,all,AD000355,6,1,1,5.0,1,1,1,38.328,1,1,1,1.526
leave-block-out (stress),B4,all,AD000360,6,1,1,0.0,1,1,1,0.0,1,1,1,5.142
leave-block-out (stress),B4,all,AD000369,8,1,1,0.0,1,1,1,0.0,1,1,1,5.34
leave-block-out (stress),B4,all,AD000379,6,1,1,0.0,1,1,1,0.0,1,1,1,1.548
leave-block-out (stress),B4,all,AD000387,7,1,1,0.0,1,1,1,0.0,1,1,1,1.48
leave-block-out (stress),B4,all,AD000397,7,1,1,0.0,1,1,1,0.0,1,1,1,1.64
leave-block-out (stress),B4,all,AD000412,6,1,1,0.0,1,1,1,0.0,1,1,1,5.016
leave-block-out (stress),B4,all,AD000424,6,1,1,1.803,1,1,1,8.5,1,1,1,5.086
leave-block-out (stress),B4,all,AD000430,7,1,1,0.0,1,1,1,0.0,1,1,1,1.377
leave-block-out (stress),B4,all,AD000433,8,1,1,0.0,1,1,1,0.0,1,1,1,5.099
leave-block-out (stress),B4,all,AD000460,7,1,1,0.0,1,1,1,0.0,1,1,1,5.023
leave-block-out (stress),B4,all,AD000475,8,1,1,0.0,1,1,1,0.0,1,1,1,5.222
leave-block-out (stress),B4,all,AD000517,8,1,1,0.0,1,1,1,0.0,1,1,1,1.511
leave-block-out (stress),B4,all,AD000524,8,1,1,0.0,1,1,1,0.0,1,1,1,1.695
leave-block-out (stress),B4,all,AD000526,6,1,1,588.165,0,0,0,589.337,0,0,0,213.845
leave-block-out (stress),B4,all,AD000529,8,1,1,0.0,1,1,1,0.0,1,1,1,221.619
leave-block-out (stress),B4,all,AD000541,8,1,1,0.0,1,1,1,0.0,1,1,1,5.269
leave-block-out (stress),B4,all,AD000560,8,1,1,0.0,1,1,1,0.0,1,1,1,116.92
leave-block-out (stress),B4,all,AD000589,6,1,1,5.701,1,1,1,17.678,1,1,1,1.558
leave-block-out (stress),B4,all,AD000602,8,1,1,0.0,1,1,1,0.0,1,1,1,1.613
leave-block-out (stress),B4,all,AD000608,9,1,1,0.0,1,1,1,0.0,1,1,1,5.34
leave-block-out (stress),B4,all,AD000613,9,1,1,0.0,1,1,1,0.0,1,1,1,5.13
leave-block-out (stress),B4,all,AD000624,6,1,1,148.705,0,1,1,148.705,0,1,1,1.415
leave-block-out (stress),B4,all,AD000630,7,1,1,0.0,1,1,1,0.0,1,1,1,1.418
leave-block-out (stress),B4,all,AD000631,7,1,1,1.118,1,1,1,2.693,1,1,1,5.739
leave-block-out (stress),B4,all,AD000634,7,1,1,0.0,1,1,1,0.0,1,1,1,4.905
leave-block-out (stress),B4,all,AD000639,5,1,1,68.889,1,1,1,183.696,0,1,1,1.649
leave-block-out (stress),B4,all,AD000652,8,1,1,0.0,1,1,1,0.0,1,1,1,1.683
leave-block-out (stress),B4,all,AD000658,6,1,1,5.59,1,1,1,46.36,1,1,1,1.567
leave-block-out (stress),B4,all,AD000667,8,1,1,0.0,1,1,1,0.0,1,1,1,1.841
leave-block-out (stress),B4,all,AD000668,8,1,1,0.0,1,1,1,0.0,1,1,1,1.666
leave-block-out (stress),B4,all,AD000710,7,1,1,0.0,1,1,1,0.0,1,1,1,1.447
leave-block-out (stress),B4,all,AD000711,7,1,1,6.083,1,1,1,8.0,1,1,1,4.852
leave-block-out (stress),B4,all,AD000722,6,1,1,4.5,1,1,1,7.5,1,1,1,5.013
leave-block-out (stress),B4,all,AD000727,7,1,1,0.0,1,1,1,1.0,1,1,1,5.151
leave-block-out (stress),B4,all,AD000733,8,1,1,0.0,1,1,1,0.0,1,1,1,223.223
leave-block-out (stress),B4,all,AD000741,6,1,1,122.761,0,1,1,126.338,0,1,1,1.546
leave-block-out (stress),B4,all,AD000753,6,1,1,30.647,1,1,1,30.647,1,1,1,1.55
leave-block-out (stress),B4,all,AD000756,6,1,1,95.73,1,1,1,95.73,1,1,1,1.558
leave-block-out (stress),B4,all,AD000759,7,1,1,0.0,1,1,1,0.0,1,1,1,1.423
leave-block-out (stress),B4,all,AD000779,5,1,1,1159.281,0,0,0,1159.281,0,0,0,1.578
leave-block-out (stress),B4,all,AD000782,7,1,1,0.0,1,1,1,0.0,1,1,1,1.531
leave-block-out (stress),B4,all,AD000785,10,1,1,0.0,1,1,1,0.0,1,1,1,224.967
leave-block-out (stress),B4,all,AD000787,8,1,1,0.0,1,1,1,0.0,1,1,1,5.212
leave-block-out (stress),B4,all,AD000809,8,1,1,0.0,1,1,1,0.0,1,1,1,1.716
leave-block-out (stress),B4,all,AD000810,8,1,1,0.0,1,1,1,0.0,1,1,1,1.625
leave-block-out (stress),B4,all,AD000817,8,1,1,0.0,1,1,1,0.0,1,1,1,1.711
leave-block-out (stress),B4,all,AD000825,7,1,1,0.0,1,1,1,0.0,1,1,1,5.092
leave-block-out (stress),B4,all,AD000836,8,1,1,0.0,1,1,1,0.0,1,1,1,5.155
leave-block-out (stress),B4,all,AD000841,7,1,1,0.0,1,1,1,0.0,1,1,1,205.227
leave-block-out (stress),B4,all,AD000850,7,1,1,0.0,1,1,1,0.0,1,1,1,1.496
leave-block-out (stress),B4,all,AD000854,8,1,1,0.0,1,1,1,0.0,1,1,1,1.571
leave-block-out (stress),B4,all,AD000869,7,1,1,4.0,1,1,1,5.0,1,1,1,5.221
leave-block-out (stress),B4,all,AD000904,7,1,1,0.0,1,1,1,0.0,1,1,1,4.983
leave-block-out (stress),B4,all,AD000924,11,1,1,0.0,1,1,1,0.0,1,1,1,209.037
leave-block-out (stress),B4,all,AD000936,8,1,1,0.0,1,1,1,0.0,1,1,1,5.318
leave-block-out (stress),B4,all,AD000942,7,1,1,0.0,1,1,1,0.0,1,1,1,1.489
leave-block-out (stress),B4,all,AD000948,6,1,1,1.0,1,1,1,2.0,1,1,1,1.545
leave-block-out (stress),B4,all,AD000969,7,1,1,0.0,1,1,1,0.0,1,1,1,2.567
leave-block-out (stress),B4,all,AD000986,8,1,1,0.0,1,1,1,0.0,1,1,1,1.698
leave-block-out (stress),B4,all,AD001031,8,1,1,0.0,1,1,1,0.0,1,1,1,1.7
leave-block-out (stress),B4,all,AD001035,8,1,1,0.0,1,1,1,0.0,1,1,1,1.789
leave-block-out (stress),B4,all,AD001040,8,1,1,0.0,1,1,1,0.0,1,1,1,5.172
leave-block-out (stress),B4,all,AD001042,8,1,1,0.0,1,1,1,0.0,1,1,1,1.718
leave-block-out (stress),B4,all,AD001045,8,1,1,0.0,1,1,1,0.0,1,1,1,1.616
leave-block-out (stress),B4,all,AD001053,8,1,1,0.0,1,1,1,0.0,1,1,1,5.219
leave-block-out (stress),B4,all,AD001080,11,1,1,0.0,1,1,1,0.0,1,1,1,1.579
leave-block-out (stress),B4,all,AD001091,8,1,1,0.0,1,1,1,0.0,1,1,1,5.034
leave-block-out (stress),B4,all,AD001105,6,1,1,2.0,1,1,1,2.0,1,1,1,1.818
leave-block-out (stress),B4,all,AD001116,8,1,1,0.0,1,1,1,0.0,1,1,1,4.976
leave-block-out (stress),B4,all,AD001121,9,1,1,0.0,1,1,1,0.0,1,1,1,5.296
leave-block-out (stress),B4,all,AD001122,7,1,1,0.0,1,1,1,0.0,1,1,1,7.695
leave-block-out (stress),B4,all,AD001127,6,1,1,15.7,1,1,1,15.7,1,1,1,2.216
leave-block-out (stress),B4,all,AD001130,7,1,1,0.0,1,1,1,0.0,1,1,1,5.246
leave-block-out (stress),B4,all,AD001133,7,1,1,0.0,1,1,1,0.0,1,1,1,5.019
leave-block-out (stress),B4,all,AD001135,6,1,1,79.071,1,1,1,79.071,1,1,1,1.677
leave-block-out (stress),B4,all,AD001145,8,1,1,0.0,1,1,1,0.0,1,1,1,3.436
leave-block-out (stress),B4,all,AD001152,9,1,1,0.0,1,1,1,0.0,1,1,1,5.335
leave-block-out (stress),B4,all,AD001156,11,1,1,0.0,1,1,1,0.0,1,1,1,1.774
leave-block-out (stress),B4,all,AD001170,8,1,1,0.0,1,1,1,0.0,1,1,1,1.795
leave-block-out (stress),B4,all,AD001178,7,1,1,0.0,1,1,1,0.0,1,1,1,1.447
leave-block-out (stress),B4,all,AD001186,8,1,1,0.0,1,1,1,0.0,1,1,1,1.812
leave-block-out (stress),B4,all,AD001200,8,1,1,0.0,1,1,1,0.0,1,1,1,5.364
leave-block-out (stress),B4,all,AD001212,10,1,1,0.0,1,1,1,0.0,1,1,1,5.255
leave-block-out (stress),B4,all,AD001232,8,1,1,0.0,1,1,1,0.0,1,1,1,1.627
leave-block-out (stress),B4,all,AD001236,7,1,1,0.0,1,1,1,0.0,1,1,1,1.652
leave-block-out (stress),B4,all,AD001254,9,1,1,0.0,1,1,1,0.0,1,1,1,7.476
leave-block-out (stress),B4,all,AD001268,5,1,1,196.329,0,1,1,196.329,0,1,1,1.809
leave-block-out (stress),B4,all,AD001272,8,1,1,0.0,1,1,1,0.0,1,1,1,3.155
leave-block-out (stress),B4,all,AD001314,8,1,1,0.0,1,1,1,0.0,1,1,1,1.767
leave-block-out (stress),B4,all,AD001324,8,1,1,0.0,1,1,1,0.0,1,1,1,1.688
leave-block-out (stress),B4,all,AD001339,7,1,1,118.052,0,1,1,119.085,0,1,1,4.858
leave-block-out (stress),B4,all,AD001352,7,1,1,3.0,1,1,1,5.0,1,1,1,5.28
leave-block-out (stress),B4,all,AD001357,7,1,1,0.0,1,1,1,0.0,1,1,1,1.559
leave-block-out (stress),B4,all,AD001363,7,1,1,0.0,1,1,1,0.0,1,1,1,1.554
leave-block-out (stress),B4,all,AD001364,7,1,1,0.0,1,1,1,0.0,1,1,1,1.549
leave-block-out (stress),B4,all,AD001408,8,1,1,0.0,1,1,1,0.0,1,1,1,219.775
leave-block-out (stress),B4,all,AD001416,8,1,1,0.0,1,1,1,0.0,1,1,1,5.409
leave-block-out (stress),B4,all,AD001422,6,1,1,7.0,1,1,1,7.0,1,1,1,1.717
leave-block-out (stress),B4,all,AD001447,6,1,1,2.0,1,1,1,2.0,1,1,1,1.582
leave-block-out (stress),B4,all,AD001462,9,1,1,0.0,1,1,1,0.0,1,1,1,5.215
leave-block-out (stress),B4,all,AD001499,8,1,1,0.0,1,1,1,0.0,1,1,1,1.944
leave-block-out (stress),B4,all,AD001505,8,1,1,0.0,1,1,1,0.0,1,1,1,1.949
leave-block-out (stress),B4,all,AD001509,8,1,1,0.0,1,1,1,0.0,1,1,1,1.775
leave-block-out (stress),B4,all,AD001523,8,1,1,0.0,1,1,1,0.0,1,1,1,242.473
leave-block-out (stress),B4,all,AD001539,8,1,1,0.0,1,1,1,0.0,1,1,1,1.48
leave-block-out (stress),B4,all,AD001540,7,1,1,0.0,1,1,1,0.0,1,1,1,1.496
leave-block-out (stress),B4,all,AD001551,6,1,1,141.902,0,1,1,141.902,0,1,1,1.43
leave-block-out (stress),B4,all,AD001554,7,1,1,0.0,1,1,1,0.0,1,1,1,1.408
leave-block-out (stress),B4,all,AD001555,8,1,1,0.0,1,1,1,0.0,1,1,1,5.299
leave-block-out (stress),B4,all,AD001578,6,1,1,0.0,1,1,1,0.0,1,1,1,5.033
leave-block-out (stress),B4,all,AD001581,8,1,1,0.0,1,1,1,0.0,1,1,1,220.428
leave-block-out (stress),B4,all,AD001587,7,1,1,0.0,1,1,1,0.0,1,1,1,1.498
leave-block-out (stress),B4,all,AD001619,7,1,1,0.0,1,1,1,0.0,1,1,1,1.478
leave-block-out (stress),B4,all,AD001627,12,1,1,0.0,1,1,1,0.0,1,1,1,5.148
leave-block-out (stress),B4,all,AD001638,6,1,1,6.0,1,1,1,15.0,1,1,1,1.601
leave-block-out (stress),B4,all,AD001647,8,1,1,0.0,1,1,1,0.0,1,1,1,4.92
leave-block-out (stress),B4,all,AD001662,7,1,1,0.0,1,1,1,0.0,1,1,1,1.575
leave-block-out (stress),B4,all,AD001689,7,1,1,0.0,1,1,1,0.0,1,1,1,1.586
leave-block-out (stress),B4,all,AD001700,7,1,1,0.0,1,1,1,0.0,1,1,1,1.848
leave-block-out (stress),B4,all,AD001713,8,1,1,0.0,1,1,1,0.0,1,1,1,5.402
leave-block-out (stress),B4,all,AD001722,9,1,1,0.0,1,1,1,0.0,1,1,1,2.935
leave-block-out (stress),B4,all,AD001726,7,1,1,0.0,1,1,1,0.0,1,1,1,1.686
leave-block-out (stress),B4,all,AD001731,6,1,1,31.0,1,1,1,42.0,1,1,1,1.546
leave-block-out (stress),B4,all,AD001738,7,1,1,0.0,1,1,1,0.0,1,1,1,232.593
leave-block-out (stress),B4,all,AD001741,7,1,1,0.0,1,1,1,0.0,1,1,1,1.644
leave-block-out (stress),B4,all,AD001742,7,1,1,0.0,1,1,1,0.0,1,1,1,221.833
leave-block-out (stress),B4,all,AD001746,8,1,1,0.0,1,1,1,0.0,1,1,1,1.78
leave-block-out (stress),B4,all,AD001753,9,1,1,0.0,1,1,1,0.0,1,1,1,5.372
leave-block-out (stress),B4,all,AD001760,8,1,1,0.0,1,1,1,0.0,1,1,1,5.155
leave-block-out (stress),B4,all,AD001767,5,1,1,156.644,0,1,1,156.644,0,1,1,5.209
leave-block-out (stress),B4,all,AD001779,7,1,1,0.0,1,1,1,0.0,1,1,1,1.541
leave-block-out (stress),B4,all,AD001788,7,1,1,0.0,1,1,1,18.868,1,1,1,5.073
leave-block-out (stress),B4,all,AD001792,10,1,1,8.631,1,1,1,8.631,1,1,1,214.359
leave-block-out (stress),B4,all,AD001794,8,1,1,0.0,1,1,1,0.0,1,1,1,1.705
leave-block-out (stress),B4,all,AD001815,8,1,1,0.0,1,1,1,0.0,1,1,1,1.699
leave-block-out (stress),B4,all,AD001821,8,1,1,0.0,1,1,1,0.0,1,1,1,5.429
leave-block-out (stress),B4,all,AD001879,7,1,1,0.0,1,1,1,0.0,1,1,1,1.678
leave-block-out (stress),B4,all,AD001880,5,1,1,736.448,0,0,0,736.448,0,0,0,1.768
leave-block-out (stress),B4,all,AD001891,7,1,1,0.0,1,1,1,6.325,1,1,1,5.056
leave-block-out (stress),B4,all,AD001923,7,1,1,0.0,1,1,1,0.0,1,1,1,1.489
leave-block-out (stress),B4,all,AD001954,8,1,1,0.0,1,1,1,0.0,1,1,1,1.741
leave-block-out (stress),B4,all,AD001972,8,1,1,0.0,1,1,1,0.0,1,1,1,1.589
leave-block-out (stress),B4,all,AD001973,11,1,1,0.0,1,1,1,0.0,1,1,1,5.182
leave-block-out (stress),B4,all,AD001995,5,1,1,148.268,0,1,1,190.145,0,1,1,213.23
leave-block-out (stress),B4,all,AD001996,10,1,1,0.0,1,1,1,0.0,1,1,1,4.838
leave-block-out (stress),B4,all,AD002027,8,1,1,0.0,1,1,1,0.0,1,1,1,1.743
leave-block-out (stress),B4,all,AD002045,7,1,1,0.0,1,1,1,0.0,1,1,1,4.961
leave-block-out (stress),B4,all,AD002057,5,1,1,182.227,0,1,1,182.227,0,1,1,47.445
leave-block-out (stress),B4,all,AD002060,8,1,1,0.0,1,1,1,0.0,1,1,1,2.927
leave-block-out (stress),B4,all,AD002061,7,1,1,0.0,1,1,1,0.0,1,1,1,1.808
leave-block-out (stress),B4,all,AD002069,8,1,1,0.0,1,1,1,0.0,1,1,1,5.073
leave-block-out (stress),B4,all,AD002070,5,1,1,1838.564,0,0,0,2011.34,0,0,0,1.404
leave-block-out (stress),B4,all,AD002074,7,1,1,0.0,1,1,1,0.0,1,1,1,5.027
leave-block-out (stress),B4,all,AD002089,8,1,1,0.0,1,1,1,0.0,1,1,1,1.601
leave-block-out (stress),B4,all,AD002103,8,1,1,0.0,1,1,1,0.0,1,1,1,5.161
leave-block-out (stress),B4,all,AD002112,9,1,1,0.0,1,1,1,0.0,1,1,1,5.048
leave-block-out (stress),B4,all,AD002123,6,1,1,2.236,1,1,1,2.236,1,1,1,1.661
leave-block-out (stress),B4,all,AD002131,8,1,1,0.0,1,1,1,0.0,1,1,1,1.64
leave-block-out (stress),B4,all,AD002134,8,1,1,0.0,1,1,1,0.0,1,1,1,5.283
leave-block-out (stress),B4,all,AD002138,9,1,1,0.0,1,1,1,0.0,1,1,1,5.033
leave-block-out (stress),B4,all,AD002154,8,1,1,0.0,1,1,1,0.0,1,1,1,5.186
leave-block-out (stress),B4,all,AD002176,7,1,1,0.0,1,1,1,0.0,1,1,1,1.602
leave-block-out (stress),B4,all,AD002181,6,1,1,4.0,1,1,1,6.0,1,1,1,1.65
leave-block-out (stress),B4,all,AD002194,8,1,1,0.0,1,1,1,0.0,1,1,1,1.643
leave-block-out (stress),B4,all,AD002197,8,1,1,0.0,1,1,1,0.0,1,1,1,5.093
leave-block-out (stress),B4,all,AD002245,7,1,1,0.0,1,1,1,0.0,1,1,1,2.421
leave-block-out (stress),B4,all,AD002251,7,1,1,0.0,1,1,1,0.0,1,1,1,1.829
leave-block-out (stress),B4,all,AD002253,8,1,1,0.0,1,1,1,0.0,1,1,1,2.088
leave-block-out (stress),B4,all,AD002270,6,1,1,0.0,1,1,1,0.0,1,1,1,5.01
leave-block-out (stress),B4,all,AD002299,8,1,1,0.0,1,1,1,0.0,1,1,1,1.627
leave-block-out (stress),B4,all,AD002332,11,1,1,0.0,1,1,1,0.0,1,1,1,5.472
leave-block-out (stress),B4,all,AD002333,12,1,1,0.0,1,1,1,0.0,1,1,1,1.906
leave-block-out (stress),B4,all,AD002357,8,1,1,0.0,1,1,1,0.0,1,1,1,1.705
leave-block-out (stress),B4,all,AD002362,8,1,1,0.0,1,1,1,0.0,1,1,1,1.738
leave-block-out (stress),B4,all,AD002412,8,1,1,91.093,1,1,1,94.921,1,1,1,5.071
leave-block-out (stress),B4,all,AD002415,8,1,1,128.812,0,1,1,2540.825,0,0,0,5.155
leave-block-out (stress),B4,all,AD002416,5,1,1,1613.944,0,0,0,1970.533,0,0,0,5.054
leave-block-out (stress),B4,all,AD002424,7,1,1,0.0,1,1,1,0.0,1,1,1,1.421
leave-block-out (stress),B4,all,AD002458,9,1,1,0.0,1,1,1,0.0,1,1,1,5.03
leave-block-out (stress),B4,all,AD002466,8,1,1,0.0,1,1,1,0.0,1,1,1,5.029
leave-block-out (stress),B4,all,AD002485,12,1,1,0.0,1,1,1,0.0,1,1,1,5.203
leave-block-out (stress),B4,all,AD002490,8,1,1,0.0,1,1,1,0.0,1,1,1,1.661
leave-block-out (stress),B4,all,AD002499,7,1,1,0.0,1,1,1,0.0,1,1,1,1.545
leave-block-out (stress),B4,all,AD002504,8,1,1,0.0,1,1,1,0.0,1,1,1,217.924
leave-block-out (stress),B4,all,AD002509,8,1,1,0.0,1,1,1,0.0,1,1,1,227.11
leave-block-out (stress),B4,all,AD002535,10,1,1,0.0,1,1,1,0.0,1,1,1,8.041
leave-block-out (stress),B4,all,AD002566,8,1,1,0.0,1,1,1,0.0,1,1,1,5.168
leave-block-out (stress),B4,all,AD002579,8,1,1,0.0,1,1,1,0.0,1,1,1,1.569
leave-block-out (stress),B4,all,AD002583,8,1,1,0.0,1,1,1,0.0,1,1,1,1.616
leave-block-out (stress),B4,all,AD002606,5,1,1,85.555,1,1,1,184.408,0,1,1,1.388
leave-block-out (stress),B4,all,AD002621,8,1,1,0.0,1,1,1,0.0,1,1,1,5.369
leave-block-out (stress),B4,all,AD002633,7,1,1,0.0,1,1,1,0.0,1,1,1,4.94
leave-block-out (stress),B4,all,AD002637,10,1,1,0.0,1,1,1,0.0,1,1,1,1.771
leave-block-out (stress),B4,all,AD002661,11,1,1,0.0,1,1,1,0.0,1,1,1,1.977
leave-block-out (stress),B4,all,AD002663,6,1,1,0.0,1,1,1,12.042,1,1,1,1.502
leave-block-out (stress),B4,all,AD002664,7,1,1,0.0,1,1,1,0.0,1,1,1,1.639
leave-block-out (stress),B4,all,AD002673,6,1,1,5.701,1,1,1,5.701,1,1,1,1.765
leave-block-out (stress),B4,all,AD002685,5,1,1,155.081,0,1,1,155.081,0,1,1,215.881
leave-block-out (stress),B4,all,AD002691,9,1,1,0.0,1,1,1,0.0,1,1,1,1.68
leave-block-out (stress),B4,all,AD002696,6,1,1,156.029,0,1,1,156.029,0,1,1,215.354
leave-block-out (stress),B4,all,AD002711,6,1,1,0.0,1,1,1,0.0,1,1,1,5.314
leave-block-out (stress),B4,all,AD002728,8,1,1,40.954,1,1,1,43.603,1,1,1,5.138
leave-block-out (stress),B4,all,AD002737,8,1,1,0.0,1,1,1,0.0,1,1,1,5.509
leave-block-out (stress),B4,all,AD002748,8,1,1,0.0,1,1,1,0.0,1,1,1,1.709
leave-block-out (stress),B4,all,AD002751,8,1,1,0.0,1,1,1,0.0,1,1,1,1.713
leave-block-out (stress),B4,all,AD002763,7,1,1,0.0,1,1,1,0.0,1,1,1,1.465
leave-block-out (stress),B4,all,AD002764,5,1,1,19.454,1,1,1,38.161,1,1,1,4.993
leave-block-out (stress),B4,all,AD002802,8,1,1,0.0,1,1,1,0.0,1,1,1,5.079
leave-block-out (stress),B4,all,AD002808,6,1,1,162.98,0,1,1,162.98,0,1,1,5.275
leave-block-out (stress),B4,all,AD002809,7,1,1,0.0,1,1,1,0.0,1,1,1,1.557
leave-block-out (stress),B4,all,AD002819,8,1,1,1.803,1,1,1,1.803,1,1,1,1.766
leave-block-out (stress),B4,all,AD002821,9,1,1,0.0,1,1,1,0.0,1,1,1,5.249
leave-block-out (stress),B4,all,AD002849,6,1,1,5.0,1,1,1,16.643,1,1,1,1.611
leave-block-out (stress),B4,all,AD002858,8,1,1,0.0,1,1,1,0.0,1,1,1,1.742
leave-block-out (stress),B4,all,AD002870,8,1,1,0.0,1,1,1,0.0,1,1,1,1.622
leave-block-out (stress),B4,all,AD002875,8,1,1,0.0,1,1,1,0.0,1,1,1,5.224
leave-block-out (stress),B4,all,AD002880,8,1,1,0.0,1,1,1,0.0,1,1,1,1.682
leave-block-out (stress),B4,all,AD002882,11,1,1,0.0,1,1,1,0.0,1,1,1,1.669
leave-block-out (stress),B4,all,AD002911,8,1,1,0.0,1,1,1,0.0,1,1,1,1.705
leave-block-out (stress),B4,all,AD002936,7,1,1,0.0,1,1,1,0.0,1,1,1,1.629
leave-block-out (stress),B4,all,AD002962,8,1,1,0.0,1,1,1,0.0,1,1,1,1.712
leave-block-out (stress),B4,all,AD002966,8,1,1,0.0,1,1,1,0.0,1,1,1,1.623
leave-block-out (stress),B4,all,AD002996,7,1,1,0.0,1,1,1,0.0,1,1,1,1.533
leave-block-out (stress),B4,all,AD003014,9,1,1,0.0,1,1,1,0.0,1,1,1,4.871
leave-block-out (stress),B4,all,AD003016,6,1,1,117.209,0,1,1,117.209,0,1,1,224.154
leave-block-out (stress),B4,all,AD003041,8,1,1,0.0,1,1,1,0.0,1,1,1,4.985
leave-block-out (stress),B4,all,AD003050,8,1,1,0.0,1,1,1,0.0,1,1,1,1.686
leave-block-out (stress),B4,all,AD003060,8,1,1,0.0,1,1,1,0.0,1,1,1,5.249
leave-block-out (stress),B4,all,AD003067,8,1,1,0.0,1,1,1,0.0,1,1,1,5.163
leave-block-out (stress),B4,all,AD003074,11,1,1,0.0,1,1,1,0.0,1,1,1,1.659
leave-block-out (stress),B4,all,AD003077,8,1,1,0.0,1,1,1,0.0,1,1,1,1.61
leave-block-out (stress),B4,all,AD003085,8,1,1,0.0,1,1,1,0.0,1,1,1,1.654
S-EVAL (locked check),B1,static,AD000071,3,1,1,162.095,0,1,1,162.095,0,1,1,10.881
S-EVAL (locked check),B1,static,AD000141,6,1,1,399.072,0,0,1,2201.719,0,0,0,0.883
S-EVAL (locked check),B1,static,AD000170,3,1,1,1778.825,0,0,0,1830.896,0,0,0,0.991
S-EVAL (locked check),B1,static,AD000217,3,1,1,249.87,0,1,1,341.593,0,0,1,16.33
S-EVAL (locked check),B1,static,AD000224,3,1,1,24.584,1,1,1,24.584,1,1,1,16.939
S-EVAL (locked check),B1,static,AD000236,3,1,1,181.707,0,1,1,185.484,0,1,1,0.683
S-EVAL (locked check),B1,static,AD000251,3,1,1,190.022,0,1,1,323.992,0,0,1,0.702
S-EVAL (locked check),B1,static,AD000267,3,1,1,183.897,0,1,1,329.867,0,0,1,0.579
S-EVAL (locked check),B1,static,AD000291,3,1,1,309.23,0,0,1,322.25,0,0,1,0.675
S-EVAL (locked check),B1,static,AD000322,3,1,1,170.892,0,1,1,170.892,0,1,1,0.577
S-EVAL (locked check),B1,static,AD000328,3,1,1,204.592,0,1,1,204.592,0,1,1,0.681
S-EVAL (locked check),B1,static,AD000525,3,1,1,193.626,0,1,1,193.626,0,1,1,18.301
S-EVAL (locked check),B1,static,AD000527,3,1,1,141.893,0,1,1,217.199,0,1,1,5.607
S-EVAL (locked check),B1,static,AD000561,7,1,1,973.681,0,0,0,2810.802,0,0,0,0.793
S-EVAL (locked check),B1,static,AD000572,3,1,1,297.842,0,0,1,428.611,0,0,1,7.772
S-EVAL (locked check),B1,static,AD000574,3,1,1,116.072,0,1,1,116.072,0,1,1,0.536
S-EVAL (locked check),B1,static,AD000605,3,1,1,228.1,0,1,1,300.937,0,0,1,10.154
S-EVAL (locked check),B1,static,AD000627,3,1,1,414.099,0,0,1,510.946,0,0,0,0.694
S-EVAL (locked check),B1,static,AD000656,3,1,1,171.527,0,1,1,202.206,0,1,1,6.633
S-EVAL (locked check),B1,static,AD000681,3,1,1,25.64,1,1,1,25.64,1,1,1,7.371
S-EVAL (locked check),B1,static,AD000683,3,1,1,268.445,0,0,1,440.073,0,0,1,6.839
S-EVAL (locked check),B1,static,AD000774,3,1,1,169.146,0,1,1,169.146,0,1,1,0.805
S-EVAL (locked check),B1,static,AD000800,3,1,1,251.8,0,0,1,490.421,0,0,1,6.059
S-EVAL (locked check),B1,static,AD000804,3,1,1,55.415,1,1,1,55.415,1,1,1,7.722
S-EVAL (locked check),B1,static,AD000815,3,1,1,170.487,0,1,1,170.487,0,1,1,0.926
S-EVAL (locked check),B1,static,AD000830,3,1,1,370.001,0,0,1,492.211,0,0,1,0.794
S-EVAL (locked check),B1,static,AD000831,4,1,1,39.997,1,1,1,39.997,1,1,1,16.472
S-EVAL (locked check),B1,static,AD000875,3,1,1,410.541,0,0,1,410.541,0,0,1,7.374
S-EVAL (locked check),B1,static,AD000962,3,1,1,1642.309,0,0,0,1754.276,0,0,0,0.805
S-EVAL (locked check),B1,static,AD001009,6,1,1,254.071,0,0,1,1547.441,0,0,0,15.91
S-EVAL (locked check),B1,static,AD001012,3,1,1,108.759,0,1,1,108.759,0,1,1,0.695
S-EVAL (locked check),B1,static,AD001078,3,1,1,250.694,0,0,1,432.729,0,0,1,0.972
S-EVAL (locked check),B1,static,AD001128,3,1,1,541.691,0,0,0,541.691,0,0,0,0.984
S-EVAL (locked check),B1,static,AD001129,3,1,1,60.388,1,1,1,60.388,1,1,1,8.541
S-EVAL (locked check),B1,static,AD001146,2,1,1,3710.345,0,0,0,3710.345,0,0,0,0.601
S-EVAL (locked check),B1,static,AD001164,3,1,1,244.579,0,1,1,279.712,0,0,1,11.565
S-EVAL (locked check),B1,static,AD001249,4,1,1,362.868,0,0,1,362.868,0,0,1,18.778
S-EVAL (locked check),B1,static,AD001311,4,1,1,32.578,1,1,1,400.26,0,0,1,18.583
S-EVAL (locked check),B1,static,AD001315,3,1,1,434.624,0,0,1,566.994,0,0,0,14.298
S-EVAL (locked check),B1,static,AD001340,4,1,1,410.194,0,0,1,555.735,0,0,0,14.597
S-EVAL (locked check),B1,static,AD001382,3,1,1,73.826,1,1,1,104.305,0,1,1,7.594
S-EVAL (locked check),B1,static,AD001469,3,1,1,223.363,0,1,1,223.363,0,1,1,0.844
S-EVAL (locked check),B1,static,AD001478,3,1,1,489.964,0,0,1,489.964,0,0,1,7.423
S-EVAL (locked check),B1,static,AD001512,3,1,1,154.291,0,1,1,154.291,0,1,1,17.071
S-EVAL (locked check),B1,static,AD001519,3,1,1,253.014,0,0,1,253.014,0,0,1,12.974
S-EVAL (locked check),B1,static,AD001526,3,1,1,335.464,0,0,1,335.464,0,0,1,0.592
S-EVAL (locked check),B1,static,AD001533,3,1,1,21.883,1,1,1,21.883,1,1,1,15.183
S-EVAL (locked check),B1,static,AD001536,3,1,1,490.343,0,0,1,607.143,0,0,0,11.882
S-EVAL (locked check),B1,static,AD001574,3,1,1,141.963,0,1,1,141.963,0,1,1,0.714
S-EVAL (locked check),B1,static,AD001586,3,1,1,154.075,0,1,1,154.075,0,1,1,0.871
S-EVAL (locked check),B1,static,AD001695,3,1,1,348.263,0,0,1,672.816,0,0,0,0.577
S-EVAL (locked check),B1,static,AD001711,3,1,1,360.107,0,0,1,488.891,0,0,1,7.635
S-EVAL (locked check),B1,static,AD001734,4,1,1,390.158,0,0,1,390.158,0,0,1,1.098
S-EVAL (locked check),B1,static,AD001743,3,1,1,277.937,0,0,1,385.898,0,0,1,1.043
S-EVAL (locked check),B1,static,AD001784,4,1,1,166.41,0,1,1,286.667,0,0,1,15.906
S-EVAL (locked check),B1,static,AD001786,3,1,1,329.365,0,0,1,329.365,0,0,1,10.982
S-EVAL (locked check),B1,static,AD001791,3,1,1,72.134,1,1,1,155.1,0,1,1,10.25
S-EVAL (locked check),B1,static,AD001799,3,1,1,384.529,0,0,1,384.529,0,0,1,0.844
S-EVAL (locked check),B1,static,AD001802,3,1,1,108.424,0,1,1,108.424,0,1,1,0.538
S-EVAL (locked check),B1,static,AD001811,3,1,1,346.81,0,0,1,480.605,0,0,1,1.063
S-EVAL (locked check),B1,static,AD001832,3,1,1,40.912,1,1,1,40.912,1,1,1,1.122
S-EVAL (locked check),B1,static,AD001900,4,1,1,1823.441,0,0,0,1838.157,0,0,0,1.058
S-EVAL (locked check),B1,static,AD001909,5,1,1,2754.47,0,0,0,4807.683,0,0,0,8.391
S-EVAL (locked check),B1,static,AD001963,3,1,1,333.307,0,0,1,456.351,0,0,1,1.05
S-EVAL (locked check),B1,static,AD001971,3,1,1,226.709,0,1,1,376.982,0,0,1,0.963
S-EVAL (locked check),B1,static,AD001987,6,1,1,557.406,0,0,0,1204.205,0,0,0,12.278
S-EVAL (locked check),B1,static,AD001999,6,1,1,146.66,0,1,1,756.089,0,0,0,19.873
S-EVAL (locked check),B1,static,AD002068,3,1,1,349.139,0,0,1,349.139,0,0,1,1.16
S-EVAL (locked check),B1,static,AD002143,3,1,1,303.227,0,0,1,375.813,0,0,1,1.208
S-EVAL (locked check),B1,static,AD002159,3,1,1,412.408,0,0,1,412.408,0,0,1,15.35
S-EVAL (locked check),B1,static,AD002230,3,1,1,257.596,0,0,1,460.577,0,0,1,0.935
S-EVAL (locked check),B1,static,AD002260,3,1,1,411.456,0,0,1,627.984,0,0,0,0.593
S-EVAL (locked check),B1,static,AD002262,3,1,1,390.661,0,0,1,428.316,0,0,1,0.99
S-EVAL (locked check),B1,static,AD002279,3,1,1,83.701,1,1,1,83.701,1,1,1,12.895
S-EVAL (locked check),B1,static,AD002284,3,1,1,70.638,1,1,1,70.638,1,1,1,0.958
S-EVAL (locked check),B1,static,AD002295,7,1,1,369.272,0,0,1,697.306,0,0,0,14.749
S-EVAL (locked check),B1,static,AD002300,3,1,1,167.526,0,1,1,212.276,0,1,1,7.417
S-EVAL (locked check),B1,static,AD002410,4,1,1,430.175,0,0,1,621.2,0,0,0,19.586
S-EVAL (locked check),B1,static,AD002422,3,1,1,588.319,0,0,0,810.775,0,0,0,8.741
S-EVAL (locked check),B1,static,AD002440,6,1,1,515.238,0,0,0,735.09,0,0,0,0.933
S-EVAL (locked check),B1,static,AD002501,5,1,1,207.102,0,1,1,383.671,0,0,1,1.201
S-EVAL (locked check),B1,static,AD002536,3,1,1,124.776,0,1,1,124.776,0,1,1,17.675
S-EVAL (locked check),B1,static,AD002555,3,1,1,243.096,0,1,1,243.096,0,1,1,0.979
S-EVAL (locked check),B1,static,AD002660,3,1,1,367.295,0,0,1,367.295,0,0,1,8.535
S-EVAL (locked check),B1,static,AD002693,3,1,1,428.013,0,0,1,624.844,0,0,0,8.904
S-EVAL (locked check),B1,static,AD002707,6,1,1,346.872,0,0,1,1094.83,0,0,0,0.836
S-EVAL (locked check),B1,static,AD002721,3,1,1,607.287,0,0,0,626.919,0,0,0,8.998
S-EVAL (locked check),B1,static,AD002739,3,1,1,360.922,0,0,1,451.511,0,0,1,9.732
S-EVAL (locked check),B1,static,AD002740,3,1,1,495.478,0,0,1,653.478,0,0,0,7.168
S-EVAL (locked check),B1,static,AD002826,3,1,1,159.267,0,1,1,159.267,0,1,1,14.496
S-EVAL (locked check),B1,static,AD002854,3,1,1,126.42,0,1,1,126.42,0,1,1,8.293
S-EVAL (locked check),B1,static,AD002868,3,1,1,466.563,0,0,1,553.056,0,0,0,9.119
S-EVAL (locked check),B1,static,AD002889,3,1,1,455.485,0,0,1,455.485,0,0,1,1.061
S-EVAL (locked check),B1,static,AD002920,3,1,1,419.09,0,0,1,517.001,0,0,0,0.696
S-EVAL (locked check),B1,static,AD002994,3,1,1,538.661,0,0,0,538.661,0,0,0,17.728
S-EVAL (locked check),B1,static,AD003034,3,1,1,465.4,0,0,1,504.487,0,0,0,18.751
S-EVAL (locked check),B1,static,AD003071,2,1,1,125.463,0,1,1,125.463,0,1,1,15.21
S-EVAL (locked check),B1,static,AD003078,3,1,1,206.668,0,1,1,206.668,0,1,1,13.552
S-EVAL (locked check),B1,static,AD003096,3,1,1,293.589,0,0,1,338.162,0,0,1,7.12
S-EVAL (locked check),B1,static,AD003113,3,1,1,145.396,0,1,1,145.396,0,1,1,17.314
S-EVAL (locked check),B1,all,AD000071,3,1,1,162.095,0,1,1,162.095,0,1,1,10.881
S-EVAL (locked check),B1,all,AD000141,6,1,1,399.072,0,0,1,2201.719,0,0,0,0.883
S-EVAL (locked check),B1,all,AD000170,4,1,1,12.433,1,1,1,12.433,1,1,1,0.991
S-EVAL (locked check),B1,all,AD000217,3,1,1,249.87,0,1,1,341.593,0,0,1,16.33
S-EVAL (locked check),B1,all,AD000224,3,1,1,24.584,1,1,1,24.584,1,1,1,16.939
S-EVAL (locked check),B1,all,AD000236,4,1,1,21.562,1,1,1,21.562,1,1,1,0.683
S-EVAL (locked check),B1,all,AD000251,3,1,1,190.022,0,1,1,323.992,0,0,1,0.702
S-EVAL (locked check),B1,all,AD000267,4,1,1,6.36,1,1,1,6.36,1,1,1,0.579
S-EVAL (locked check),B1,all,AD000291,3,1,1,309.23,0,0,1,322.25,0,0,1,0.675
S-EVAL (locked check),B1,all,AD000322,4,1,1,170.892,0,1,1,388.929,0,0,1,0.577
S-EVAL (locked check),B1,all,AD000328,3,1,1,204.592,0,1,1,204.592,0,1,1,0.681
S-EVAL (locked check),B1,all,AD000525,3,1,1,193.626,0,1,1,193.626,0,1,1,18.301
S-EVAL (locked check),B1,all,AD000527,3,1,1,141.893,0,1,1,217.199,0,1,1,5.607
S-EVAL (locked check),B1,all,AD000561,7,1,1,973.681,0,0,0,2810.802,0,0,0,0.793
S-EVAL (locked check),B1,all,AD000572,3,1,1,297.842,0,0,1,428.611,0,0,1,7.772
S-EVAL (locked check),B1,all,AD000574,3,1,1,116.072,0,1,1,116.072,0,1,1,0.536
S-EVAL (locked check),B1,all,AD000605,3,1,1,228.1,0,1,1,300.937,0,0,1,10.154
S-EVAL (locked check),B1,all,AD000627,3,1,1,414.099,0,0,1,510.946,0,0,0,0.694
S-EVAL (locked check),B1,all,AD000656,3,1,1,171.527,0,1,1,202.206,0,1,1,6.633
S-EVAL (locked check),B1,all,AD000681,3,1,1,25.64,1,1,1,25.64,1,1,1,7.371
S-EVAL (locked check),B1,all,AD000683,3,1,1,268.445,0,0,1,440.073,0,0,1,6.839
S-EVAL (locked check),B1,all,AD000774,7,1,1,13.3,1,1,1,15.521,1,1,1,0.805
S-EVAL (locked check),B1,all,AD000800,3,1,1,251.8,0,0,1,490.421,0,0,1,6.059
S-EVAL (locked check),B1,all,AD000804,3,1,1,55.415,1,1,1,55.415,1,1,1,7.722
S-EVAL (locked check),B1,all,AD000815,8,1,1,9.986,1,1,1,15.815,1,1,1,0.926
S-EVAL (locked check),B1,all,AD000830,4,1,1,7.001,1,1,1,7.001,1,1,1,0.794
S-EVAL (locked check),B1,all,AD000831,4,1,1,39.997,1,1,1,39.997,1,1,1,16.472
S-EVAL (locked check),B1,all,AD000875,3,1,1,410.541,0,0,1,410.541,0,0,1,7.374
S-EVAL (locked check),B1,all,AD000962,4,1,1,17.143,1,1,1,17.143,1,1,1,0.805
S-EVAL (locked check),B1,all,AD001009,6,1,1,254.071,0,0,1,1547.441,0,0,0,15.91
S-EVAL (locked check),B1,all,AD001012,3,1,1,108.759,0,1,1,108.759,0,1,1,0.695
S-EVAL (locked check),B1,all,AD001078,6,1,1,8.44,1,1,1,13.793,1,1,1,0.972
S-EVAL (locked check),B1,all,AD001128,7,1,1,9.851,1,1,1,12.629,1,1,1,0.984
S-EVAL (locked check),B1,all,AD001129,3,1,1,60.388,1,1,1,60.388,1,1,1,8.541
S-EVAL (locked check),B1,all,AD001146,2,1,1,3710.345,0,0,0,3710.345,0,0,0,0.601
S-EVAL (locked check),B1,all,AD001164,3,1,1,244.579,0,1,1,279.712,0,0,1,11.565
S-EVAL (locked check),B1,all,AD001249,4,1,1,362.868,0,0,1,362.868,0,0,1,18.778
S-EVAL (locked check),B1,all,AD001311,4,1,1,32.578,1,1,1,400.26,0,0,1,18.583
S-EVAL (locked check),B1,all,AD001315,3,1,1,434.624,0,0,1,566.994,0,0,0,14.298
S-EVAL (locked check),B1,all,AD001340,4,1,1,410.194,0,0,1,555.735,0,0,0,14.597
S-EVAL (locked check),B1,all,AD001382,3,1,1,73.826,1,1,1,104.305,0,1,1,7.594
S-EVAL (locked check),B1,all,AD001469,5,1,1,4.011,1,1,1,4.011,1,1,1,0.844
S-EVAL (locked check),B1,all,AD001478,3,1,1,489.964,0,0,1,489.964,0,0,1,7.423
S-EVAL (locked check),B1,all,AD001512,3,1,1,154.291,0,1,1,154.291,0,1,1,17.071
S-EVAL (locked check),B1,all,AD001519,3,1,1,253.014,0,0,1,253.014,0,0,1,12.974
S-EVAL (locked check),B1,all,AD001526,4,1,1,2.766,1,1,1,2.766,1,1,1,0.592
S-EVAL (locked check),B1,all,AD001533,3,1,1,21.883,1,1,1,21.883,1,1,1,15.183
S-EVAL (locked check),B1,all,AD001536,3,1,1,490.343,0,0,1,607.143,0,0,0,11.882
S-EVAL (locked check),B1,all,AD001574,3,1,1,141.963,0,1,1,141.963,0,1,1,0.714
S-EVAL (locked check),B1,all,AD001586,5,1,1,39.526,1,1,1,39.526,1,1,1,0.871
S-EVAL (locked check),B1,all,AD001695,3,1,1,348.263,0,0,1,672.816,0,0,0,0.577
S-EVAL (locked check),B1,all,AD001711,3,1,1,360.107,0,0,1,488.891,0,0,1,7.635
S-EVAL (locked check),B1,all,AD001734,5,1,1,11.254,1,1,1,11.254,1,1,1,1.098
S-EVAL (locked check),B1,all,AD001743,4,1,1,7.417,1,1,1,7.417,1,1,1,1.043
S-EVAL (locked check),B1,all,AD001784,4,1,1,166.41,0,1,1,286.667,0,0,1,15.906
S-EVAL (locked check),B1,all,AD001786,3,1,1,329.365,0,0,1,329.365,0,0,1,10.982
S-EVAL (locked check),B1,all,AD001791,3,1,1,72.134,1,1,1,155.1,0,1,1,10.25
S-EVAL (locked check),B1,all,AD001799,4,1,1,10.42,1,1,1,10.42,1,1,1,0.844
S-EVAL (locked check),B1,all,AD001802,3,1,1,108.424,0,1,1,108.424,0,1,1,0.538
S-EVAL (locked check),B1,all,AD001811,8,1,1,7.517,1,1,1,12.446,1,1,1,1.063
S-EVAL (locked check),B1,all,AD001832,6,1,1,40.912,1,1,1,107.895,0,1,1,1.122
S-EVAL (locked check),B1,all,AD001900,4,1,1,1823.441,0,0,0,1838.157,0,0,0,1.058
S-EVAL (locked check),B1,all,AD001909,5,1,1,2754.47,0,0,0,4807.683,0,0,0,8.391
S-EVAL (locked check),B1,all,AD001963,8,1,1,3.956,1,1,1,4.522,1,1,1,1.05
S-EVAL (locked check),B1,all,AD001971,7,1,1,4.952,1,1,1,4.952,1,1,1,0.963
S-EVAL (locked check),B1,all,AD001987,6,1,1,557.406,0,0,0,1204.205,0,0,0,12.278
S-EVAL (locked check),B1,all,AD001999,6,1,1,146.66,0,1,1,756.089,0,0,0,19.873
S-EVAL (locked check),B1,all,AD002068,8,1,1,6.675,1,1,1,6.675,1,1,1,1.16
S-EVAL (locked check),B1,all,AD002143,8,1,1,12.753,1,1,1,13.669,1,1,1,1.208
S-EVAL (locked check),B1,all,AD002159,3,1,1,412.408,0,0,1,412.408,0,0,1,15.35
S-EVAL (locked check),B1,all,AD002230,4,1,1,12.841,1,1,1,12.841,1,1,1,0.935
S-EVAL (locked check),B1,all,AD002260,3,1,1,411.456,0,0,1,627.984,0,0,0,0.593
S-EVAL (locked check),B1,all,AD002262,7,1,1,8.981,1,1,1,10.794,1,1,1,0.99
S-EVAL (locked check),B1,all,AD002279,3,1,1,83.701,1,1,1,83.701,1,1,1,12.895
S-EVAL (locked check),B1,all,AD002284,4,1,1,12.238,1,1,1,12.238,1,1,1,0.958
S-EVAL (locked check),B1,all,AD002295,7,1,1,369.272,0,0,1,697.306,0,0,0,14.749
S-EVAL (locked check),B1,all,AD002300,3,1,1,167.526,0,1,1,212.276,0,1,1,7.417
S-EVAL (locked check),B1,all,AD002410,4,1,1,430.175,0,0,1,621.2,0,0,0,19.586
S-EVAL (locked check),B1,all,AD002422,3,1,1,588.319,0,0,0,810.775,0,0,0,8.741
S-EVAL (locked check),B1,all,AD002440,11,1,1,2.371,1,1,1,3.517,1,1,1,0.933
S-EVAL (locked check),B1,all,AD002501,6,1,1,16.42,1,1,1,16.42,1,1,1,1.201
S-EVAL (locked check),B1,all,AD002536,3,1,1,124.776,0,1,1,124.776,0,1,1,17.675
S-EVAL (locked check),B1,all,AD002555,4,1,1,5.492,1,1,1,5.492,1,1,1,0.979
S-EVAL (locked check),B1,all,AD002660,3,1,1,367.295,0,0,1,367.295,0,0,1,8.535
S-EVAL (locked check),B1,all,AD002693,3,1,1,428.013,0,0,1,624.844,0,0,0,8.904
S-EVAL (locked check),B1,all,AD002707,8,1,1,3.314,1,1,1,36.152,1,1,1,0.836
S-EVAL (locked check),B1,all,AD002721,3,1,1,607.287,0,0,0,626.919,0,0,0,8.998
S-EVAL (locked check),B1,all,AD002739,3,1,1,360.922,0,0,1,451.511,0,0,1,9.732
S-EVAL (locked check),B1,all,AD002740,3,1,1,495.478,0,0,1,653.478,0,0,0,7.168
S-EVAL (locked check),B1,all,AD002826,3,1,1,159.267,0,1,1,159.267,0,1,1,14.496
S-EVAL (locked check),B1,all,AD002854,3,1,1,126.42,0,1,1,126.42,0,1,1,8.293
S-EVAL (locked check),B1,all,AD002868,3,1,1,466.563,0,0,1,553.056,0,0,0,9.119
S-EVAL (locked check),B1,all,AD002889,4,1,1,455.485,0,0,1,7874.519,0,0,0,1.061
S-EVAL (locked check),B1,all,AD002920,5,1,1,7.28,1,1,1,7.28,1,1,1,0.696
S-EVAL (locked check),B1,all,AD002994,3,1,1,538.661,0,0,0,538.661,0,0,0,17.728
S-EVAL (locked check),B1,all,AD003034,3,1,1,465.4,0,0,1,504.487,0,0,0,18.751
S-EVAL (locked check),B1,all,AD003071,2,1,1,125.463,0,1,1,125.463,0,1,1,15.21
S-EVAL (locked check),B1,all,AD003078,3,1,1,206.668,0,1,1,206.668,0,1,1,13.552
S-EVAL (locked check),B1,all,AD003096,3,1,1,293.589,0,0,1,338.162,0,0,1,7.12
S-EVAL (locked check),B1,all,AD003113,3,1,1,145.396,0,1,1,145.396,0,1,1,17.314
S-EVAL (locked check),B2,static,AD000071,3,1,1,162.095,0,1,1,162.095,0,1,1,9.663
S-EVAL (locked check),B2,static,AD000141,6,1,1,399.072,0,0,1,2201.719,0,0,0,2.787
S-EVAL (locked check),B2,static,AD000170,3,1,1,1778.825,0,0,0,1830.896,0,0,0,1.695
S-EVAL (locked check),B2,static,AD000217,4,1,1,249.87,0,1,1,341.593,0,0,1,19.452
S-EVAL (locked check),B2,static,AD000224,3,1,1,24.584,1,1,1,24.584,1,1,1,21.325
S-EVAL (locked check),B2,static,AD000236,3,1,1,181.707,0,1,1,185.484,0,1,1,1.326
S-EVAL (locked check),B2,static,AD000251,3,1,1,190.022,0,1,1,323.992,0,0,1,1.417
S-EVAL (locked check),B2,static,AD000267,3,1,1,183.897,0,1,1,329.867,0,0,1,1.3
S-EVAL (locked check),B2,static,AD000291,3,1,1,309.23,0,0,1,322.25,0,0,1,8.815
S-EVAL (locked check),B2,static,AD000322,3,1,1,170.892,0,1,1,170.892,0,1,1,1.297
S-EVAL (locked check),B2,static,AD000328,3,1,1,204.592,0,1,1,204.592,0,1,1,1.362
S-EVAL (locked check),B2,static,AD000525,4,1,1,151.993,0,1,1,193.626,0,1,1,22.456
S-EVAL (locked check),B2,static,AD000527,3,1,1,141.893,0,1,1,217.199,0,1,1,6.129
S-EVAL (locked check),B2,static,AD000561,7,1,1,973.681,0,0,0,2810.802,0,0,0,5.238
S-EVAL (locked check),B2,static,AD000572,3,1,1,297.842,0,0,1,428.611,0,0,1,8.642
S-EVAL (locked check),B2,static,AD000574,3,1,1,116.072,0,1,1,116.072,0,1,1,1.332
S-EVAL (locked check),B2,static,AD000605,3,1,1,228.1,0,1,1,300.937,0,0,1,11.023
S-EVAL (locked check),B2,static,AD000627,3,1,1,414.099,0,0,1,510.946,0,0,0,1.37
S-EVAL (locked check),B2,static,AD000656,3,1,1,171.527,0,1,1,202.206,0,1,1,7.353
S-EVAL (locked check),B2,static,AD000681,3,1,1,25.64,1,1,1,25.64,1,1,1,8.329
S-EVAL (locked check),B2,static,AD000683,3,1,1,268.445,0,0,1,440.073,0,0,1,7.586
S-EVAL (locked check),B2,static,AD000774,3,1,1,169.146,0,1,1,169.146,0,1,1,1.665
S-EVAL (locked check),B2,static,AD000800,3,1,1,251.8,0,0,1,490.421,0,0,1,6.819
S-EVAL (locked check),B2,static,AD000804,3,1,1,55.415,1,1,1,55.415,1,1,1,8.52
S-EVAL (locked check),B2,static,AD000815,3,1,1,170.487,0,1,1,170.487,0,1,1,1.571
S-EVAL (locked check),B2,static,AD000830,3,1,1,370.001,0,0,1,492.211,0,0,1,5.364
S-EVAL (locked check),B2,static,AD000831,4,1,1,39.997,1,1,1,39.997,1,1,1,20.458
S-EVAL (locked check),B2,static,AD000875,3,1,1,410.541,0,0,1,410.541,0,0,1,8.248
S-EVAL (locked check),B2,static,AD000962,3,1,1,1642.309,0,0,0,1754.276,0,0,0,1.388
S-EVAL (locked check),B2,static,AD001009,6,1,1,254.071,0,0,1,1547.441,0,0,0,21.929
S-EVAL (locked check),B2,static,AD001012,3,1,1,108.759,0,1,1,108.759,0,1,1,1.481
S-EVAL (locked check),B2,static,AD001078,4,1,1,250.694,0,0,1,432.729,0,0,1,5.319
S-EVAL (locked check),B2,static,AD001128,4,1,1,541.691,0,0,0,541.691,0,0,0,5.307
S-EVAL (locked check),B2,static,AD001129,3,1,1,60.388,1,1,1,60.388,1,1,1,9.158
S-EVAL (locked check),B2,static,AD001146,2,1,1,3710.345,0,0,0,3710.345,0,0,0,4.62
S-EVAL (locked check),B2,static,AD001164,3,1,1,244.579,0,1,1,279.712,0,0,1,15.461
S-EVAL (locked check),B2,static,AD001249,4,1,1,362.868,0,0,1,362.868,0,0,1,26.688
S-EVAL (locked check),B2,static,AD001311,4,1,1,32.578,1,1,1,400.26,0,0,1,22.776
S-EVAL (locked check),B2,static,AD001315,4,1,1,37.847,1,1,1,566.994,0,0,0,18.649
S-EVAL (locked check),B2,static,AD001340,4,1,1,410.194,0,0,1,555.735,0,0,0,18.834
S-EVAL (locked check),B2,static,AD001382,3,1,1,73.826,1,1,1,104.305,0,1,1,8.325
S-EVAL (locked check),B2,static,AD001469,3,1,1,223.363,0,1,1,223.363,0,1,1,1.462
S-EVAL (locked check),B2,static,AD001478,3,1,1,489.964,0,0,1,489.964,0,0,1,8.142
S-EVAL (locked check),B2,static,AD001512,4,1,1,108.882,0,1,1,154.291,0,1,1,21.913
S-EVAL (locked check),B2,static,AD001519,3,1,1,253.014,0,0,1,253.014,0,0,1,16.968
S-EVAL (locked check),B2,static,AD001526,3,1,1,335.464,0,0,1,335.464,0,0,1,1.206
S-EVAL (locked check),B2,static,AD001533,3,1,1,21.883,1,1,1,21.883,1,1,1,18.989
S-EVAL (locked check),B2,static,AD001536,3,1,1,490.343,0,0,1,607.143,0,0,0,6.817
S-EVAL (locked check),B2,static,AD001574,3,1,1,141.963,0,1,1,141.963,0,1,1,1.397
S-EVAL (locked check),B2,static,AD001586,3,1,1,154.075,0,1,1,154.075,0,1,1,1.535
S-EVAL (locked check),B2,static,AD001695,3,1,1,348.263,0,0,1,672.816,0,0,0,1.238
S-EVAL (locked check),B2,static,AD001711,3,1,1,360.107,0,0,1,488.891,0,0,1,8.066
S-EVAL (locked check),B2,static,AD001734,4,1,1,390.158,0,0,1,390.158,0,0,1,5.245
S-EVAL (locked check),B2,static,AD001743,3,1,1,277.937,0,0,1,385.898,0,0,1,1.45
S-EVAL (locked check),B2,static,AD001784,4,1,1,166.41,0,1,1,286.667,0,0,1,19.232
S-EVAL (locked check),B2,static,AD001786,3,1,1,329.365,0,0,1,329.365,0,0,1,11.436
S-EVAL (locked check),B2,static,AD001791,3,1,1,72.134,1,1,1,155.1,0,1,1,10.834
S-EVAL (locked check),B2,static,AD001799,3,1,1,384.529,0,0,1,384.529,0,0,1,4.941
S-EVAL (locked check),B2,static,AD001802,3,1,1,108.424,0,1,1,108.424,0,1,1,1.232
S-EVAL (locked check),B2,static,AD001811,3,1,1,346.81,0,0,1,480.605,0,0,1,1.737
S-EVAL (locked check),B2,static,AD001832,3,1,1,40.912,1,1,1,40.912,1,1,1,5.121
S-EVAL (locked check),B2,static,AD001900,4,1,1,1823.441,0,0,0,1838.157,0,0,0,5.253
S-EVAL (locked check),B2,static,AD001909,5,1,1,2754.47,0,0,0,4807.683,0,0,0,8.832
S-EVAL (locked check),B2,static,AD001963,3,1,1,333.307,0,0,1,456.351,0,0,1,1.591
S-EVAL (locked check),B2,static,AD001971,3,1,1,226.709,0,1,1,376.982,0,0,1,1.643
S-EVAL (locked check),B2,static,AD001987,6,1,1,557.406,0,0,0,1204.205,0,0,0,12.528
S-EVAL (locked check),B2,static,AD001999,6,1,1,146.66,0,1,1,756.089,0,0,0,23.825
S-EVAL (locked check),B2,static,AD002068,3,1,1,349.139,0,0,1,349.139,0,0,1,4.995
S-EVAL (locked check),B2,static,AD002143,3,1,1,303.227,0,0,1,375.813,0,0,1,5.339
S-EVAL (locked check),B2,static,AD002159,3,1,1,412.408,0,0,1,412.408,0,0,1,19.28
S-EVAL (locked check),B2,static,AD002230,3,1,1,257.596,0,0,1,460.577,0,0,1,1.604
S-EVAL (locked check),B2,static,AD002260,3,1,1,411.456,0,0,1,627.984,0,0,0,4.821
S-EVAL (locked check),B2,static,AD002262,3,1,1,390.661,0,0,1,428.316,0,0,1,1.687
S-EVAL (locked check),B2,static,AD002279,3,1,1,83.701,1,1,1,83.701,1,1,1,16.867
S-EVAL (locked check),B2,static,AD002284,3,1,1,70.638,1,1,1,70.638,1,1,1,4.665
S-EVAL (locked check),B2,static,AD002295,7,1,1,369.272,0,0,1,697.306,0,0,0,14.874
S-EVAL (locked check),B2,static,AD002300,3,1,1,167.526,0,1,1,212.276,0,1,1,7.979
S-EVAL (locked check),B2,static,AD002410,4,1,1,430.175,0,0,1,621.2,0,0,0,23.632
S-EVAL (locked check),B2,static,AD002422,3,1,1,588.319,0,0,0,810.775,0,0,0,8.704
S-EVAL (locked check),B2,static,AD002440,6,1,1,515.238,0,0,0,735.09,0,0,0,1.605
S-EVAL (locked check),B2,static,AD002501,5,1,1,207.102,0,1,1,383.671,0,0,1,4.672
S-EVAL (locked check),B2,static,AD002536,3,1,1,124.776,0,1,1,124.776,0,1,1,21.078
S-EVAL (locked check),B2,static,AD002555,3,1,1,243.096,0,1,1,243.096,0,1,1,4.744
S-EVAL (locked check),B2,static,AD002660,3,1,1,367.295,0,0,1,367.295,0,0,1,8.888
S-EVAL (locked check),B2,static,AD002693,3,1,1,428.013,0,0,1,624.844,0,0,0,9.074
S-EVAL (locked check),B2,static,AD002707,6,1,1,346.872,0,0,1,1094.83,0,0,0,4.937
S-EVAL (locked check),B2,static,AD002721,3,1,1,607.287,0,0,0,626.919,0,0,0,9.719
S-EVAL (locked check),B2,static,AD002739,3,1,1,360.922,0,0,1,451.511,0,0,1,10.249
S-EVAL (locked check),B2,static,AD002740,3,1,1,495.478,0,0,1,653.478,0,0,0,7.672
S-EVAL (locked check),B2,static,AD002826,3,1,1,159.267,0,1,1,159.267,0,1,1,18.025
S-EVAL (locked check),B2,static,AD002854,3,1,1,126.42,0,1,1,126.42,0,1,1,8.974
S-EVAL (locked check),B2,static,AD002868,3,1,1,466.563,0,0,1,553.056,0,0,0,9.713
S-EVAL (locked check),B2,static,AD002889,3,1,1,455.485,0,0,1,455.485,0,0,1,4.956
S-EVAL (locked check),B2,static,AD002920,3,1,1,419.09,0,0,1,517.001,0,0,0,1.372
S-EVAL (locked check),B2,static,AD002994,3,1,1,538.661,0,0,0,538.661,0,0,0,19.038
S-EVAL (locked check),B2,static,AD003034,3,1,1,465.4,0,0,1,504.487,0,0,0,22.758
S-EVAL (locked check),B2,static,AD003071,3,1,1,125.463,0,1,1,125.463,0,1,1,19.295
S-EVAL (locked check),B2,static,AD003078,4,1,1,89.133,1,1,1,206.668,0,1,1,17.198
S-EVAL (locked check),B2,static,AD003096,3,1,1,293.589,0,0,1,338.162,0,0,1,7.746
S-EVAL (locked check),B2,static,AD003113,3,1,1,145.396,0,1,1,145.396,0,1,1,21.287
S-EVAL (locked check),B2,all,AD000071,3,1,1,162.095,0,1,1,162.095,0,1,1,9.663
S-EVAL (locked check),B2,all,AD000141,6,1,1,399.072,0,0,1,2201.719,0,0,0,2.787
S-EVAL (locked check),B2,all,AD000170,4,1,1,12.433,1,1,1,12.433,1,1,1,1.695
S-EVAL (locked check),B2,all,AD000217,4,1,1,249.87,0,1,1,341.593,0,0,1,19.452
S-EVAL (locked check),B2,all,AD000224,3,1,1,24.584,1,1,1,24.584,1,1,1,21.325
S-EVAL (locked check),B2,all,AD000236,4,1,1,21.562,1,1,1,21.562,1,1,1,1.326
S-EVAL (locked check),B2,all,AD000251,3,1,1,190.022,0,1,1,323.992,0,0,1,1.417
S-EVAL (locked check),B2,all,AD000267,4,1,1,6.36,1,1,1,6.36,1,1,1,1.3
S-EVAL (locked check),B2,all,AD000291,3,1,1,309.23,0,0,1,322.25,0,0,1,8.815
S-EVAL (locked check),B2,all,AD000322,4,1,1,170.892,0,1,1,388.929,0,0,1,1.297
S-EVAL (locked check),B2,all,AD000328,3,1,1,204.592,0,1,1,204.592,0,1,1,1.362
S-EVAL (locked check),B2,all,AD000525,4,1,1,151.993,0,1,1,193.626,0,1,1,22.456
S-EVAL (locked check),B2,all,AD000527,3,1,1,141.893,0,1,1,217.199,0,1,1,6.129
S-EVAL (locked check),B2,all,AD000561,7,1,1,973.681,0,0,0,2810.802,0,0,0,5.238
S-EVAL (locked check),B2,all,AD000572,3,1,1,297.842,0,0,1,428.611,0,0,1,8.642
S-EVAL (locked check),B2,all,AD000574,3,1,1,116.072,0,1,1,116.072,0,1,1,1.332
S-EVAL (locked check),B2,all,AD000605,3,1,1,228.1,0,1,1,300.937,0,0,1,11.023
S-EVAL (locked check),B2,all,AD000627,3,1,1,414.099,0,0,1,510.946,0,0,0,1.37
S-EVAL (locked check),B2,all,AD000656,3,1,1,171.527,0,1,1,202.206,0,1,1,7.353
S-EVAL (locked check),B2,all,AD000681,3,1,1,25.64,1,1,1,25.64,1,1,1,8.329
S-EVAL (locked check),B2,all,AD000683,3,1,1,268.445,0,0,1,440.073,0,0,1,7.586
S-EVAL (locked check),B2,all,AD000774,7,1,1,13.3,1,1,1,15.521,1,1,1,1.665
S-EVAL (locked check),B2,all,AD000800,3,1,1,251.8,0,0,1,490.421,0,0,1,6.819
S-EVAL (locked check),B2,all,AD000804,3,1,1,55.415,1,1,1,55.415,1,1,1,8.52
S-EVAL (locked check),B2,all,AD000815,8,1,1,9.986,1,1,1,15.815,1,1,1,1.571
S-EVAL (locked check),B2,all,AD000830,4,1,1,7.001,1,1,1,7.001,1,1,1,5.364
S-EVAL (locked check),B2,all,AD000831,4,1,1,39.997,1,1,1,39.997,1,1,1,20.458
S-EVAL (locked check),B2,all,AD000875,3,1,1,410.541,0,0,1,410.541,0,0,1,8.248
S-EVAL (locked check),B2,all,AD000962,4,1,1,17.143,1,1,1,17.143,1,1,1,1.388
S-EVAL (locked check),B2,all,AD001009,6,1,1,254.071,0,0,1,1547.441,0,0,0,21.929
S-EVAL (locked check),B2,all,AD001012,3,1,1,108.759,0,1,1,108.759,0,1,1,1.481
S-EVAL (locked check),B2,all,AD001078,7,1,1,8.44,1,1,1,13.793,1,1,1,5.319
S-EVAL (locked check),B2,all,AD001128,8,1,1,9.851,1,1,1,12.629,1,1,1,5.307
S-EVAL (locked check),B2,all,AD001129,3,1,1,60.388,1,1,1,60.388,1,1,1,9.158
S-EVAL (locked check),B2,all,AD001146,2,1,1,3710.345,0,0,0,3710.345,0,0,0,4.62
S-EVAL (locked check),B2,all,AD001164,3,1,1,244.579,0,1,1,279.712,0,0,1,15.461
S-EVAL (locked check),B2,all,AD001249,4,1,1,362.868,0,0,1,362.868,0,0,1,26.688
S-EVAL (locked check),B2,all,AD001311,4,1,1,32.578,1,1,1,400.26,0,0,1,22.776
S-EVAL (locked check),B2,all,AD001315,4,1,1,37.847,1,1,1,566.994,0,0,0,18.649
S-EVAL (locked check),B2,all,AD001340,4,1,1,410.194,0,0,1,555.735,0,0,0,18.834
S-EVAL (locked check),B2,all,AD001382,3,1,1,73.826,1,1,1,104.305,0,1,1,8.325
S-EVAL (locked check),B2,all,AD001469,5,1,1,4.011,1,1,1,4.011,1,1,1,1.462
S-EVAL (locked check),B2,all,AD001478,3,1,1,489.964,0,0,1,489.964,0,0,1,8.142
S-EVAL (locked check),B2,all,AD001512,4,1,1,108.882,0,1,1,154.291,0,1,1,21.913
S-EVAL (locked check),B2,all,AD001519,3,1,1,253.014,0,0,1,253.014,0,0,1,16.968
S-EVAL (locked check),B2,all,AD001526,4,1,1,2.766,1,1,1,2.766,1,1,1,1.206
S-EVAL (locked check),B2,all,AD001533,3,1,1,21.883,1,1,1,21.883,1,1,1,18.989
S-EVAL (locked check),B2,all,AD001536,3,1,1,490.343,0,0,1,607.143,0,0,0,6.817
S-EVAL (locked check),B2,all,AD001574,3,1,1,141.963,0,1,1,141.963,0,1,1,1.397
S-EVAL (locked check),B2,all,AD001586,5,1,1,39.526,1,1,1,39.526,1,1,1,1.535
S-EVAL (locked check),B2,all,AD001695,3,1,1,348.263,0,0,1,672.816,0,0,0,1.238
S-EVAL (locked check),B2,all,AD001711,3,1,1,360.107,0,0,1,488.891,0,0,1,8.066
S-EVAL (locked check),B2,all,AD001734,5,1,1,11.254,1,1,1,11.254,1,1,1,5.245
S-EVAL (locked check),B2,all,AD001743,4,1,1,7.417,1,1,1,7.417,1,1,1,1.45
S-EVAL (locked check),B2,all,AD001784,4,1,1,166.41,0,1,1,286.667,0,0,1,19.232
S-EVAL (locked check),B2,all,AD001786,3,1,1,329.365,0,0,1,329.365,0,0,1,11.436
S-EVAL (locked check),B2,all,AD001791,3,1,1,72.134,1,1,1,155.1,0,1,1,10.834
S-EVAL (locked check),B2,all,AD001799,4,1,1,10.42,1,1,1,10.42,1,1,1,4.941
S-EVAL (locked check),B2,all,AD001802,3,1,1,108.424,0,1,1,108.424,0,1,1,1.232
S-EVAL (locked check),B2,all,AD001811,8,1,1,7.517,1,1,1,12.446,1,1,1,1.737
S-EVAL (locked check),B2,all,AD001832,6,1,1,40.912,1,1,1,107.895,0,1,1,5.121
S-EVAL (locked check),B2,all,AD001900,4,1,1,1823.441,0,0,0,1838.157,0,0,0,5.253
S-EVAL (locked check),B2,all,AD001909,5,1,1,2754.47,0,0,0,4807.683,0,0,0,8.832
S-EVAL (locked check),B2,all,AD001963,8,1,1,3.956,1,1,1,4.522,1,1,1,1.591
S-EVAL (locked check),B2,all,AD001971,7,1,1,4.952,1,1,1,4.952,1,1,1,1.643
S-EVAL (locked check),B2,all,AD001987,6,1,1,557.406,0,0,0,1204.205,0,0,0,12.528
S-EVAL (locked check),B2,all,AD001999,6,1,1,146.66,0,1,1,756.089,0,0,0,23.825
S-EVAL (locked check),B2,all,AD002068,8,1,1,6.675,1,1,1,6.675,1,1,1,4.995
S-EVAL (locked check),B2,all,AD002143,8,1,1,12.753,1,1,1,13.669,1,1,1,5.339
S-EVAL (locked check),B2,all,AD002159,3,1,1,412.408,0,0,1,412.408,0,0,1,19.28
S-EVAL (locked check),B2,all,AD002230,4,1,1,12.841,1,1,1,12.841,1,1,1,1.604
S-EVAL (locked check),B2,all,AD002260,3,1,1,411.456,0,0,1,627.984,0,0,0,4.821
S-EVAL (locked check),B2,all,AD002262,7,1,1,8.981,1,1,1,10.794,1,1,1,1.687
S-EVAL (locked check),B2,all,AD002279,3,1,1,83.701,1,1,1,83.701,1,1,1,16.867
S-EVAL (locked check),B2,all,AD002284,4,1,1,12.238,1,1,1,12.238,1,1,1,4.665
S-EVAL (locked check),B2,all,AD002295,7,1,1,369.272,0,0,1,697.306,0,0,0,14.874
S-EVAL (locked check),B2,all,AD002300,3,1,1,167.526,0,1,1,212.276,0,1,1,7.979
S-EVAL (locked check),B2,all,AD002410,4,1,1,430.175,0,0,1,621.2,0,0,0,23.632
S-EVAL (locked check),B2,all,AD002422,3,1,1,588.319,0,0,0,810.775,0,0,0,8.704
S-EVAL (locked check),B2,all,AD002440,11,1,1,2.371,1,1,1,3.517,1,1,1,1.605
S-EVAL (locked check),B2,all,AD002501,6,1,1,16.42,1,1,1,16.42,1,1,1,4.672
S-EVAL (locked check),B2,all,AD002536,3,1,1,124.776,0,1,1,124.776,0,1,1,21.078
S-EVAL (locked check),B2,all,AD002555,4,1,1,5.492,1,1,1,5.492,1,1,1,4.744
S-EVAL (locked check),B2,all,AD002660,3,1,1,367.295,0,0,1,367.295,0,0,1,8.888
S-EVAL (locked check),B2,all,AD002693,3,1,1,428.013,0,0,1,624.844,0,0,0,9.074
S-EVAL (locked check),B2,all,AD002707,8,1,1,3.314,1,1,1,36.152,1,1,1,4.937
S-EVAL (locked check),B2,all,AD002721,3,1,1,607.287,0,0,0,626.919,0,0,0,9.719
S-EVAL (locked check),B2,all,AD002739,3,1,1,360.922,0,0,1,451.511,0,0,1,10.249
S-EVAL (locked check),B2,all,AD002740,3,1,1,495.478,0,0,1,653.478,0,0,0,7.672
S-EVAL (locked check),B2,all,AD002826,3,1,1,159.267,0,1,1,159.267,0,1,1,18.025
S-EVAL (locked check),B2,all,AD002854,3,1,1,126.42,0,1,1,126.42,0,1,1,8.974
S-EVAL (locked check),B2,all,AD002868,3,1,1,466.563,0,0,1,553.056,0,0,0,9.713
S-EVAL (locked check),B2,all,AD002889,4,1,1,455.485,0,0,1,7874.519,0,0,0,4.956
S-EVAL (locked check),B2,all,AD002920,5,1,1,7.28,1,1,1,7.28,1,1,1,1.372
S-EVAL (locked check),B2,all,AD002994,3,1,1,538.661,0,0,0,538.661,0,0,0,19.038
S-EVAL (locked check),B2,all,AD003034,3,1,1,465.4,0,0,1,504.487,0,0,0,22.758
S-EVAL (locked check),B2,all,AD003071,3,1,1,125.463,0,1,1,125.463,0,1,1,19.295
S-EVAL (locked check),B2,all,AD003078,4,1,1,89.133,1,1,1,206.668,0,1,1,17.198
S-EVAL (locked check),B2,all,AD003096,3,1,1,293.589,0,0,1,338.162,0,0,1,7.746
S-EVAL (locked check),B2,all,AD003113,3,1,1,145.396,0,1,1,145.396,0,1,1,21.287
S-EVAL (locked check),B3,static,AD000071,3,1,1,162.095,0,1,1,162.095,0,1,1,9.644
S-EVAL (locked check),B3,static,AD000141,6,1,1,399.072,0,0,1,2201.719,0,0,0,1.509
S-EVAL (locked check),B3,static,AD000170,3,1,1,1778.825,0,0,0,1830.896,0,0,0,1.541
S-EVAL (locked check),B3,static,AD000217,4,1,1,249.87,0,1,1,341.593,0,0,1,19.435
S-EVAL (locked check),B3,static,AD000224,3,1,1,24.584,1,1,1,24.584,1,1,1,20.855
S-EVAL (locked check),B3,static,AD000236,3,1,1,181.707,0,1,1,185.484,0,1,1,1.255
S-EVAL (locked check),B3,static,AD000251,3,1,1,190.022,0,1,1,323.992,0,0,1,1.377
S-EVAL (locked check),B3,static,AD000267,3,1,1,183.897,0,1,1,329.867,0,0,1,1.245
S-EVAL (locked check),B3,static,AD000291,3,1,1,309.23,0,0,1,322.25,0,0,1,4.79
S-EVAL (locked check),B3,static,AD000322,3,1,1,170.892,0,1,1,170.892,0,1,1,1.264
S-EVAL (locked check),B3,static,AD000328,3,1,1,204.592,0,1,1,204.592,0,1,1,1.375
S-EVAL (locked check),B3,static,AD000525,4,1,1,151.993,0,1,1,193.626,0,1,1,22.968
S-EVAL (locked check),B3,static,AD000527,3,1,1,141.893,0,1,1,217.199,0,1,1,6.434
S-EVAL (locked check),B3,static,AD000561,7,1,1,973.681,0,0,0,2810.802,0,0,0,4.932
S-EVAL (locked check),B3,static,AD000572,3,1,1,297.842,0,0,1,428.611,0,0,1,8.712
S-EVAL (locked check),B3,static,AD000574,3,1,1,116.072,0,1,1,116.072,0,1,1,1.223
S-EVAL (locked check),B3,static,AD000605,3,1,1,228.1,0,1,1,300.937,0,0,1,11.098
S-EVAL (locked check),B3,static,AD000627,3,1,1,414.099,0,0,1,510.946,0,0,0,1.46
S-EVAL (locked check),B3,static,AD000656,3,1,1,171.527,0,1,1,202.206,0,1,1,7.325
S-EVAL (locked check),B3,static,AD000681,3,1,1,25.64,1,1,1,25.64,1,1,1,8.207
S-EVAL (locked check),B3,static,AD000683,3,1,1,268.445,0,0,1,440.073,0,0,1,7.544
S-EVAL (locked check),B3,static,AD000774,3,1,1,169.146,0,1,1,169.146,0,1,1,1.601
S-EVAL (locked check),B3,static,AD000800,3,1,1,251.8,0,0,1,490.421,0,0,1,6.546
S-EVAL (locked check),B3,static,AD000804,3,1,1,55.415,1,1,1,55.415,1,1,1,8.443
S-EVAL (locked check),B3,static,AD000815,3,1,1,170.487,0,1,1,170.487,0,1,1,1.628
S-EVAL (locked check),B3,static,AD000830,3,1,1,370.001,0,0,1,492.211,0,0,1,4.956
S-EVAL (locked check),B3,static,AD000831,4,1,1,39.997,1,1,1,39.997,1,1,1,20.159
S-EVAL (locked check),B3,static,AD000875,3,1,1,410.541,0,0,1,410.541,0,0,1,8.102
S-EVAL (locked check),B3,static,AD000962,3,1,1,1642.309,0,0,0,1754.276,0,0,0,1.408
S-EVAL (locked check),B3,static,AD001009,6,1,1,254.071,0,0,1,1547.441,0,0,0,36.767
S-EVAL (locked check),B3,static,AD001012,3,1,1,108.759,0,1,1,108.759,0,1,1,1.434
S-EVAL (locked check),B3,static,AD001078,4,1,1,250.694,0,0,1,432.729,0,0,1,5.167
S-EVAL (locked check),B3,static,AD001128,4,1,1,541.691,0,0,0,541.691,0,0,0,5.412
S-EVAL (locked check),B3,static,AD001129,3,1,1,60.388,1,1,1,60.388,1,1,1,9.245
S-EVAL (locked check),B3,static,AD001146,2,1,1,3710.345,0,0,0,3710.345,0,0,0,49.461
S-EVAL (locked check),B3,static,AD001164,3,1,1,244.579,0,1,1,279.712,0,0,1,40.068
S-EVAL (locked check),B3,static,AD001249,4,1,1,362.868,0,0,1,362.868,0,0,1,23.764
S-EVAL (locked check),B3,static,AD001311,4,1,1,32.578,1,1,1,400.26,0,0,1,23.475
S-EVAL (locked check),B3,static,AD001315,4,1,1,37.847,1,1,1,566.994,0,0,0,19.483
S-EVAL (locked check),B3,static,AD001340,4,1,1,410.194,0,0,1,555.735,0,0,0,21.785
S-EVAL (locked check),B3,static,AD001382,3,1,1,73.826,1,1,1,104.305,0,1,1,8.526
S-EVAL (locked check),B3,static,AD001469,3,1,1,223.363,0,1,1,223.363,0,1,1,1.488
S-EVAL (locked check),B3,static,AD001478,3,1,1,489.964,0,0,1,489.964,0,0,1,8.35
S-EVAL (locked check),B3,static,AD001512,4,1,1,108.882,0,1,1,154.291,0,1,1,21.907
S-EVAL (locked check),B3,static,AD001519,3,1,1,253.014,0,0,1,253.014,0,0,1,46.091
S-EVAL (locked check),B3,static,AD001526,3,1,1,335.464,0,0,1,335.464,0,0,1,1.4
S-EVAL (locked check),B3,static,AD001533,3,1,1,21.883,1,1,1,21.883,1,1,1,19.2
S-EVAL (locked check),B3,static,AD001536,3,1,1,490.343,0,0,1,607.143,0,0,0,6.862
S-EVAL (locked check),B3,static,AD001574,3,1,1,141.963,0,1,1,141.963,0,1,1,1.434
S-EVAL (locked check),B3,static,AD001586,3,1,1,154.075,0,1,1,154.075,0,1,1,1.527
S-EVAL (locked check),B3,static,AD001695,3,1,1,348.263,0,0,1,672.816,0,0,0,1.126
S-EVAL (locked check),B3,static,AD001711,3,1,1,360.107,0,0,1,488.891,0,0,1,8.103
S-EVAL (locked check),B3,static,AD001734,4,1,1,390.158,0,0,1,390.158,0,0,1,5.119
S-EVAL (locked check),B3,static,AD001743,3,1,1,277.937,0,0,1,385.898,0,0,1,1.376
S-EVAL (locked check),B3,static,AD001784,4,1,1,166.41,0,1,1,286.667,0,0,1,20.141
S-EVAL (locked check),B3,static,AD001786,3,1,1,329.365,0,0,1,329.365,0,0,1,11.567
S-EVAL (locked check),B3,static,AD001791,3,1,1,72.134,1,1,1,155.1,0,1,1,10.863
S-EVAL (locked check),B3,static,AD001799,3,1,1,384.529,0,0,1,384.529,0,0,1,5.113
S-EVAL (locked check),B3,static,AD001802,3,1,1,108.424,0,1,1,108.424,0,1,1,1.224
S-EVAL (locked check),B3,static,AD001811,3,1,1,346.81,0,0,1,480.605,0,0,1,1.747
S-EVAL (locked check),B3,static,AD001832,3,1,1,40.912,1,1,1,40.912,1,1,1,5.022
S-EVAL (locked check),B3,static,AD001900,4,1,1,1823.441,0,0,0,1838.157,0,0,0,5.165
S-EVAL (locked check),B3,static,AD001909,5,1,1,2754.47,0,0,0,4807.683,0,0,0,9.184
S-EVAL (locked check),B3,static,AD001963,3,1,1,333.307,0,0,1,456.351,0,0,1,1.552
S-EVAL (locked check),B3,static,AD001971,3,1,1,226.709,0,1,1,376.982,0,0,1,1.67
S-EVAL (locked check),B3,static,AD001987,6,1,1,557.406,0,0,0,1204.205,0,0,0,12.568
S-EVAL (locked check),B3,static,AD001999,6,1,1,146.66,0,1,1,756.089,0,0,0,24.13
S-EVAL (locked check),B3,static,AD002068,3,1,1,349.139,0,0,1,349.139,0,0,1,22.662
S-EVAL (locked check),B3,static,AD002143,3,1,1,303.227,0,0,1,375.813,0,0,1,17.266
S-EVAL (locked check),B3,static,AD002159,3,1,1,412.408,0,0,1,412.408,0,0,1,20.128
S-EVAL (locked check),B3,static,AD002230,3,1,1,257.596,0,0,1,460.577,0,0,1,1.631
S-EVAL (locked check),B3,static,AD002260,3,1,1,411.456,0,0,1,627.984,0,0,0,4.699
S-EVAL (locked check),B3,static,AD002262,3,1,1,390.661,0,0,1,428.316,0,0,1,1.535
S-EVAL (locked check),B3,static,AD002279,3,1,1,83.701,1,1,1,83.701,1,1,1,35.803
S-EVAL (locked check),B3,static,AD002284,3,1,1,70.638,1,1,1,70.638,1,1,1,4.529
S-EVAL (locked check),B3,static,AD002295,7,1,1,369.272,0,0,1,697.306,0,0,0,14.947
S-EVAL (locked check),B3,static,AD002300,3,1,1,167.526,0,1,1,212.276,0,1,1,8.018
S-EVAL (locked check),B3,static,AD002410,4,1,1,430.175,0,0,1,621.2,0,0,0,23.74
S-EVAL (locked check),B3,static,AD002422,3,1,1,588.319,0,0,0,810.775,0,0,0,8.953
S-EVAL (locked check),B3,static,AD002440,6,1,1,515.238,0,0,0,735.09,0,0,0,1.646
S-EVAL (locked check),B3,static,AD002501,5,1,1,207.102,0,1,1,383.671,0,0,1,4.468
S-EVAL (locked check),B3,static,AD002536,3,1,1,124.776,0,1,1,124.776,0,1,1,21.335
S-EVAL (locked check),B3,static,AD002555,3,1,1,243.096,0,1,1,243.096,0,1,1,4.827
S-EVAL (locked check),B3,static,AD002660,3,1,1,367.295,0,0,1,367.295,0,0,1,8.781
S-EVAL (locked check),B3,static,AD002693,3,1,1,428.013,0,0,1,624.844,0,0,0,9.073
S-EVAL (locked check),B3,static,AD002707,6,1,1,346.872,0,0,1,1094.83,0,0,0,17.57
S-EVAL (locked check),B3,static,AD002721,3,1,1,607.287,0,0,0,626.919,0,0,0,9.61
S-EVAL (locked check),B3,static,AD002739,3,1,1,360.922,0,0,1,451.511,0,0,1,10.196
S-EVAL (locked check),B3,static,AD002740,3,1,1,495.478,0,0,1,653.478,0,0,0,7.626
S-EVAL (locked check),B3,static,AD002826,3,1,1,159.267,0,1,1,159.267,0,1,1,18.062
S-EVAL (locked check),B3,static,AD002854,3,1,1,126.42,0,1,1,126.42,0,1,1,8.939
S-EVAL (locked check),B3,static,AD002868,3,1,1,466.563,0,0,1,553.056,0,0,0,9.846
S-EVAL (locked check),B3,static,AD002889,3,1,1,455.485,0,0,1,455.485,0,0,1,17.347
S-EVAL (locked check),B3,static,AD002920,3,1,1,419.09,0,0,1,517.001,0,0,0,1.362
S-EVAL (locked check),B3,static,AD002994,3,1,1,538.661,0,0,0,538.661,0,0,0,19.046
S-EVAL (locked check),B3,static,AD003034,3,1,1,465.4,0,0,1,504.487,0,0,0,22.788
S-EVAL (locked check),B3,static,AD003071,3,1,1,125.463,0,1,1,125.463,0,1,1,53.467
S-EVAL (locked check),B3,static,AD003078,4,1,1,89.133,1,1,1,206.668,0,1,1,17.045
S-EVAL (locked check),B3,static,AD003096,3,1,1,293.589,0,0,1,338.162,0,0,1,7.835
S-EVAL (locked check),B3,static,AD003113,3,1,1,145.396,0,1,1,145.396,0,1,1,21.326
S-EVAL (locked check),B3,all,AD000071,3,1,1,162.095,0,1,1,162.095,0,1,1,9.644
S-EVAL (locked check),B3,all,AD000141,6,1,1,399.072,0,0,1,2201.719,0,0,0,1.509
S-EVAL (locked check),B3,all,AD000170,4,1,1,12.433,1,1,1,12.433,1,1,1,1.541
S-EVAL (locked check),B3,all,AD000217,4,1,1,249.87,0,1,1,341.593,0,0,1,19.435
S-EVAL (locked check),B3,all,AD000224,3,1,1,24.584,1,1,1,24.584,1,1,1,20.855
S-EVAL (locked check),B3,all,AD000236,4,1,1,21.562,1,1,1,21.562,1,1,1,1.255
S-EVAL (locked check),B3,all,AD000251,3,1,1,190.022,0,1,1,323.992,0,0,1,1.377
S-EVAL (locked check),B3,all,AD000267,4,1,1,6.36,1,1,1,6.36,1,1,1,1.245
S-EVAL (locked check),B3,all,AD000291,3,1,1,309.23,0,0,1,322.25,0,0,1,4.79
S-EVAL (locked check),B3,all,AD000322,4,1,1,170.892,0,1,1,388.929,0,0,1,1.264
S-EVAL (locked check),B3,all,AD000328,3,1,1,204.592,0,1,1,204.592,0,1,1,1.375
S-EVAL (locked check),B3,all,AD000525,4,1,1,151.993,0,1,1,193.626,0,1,1,22.968
S-EVAL (locked check),B3,all,AD000527,3,1,1,141.893,0,1,1,217.199,0,1,1,6.434
S-EVAL (locked check),B3,all,AD000561,7,1,1,973.681,0,0,0,2810.802,0,0,0,4.932
S-EVAL (locked check),B3,all,AD000572,3,1,1,297.842,0,0,1,428.611,0,0,1,8.712
S-EVAL (locked check),B3,all,AD000574,3,1,1,116.072,0,1,1,116.072,0,1,1,1.223
S-EVAL (locked check),B3,all,AD000605,3,1,1,228.1,0,1,1,300.937,0,0,1,11.098
S-EVAL (locked check),B3,all,AD000627,3,1,1,414.099,0,0,1,510.946,0,0,0,1.46
S-EVAL (locked check),B3,all,AD000656,3,1,1,171.527,0,1,1,202.206,0,1,1,7.325
S-EVAL (locked check),B3,all,AD000681,3,1,1,25.64,1,1,1,25.64,1,1,1,8.207
S-EVAL (locked check),B3,all,AD000683,3,1,1,268.445,0,0,1,440.073,0,0,1,7.544
S-EVAL (locked check),B3,all,AD000774,7,1,1,13.3,1,1,1,15.521,1,1,1,1.601
S-EVAL (locked check),B3,all,AD000800,3,1,1,251.8,0,0,1,490.421,0,0,1,6.546
S-EVAL (locked check),B3,all,AD000804,3,1,1,55.415,1,1,1,55.415,1,1,1,8.443
S-EVAL (locked check),B3,all,AD000815,8,1,1,9.986,1,1,1,15.815,1,1,1,1.628
S-EVAL (locked check),B3,all,AD000830,4,1,1,7.001,1,1,1,7.001,1,1,1,4.956
S-EVAL (locked check),B3,all,AD000831,4,1,1,39.997,1,1,1,39.997,1,1,1,20.159
S-EVAL (locked check),B3,all,AD000875,3,1,1,410.541,0,0,1,410.541,0,0,1,8.102
S-EVAL (locked check),B3,all,AD000962,4,1,1,17.143,1,1,1,17.143,1,1,1,1.408
S-EVAL (locked check),B3,all,AD001009,6,1,1,254.071,0,0,1,1547.441,0,0,0,36.767
S-EVAL (locked check),B3,all,AD001012,3,1,1,108.759,0,1,1,108.759,0,1,1,1.434
S-EVAL (locked check),B3,all,AD001078,7,1,1,8.44,1,1,1,13.793,1,1,1,5.167
S-EVAL (locked check),B3,all,AD001128,8,1,1,9.851,1,1,1,12.629,1,1,1,5.412
S-EVAL (locked check),B3,all,AD001129,3,1,1,60.388,1,1,1,60.388,1,1,1,9.245
S-EVAL (locked check),B3,all,AD001146,2,1,1,3710.345,0,0,0,3710.345,0,0,0,49.461
S-EVAL (locked check),B3,all,AD001164,3,1,1,244.579,0,1,1,279.712,0,0,1,40.068
S-EVAL (locked check),B3,all,AD001249,4,1,1,362.868,0,0,1,362.868,0,0,1,23.764
S-EVAL (locked check),B3,all,AD001311,4,1,1,32.578,1,1,1,400.26,0,0,1,23.475
S-EVAL (locked check),B3,all,AD001315,4,1,1,37.847,1,1,1,566.994,0,0,0,19.483
S-EVAL (locked check),B3,all,AD001340,4,1,1,410.194,0,0,1,555.735,0,0,0,21.785
S-EVAL (locked check),B3,all,AD001382,3,1,1,73.826,1,1,1,104.305,0,1,1,8.526
S-EVAL (locked check),B3,all,AD001469,5,1,1,4.011,1,1,1,4.011,1,1,1,1.488
S-EVAL (locked check),B3,all,AD001478,3,1,1,489.964,0,0,1,489.964,0,0,1,8.35
S-EVAL (locked check),B3,all,AD001512,4,1,1,108.882,0,1,1,154.291,0,1,1,21.907
S-EVAL (locked check),B3,all,AD001519,3,1,1,253.014,0,0,1,253.014,0,0,1,46.091
S-EVAL (locked check),B3,all,AD001526,4,1,1,2.766,1,1,1,2.766,1,1,1,1.4
S-EVAL (locked check),B3,all,AD001533,3,1,1,21.883,1,1,1,21.883,1,1,1,19.2
S-EVAL (locked check),B3,all,AD001536,3,1,1,490.343,0,0,1,607.143,0,0,0,6.862
S-EVAL (locked check),B3,all,AD001574,3,1,1,141.963,0,1,1,141.963,0,1,1,1.434
S-EVAL (locked check),B3,all,AD001586,5,1,1,39.526,1,1,1,39.526,1,1,1,1.527
S-EVAL (locked check),B3,all,AD001695,3,1,1,348.263,0,0,1,672.816,0,0,0,1.126
S-EVAL (locked check),B3,all,AD001711,3,1,1,360.107,0,0,1,488.891,0,0,1,8.103
S-EVAL (locked check),B3,all,AD001734,5,1,1,11.254,1,1,1,11.254,1,1,1,5.119
S-EVAL (locked check),B3,all,AD001743,4,1,1,7.417,1,1,1,7.417,1,1,1,1.376
S-EVAL (locked check),B3,all,AD001784,4,1,1,166.41,0,1,1,286.667,0,0,1,20.141
S-EVAL (locked check),B3,all,AD001786,3,1,1,329.365,0,0,1,329.365,0,0,1,11.567
S-EVAL (locked check),B3,all,AD001791,3,1,1,72.134,1,1,1,155.1,0,1,1,10.863
S-EVAL (locked check),B3,all,AD001799,4,1,1,10.42,1,1,1,10.42,1,1,1,5.113
S-EVAL (locked check),B3,all,AD001802,3,1,1,108.424,0,1,1,108.424,0,1,1,1.224
S-EVAL (locked check),B3,all,AD001811,8,1,1,7.517,1,1,1,12.446,1,1,1,1.747
S-EVAL (locked check),B3,all,AD001832,6,1,1,40.912,1,1,1,107.895,0,1,1,5.022
S-EVAL (locked check),B3,all,AD001900,4,1,1,1823.441,0,0,0,1838.157,0,0,0,5.165
S-EVAL (locked check),B3,all,AD001909,5,1,1,2754.47,0,0,0,4807.683,0,0,0,9.184
S-EVAL (locked check),B3,all,AD001963,8,1,1,3.956,1,1,1,4.522,1,1,1,1.552
S-EVAL (locked check),B3,all,AD001971,7,1,1,4.952,1,1,1,4.952,1,1,1,1.67
S-EVAL (locked check),B3,all,AD001987,6,1,1,557.406,0,0,0,1204.205,0,0,0,12.568
S-EVAL (locked check),B3,all,AD001999,6,1,1,146.66,0,1,1,756.089,0,0,0,24.13
S-EVAL (locked check),B3,all,AD002068,8,1,1,6.675,1,1,1,6.675,1,1,1,22.662
S-EVAL (locked check),B3,all,AD002143,8,1,1,12.753,1,1,1,13.669,1,1,1,17.266
S-EVAL (locked check),B3,all,AD002159,3,1,1,412.408,0,0,1,412.408,0,0,1,20.128
S-EVAL (locked check),B3,all,AD002230,4,1,1,12.841,1,1,1,12.841,1,1,1,1.631
S-EVAL (locked check),B3,all,AD002260,3,1,1,411.456,0,0,1,627.984,0,0,0,4.699
S-EVAL (locked check),B3,all,AD002262,7,1,1,8.981,1,1,1,10.794,1,1,1,1.535
S-EVAL (locked check),B3,all,AD002279,3,1,1,83.701,1,1,1,83.701,1,1,1,35.803
S-EVAL (locked check),B3,all,AD002284,4,1,1,12.238,1,1,1,12.238,1,1,1,4.529
S-EVAL (locked check),B3,all,AD002295,7,1,1,369.272,0,0,1,697.306,0,0,0,14.947
S-EVAL (locked check),B3,all,AD002300,3,1,1,167.526,0,1,1,212.276,0,1,1,8.018
S-EVAL (locked check),B3,all,AD002410,4,1,1,430.175,0,0,1,621.2,0,0,0,23.74
S-EVAL (locked check),B3,all,AD002422,3,1,1,588.319,0,0,0,810.775,0,0,0,8.953
S-EVAL (locked check),B3,all,AD002440,11,1,1,2.371,1,1,1,3.517,1,1,1,1.646
S-EVAL (locked check),B3,all,AD002501,6,1,1,16.42,1,1,1,16.42,1,1,1,4.468
S-EVAL (locked check),B3,all,AD002536,3,1,1,124.776,0,1,1,124.776,0,1,1,21.335
S-EVAL (locked check),B3,all,AD002555,4,1,1,5.492,1,1,1,5.492,1,1,1,4.827
S-EVAL (locked check),B3,all,AD002660,3,1,1,367.295,0,0,1,367.295,0,0,1,8.781
S-EVAL (locked check),B3,all,AD002693,3,1,1,428.013,0,0,1,624.844,0,0,0,9.073
S-EVAL (locked check),B3,all,AD002707,8,1,1,3.314,1,1,1,36.152,1,1,1,17.57
S-EVAL (locked check),B3,all,AD002721,3,1,1,607.287,0,0,0,626.919,0,0,0,9.61
S-EVAL (locked check),B3,all,AD002739,3,1,1,360.922,0,0,1,451.511,0,0,1,10.196
S-EVAL (locked check),B3,all,AD002740,3,1,1,495.478,0,0,1,653.478,0,0,0,7.626
S-EVAL (locked check),B3,all,AD002826,3,1,1,159.267,0,1,1,159.267,0,1,1,18.062
S-EVAL (locked check),B3,all,AD002854,3,1,1,126.42,0,1,1,126.42,0,1,1,8.939
S-EVAL (locked check),B3,all,AD002868,3,1,1,466.563,0,0,1,553.056,0,0,0,9.846
S-EVAL (locked check),B3,all,AD002889,4,1,1,455.485,0,0,1,7874.519,0,0,0,17.347
S-EVAL (locked check),B3,all,AD002920,5,1,1,7.28,1,1,1,7.28,1,1,1,1.362
S-EVAL (locked check),B3,all,AD002994,3,1,1,538.661,0,0,0,538.661,0,0,0,19.046
S-EVAL (locked check),B3,all,AD003034,3,1,1,465.4,0,0,1,504.487,0,0,0,22.788
S-EVAL (locked check),B3,all,AD003071,3,1,1,125.463,0,1,1,125.463,0,1,1,53.467
S-EVAL (locked check),B3,all,AD003078,4,1,1,89.133,1,1,1,206.668,0,1,1,17.045
S-EVAL (locked check),B3,all,AD003096,3,1,1,293.589,0,0,1,338.162,0,0,1,7.835
S-EVAL (locked check),B3,all,AD003113,3,1,1,145.396,0,1,1,145.396,0,1,1,21.326
S-EVAL (locked check),B4,static,AD000071,3,1,1,162.095,0,1,1,162.095,0,1,1,9.864
S-EVAL (locked check),B4,static,AD000141,6,1,1,399.072,0,0,1,2201.719,0,0,0,1.46
S-EVAL (locked check),B4,static,AD000170,3,1,1,1778.825,0,0,0,1830.896,0,0,0,1.705
S-EVAL (locked check),B4,static,AD000217,4,1,1,249.87,0,1,1,341.593,0,0,1,19.257
S-EVAL (locked check),B4,static,AD000224,3,1,1,24.584,1,1,1,24.584,1,1,1,21.12
S-EVAL (locked check),B4,static,AD000236,3,1,1,181.707,0,1,1,185.484,0,1,1,1.263
S-EVAL (locked check),B4,static,AD000251,3,1,1,190.022,0,1,1,323.992,0,0,1,1.375
S-EVAL (locked check),B4,static,AD000267,3,1,1,183.897,0,1,1,329.867,0,0,1,1.179
S-EVAL (locked check),B4,static,AD000291,3,1,1,309.23,0,0,1,322.25,0,0,1,4.497
S-EVAL (locked check),B4,static,AD000322,3,1,1,170.892,0,1,1,170.892,0,1,1,1.26
S-EVAL (locked check),B4,static,AD000328,3,1,1,204.592,0,1,1,204.592,0,1,1,1.34
S-EVAL (locked check),B4,static,AD000525,4,1,1,151.993,0,1,1,193.626,0,1,1,22.182
S-EVAL (locked check),B4,static,AD000527,3,1,1,141.893,0,1,1,217.199,0,1,1,6.248
S-EVAL (locked check),B4,static,AD000561,7,1,1,973.681,0,0,0,2810.802,0,0,0,4.861
S-EVAL (locked check),B4,static,AD000572,3,1,1,297.842,0,0,1,428.611,0,0,1,8.319
S-EVAL (locked check),B4,static,AD000574,3,1,1,116.072,0,1,1,116.072,0,1,1,1.193
S-EVAL (locked check),B4,static,AD000605,3,1,1,228.1,0,1,1,300.937,0,0,1,10.752
S-EVAL (locked check),B4,static,AD000627,3,1,1,414.099,0,0,1,510.946,0,0,0,1.382
S-EVAL (locked check),B4,static,AD000656,3,1,1,171.527,0,1,1,202.206,0,1,1,7.25
S-EVAL (locked check),B4,static,AD000681,3,1,1,25.64,1,1,1,25.64,1,1,1,7.969
S-EVAL (locked check),B4,static,AD000683,3,1,1,268.445,0,0,1,440.073,0,0,1,7.545
S-EVAL (locked check),B4,static,AD000774,3,1,1,169.146,0,1,1,169.146,0,1,1,1.582
S-EVAL (locked check),B4,static,AD000800,3,1,1,251.8,0,0,1,490.421,0,0,1,6.63
S-EVAL (locked check),B4,static,AD000804,3,1,1,55.415,1,1,1,55.415,1,1,1,8.439
S-EVAL (locked check),B4,static,AD000815,3,1,1,170.487,0,1,1,170.487,0,1,1,1.586
S-EVAL (locked check),B4,static,AD000830,3,1,1,370.001,0,0,1,492.211,0,0,1,4.715
S-EVAL (locked check),B4,static,AD000831,4,1,1,39.997,1,1,1,39.997,1,1,1,20.193
S-EVAL (locked check),B4,static,AD000875,3,1,1,410.541,0,0,1,410.541,0,0,1,8.074
S-EVAL (locked check),B4,static,AD000962,3,1,1,1642.309,0,0,0,1754.276,0,0,0,1.386
S-EVAL (locked check),B4,static,AD001009,6,1,1,254.071,0,0,1,1547.441,0,0,0,224.211
S-EVAL (locked check),B4,static,AD001012,3,1,1,108.759,0,1,1,108.759,0,1,1,1.425
S-EVAL (locked check),B4,static,AD001078,4,1,1,250.694,0,0,1,432.729,0,0,1,5.101
S-EVAL (locked check),B4,static,AD001128,4,1,1,541.691,0,0,0,541.691,0,0,0,6.23
S-EVAL (locked check),B4,static,AD001129,3,1,1,60.388,1,1,1,60.388,1,1,1,9.53
S-EVAL (locked check),B4,static,AD001146,2,1,1,3710.345,0,0,0,3710.345,0,0,0,245.798
S-EVAL (locked check),B4,static,AD001164,3,1,1,244.579,0,1,1,279.712,0,0,1,229.118
S-EVAL (locked check),B4,static,AD001249,4,1,1,362.868,0,0,1,362.868,0,0,1,23.043
S-EVAL (locked check),B4,static,AD001311,4,1,1,32.578,1,1,1,400.26,0,0,1,22.772
S-EVAL (locked check),B4,static,AD001315,4,1,1,37.847,1,1,1,566.994,0,0,0,19.984
S-EVAL (locked check),B4,static,AD001340,4,1,1,410.194,0,0,1,555.735,0,0,0,18.806
S-EVAL (locked check),B4,static,AD001382,3,1,1,73.826,1,1,1,104.305,0,1,1,9.176
S-EVAL (locked check),B4,static,AD001469,3,1,1,223.363,0,1,1,223.363,0,1,1,1.587
S-EVAL (locked check),B4,static,AD001478,3,1,1,489.964,0,0,1,489.964,0,0,1,8.119
S-EVAL (locked check),B4,static,AD001512,4,1,1,108.882,0,1,1,154.291,0,1,1,33.95
S-EVAL (locked check),B4,static,AD001519,3,1,1,253.014,0,0,1,253.014,0,0,1,302.02
S-EVAL (locked check),B4,static,AD001526,3,1,1,335.464,0,0,1,335.464,0,0,1,1.243
S-EVAL (locked check),B4,static,AD001533,3,1,1,21.883,1,1,1,21.883,1,1,1,19.324
S-EVAL (locked check),B4,static,AD001536,3,1,1,490.343,0,0,1,607.143,0,0,0,6.855
S-EVAL (locked check),B4,static,AD001574,3,1,1,141.963,0,1,1,141.963,0,1,1,1.435
S-EVAL (locked check),B4,static,AD001586,3,1,1,154.075,0,1,1,154.075,0,1,1,1.526
S-EVAL (locked check),B4,static,AD001695,3,1,1,348.263,0,0,1,672.816,0,0,0,1.158
S-EVAL (locked check),B4,static,AD001711,3,1,1,360.107,0,0,1,488.891,0,0,1,8.253
S-EVAL (locked check),B4,static,AD001734,4,1,1,390.158,0,0,1,390.158,0,0,1,5.159
S-EVAL (locked check),B4,static,AD001743,3,1,1,277.937,0,0,1,385.898,0,0,1,1.48
S-EVAL (locked check),B4,static,AD001784,4,1,1,166.41,0,1,1,286.667,0,0,1,19.327
S-EVAL (locked check),B4,static,AD001786,3,1,1,329.365,0,0,1,329.365,0,0,1,11.564
S-EVAL (locked check),B4,static,AD001791,3,1,1,72.134,1,1,1,155.1,0,1,1,10.724
S-EVAL (locked check),B4,static,AD001799,3,1,1,384.529,0,0,1,384.529,0,0,1,4.99
S-EVAL (locked check),B4,static,AD001802,3,1,1,108.424,0,1,1,108.424,0,1,1,1.235
S-EVAL (locked check),B4,static,AD001811,3,1,1,346.81,0,0,1,480.605,0,0,1,1.726
S-EVAL (locked check),B4,static,AD001832,3,1,1,40.912,1,1,1,40.912,1,1,1,5.166
S-EVAL (locked check),B4,static,AD001900,4,1,1,1823.441,0,0,0,1838.157,0,0,0,9.226
S-EVAL (locked check),B4,static,AD001909,5,1,1,2754.47,0,0,0,4807.683,0,0,0,8.903
S-EVAL (locked check),B4,static,AD001963,3,1,1,333.307,0,0,1,456.351,0,0,1,1.62
S-EVAL (locked check),B4,static,AD001971,3,1,1,226.709,0,1,1,376.982,0,0,1,1.67
S-EVAL (locked check),B4,static,AD001987,6,1,1,557.406,0,0,0,1204.205,0,0,0,12.614
S-EVAL (locked check),B4,static,AD001999,6,1,1,146.66,0,1,1,756.089,0,0,0,23.747
S-EVAL (locked check),B4,static,AD002068,3,1,1,349.139,0,0,1,349.139,0,0,1,118.076
S-EVAL (locked check),B4,static,AD002143,3,1,1,303.227,0,0,1,375.813,0,0,1,216.276
S-EVAL (locked check),B4,static,AD002159,3,1,1,412.408,0,0,1,412.408,0,0,1,19.922
S-EVAL (locked check),B4,static,AD002230,3,1,1,257.596,0,0,1,460.577,0,0,1,1.755
S-EVAL (locked check),B4,static,AD002260,3,1,1,411.456,0,0,1,627.984,0,0,0,4.717
S-EVAL (locked check),B4,static,AD002262,3,1,1,390.661,0,0,1,428.316,0,0,1,1.61
S-EVAL (locked check),B4,static,AD002279,3,1,1,83.701,1,1,1,83.701,1,1,1,244.109
S-EVAL (locked check),B4,static,AD002284,3,1,1,70.638,1,1,1,70.638,1,1,1,4.516
S-EVAL (locked check),B4,static,AD002295,7,1,1,369.272,0,0,1,697.306,0,0,0,14.973
S-EVAL (locked check),B4,static,AD002300,3,1,1,167.526,0,1,1,212.276,0,1,1,8.037
S-EVAL (locked check),B4,static,AD002410,4,1,1,430.175,0,0,1,621.2,0,0,0,23.896
S-EVAL (locked check),B4,static,AD002422,3,1,1,588.319,0,0,0,810.775,0,0,0,8.793
S-EVAL (locked check),B4,static,AD002440,6,1,1,515.238,0,0,0,735.09,0,0,0,1.634
S-EVAL (locked check),B4,static,AD002501,5,1,1,207.102,0,1,1,383.671,0,0,1,4.814
S-EVAL (locked check),B4,static,AD002536,3,1,1,124.776,0,1,1,124.776,0,1,1,21.517
S-EVAL (locked check),B4,static,AD002555,3,1,1,243.096,0,1,1,243.096,0,1,1,4.797
S-EVAL (locked check),B4,static,AD002660,3,1,1,367.295,0,0,1,367.295,0,0,1,9.178
S-EVAL (locked check),B4,static,AD002693,3,1,1,428.013,0,0,1,624.844,0,0,0,9.252
S-EVAL (locked check),B4,static,AD002707,6,1,1,346.872,0,0,1,1094.83,0,0,0,221.411
S-EVAL (locked check),B4,static,AD002721,3,1,1,607.287,0,0,0,626.919,0,0,0,9.822
S-EVAL (locked check),B4,static,AD002739,3,1,1,360.922,0,0,1,451.511,0,0,1,11.905
S-EVAL (locked check),B4,static,AD002740,3,1,1,495.478,0,0,1,653.478,0,0,0,8.011
S-EVAL (locked check),B4,static,AD002826,3,1,1,159.267,0,1,1,159.267,0,1,1,18.281
S-EVAL (locked check),B4,static,AD002854,3,1,1,126.42,0,1,1,126.42,0,1,1,8.935
S-EVAL (locked check),B4,static,AD002868,3,1,1,466.563,0,0,1,553.056,0,0,0,9.816
S-EVAL (locked check),B4,static,AD002889,3,1,1,455.485,0,0,1,455.485,0,0,1,225.005
S-EVAL (locked check),B4,static,AD002920,3,1,1,419.09,0,0,1,517.001,0,0,0,1.373
S-EVAL (locked check),B4,static,AD002994,3,1,1,538.661,0,0,0,538.661,0,0,0,19.047
S-EVAL (locked check),B4,static,AD003034,3,1,1,465.4,0,0,1,504.487,0,0,0,23.398
S-EVAL (locked check),B4,static,AD003071,4,1,1,125.463,0,1,1,125.463,0,1,1,72.232
S-EVAL (locked check),B4,static,AD003078,4,1,1,89.133,1,1,1,206.668,0,1,1,17.11
S-EVAL (locked check),B4,static,AD003096,3,1,1,293.589,0,0,1,338.162,0,0,1,7.697
S-EVAL (locked check),B4,static,AD003113,3,1,1,145.396,0,1,1,145.396,0,1,1,21.474
S-EVAL (locked check),B4,all,AD000071,3,1,1,162.095,0,1,1,162.095,0,1,1,9.864
S-EVAL (locked check),B4,all,AD000141,6,1,1,399.072,0,0,1,2201.719,0,0,0,1.46
S-EVAL (locked check),B4,all,AD000170,4,1,1,12.433,1,1,1,12.433,1,1,1,1.705
S-EVAL (locked check),B4,all,AD000217,4,1,1,249.87,0,1,1,341.593,0,0,1,19.257
S-EVAL (locked check),B4,all,AD000224,3,1,1,24.584,1,1,1,24.584,1,1,1,21.12
S-EVAL (locked check),B4,all,AD000236,4,1,1,21.562,1,1,1,21.562,1,1,1,1.263
S-EVAL (locked check),B4,all,AD000251,3,1,1,190.022,0,1,1,323.992,0,0,1,1.375
S-EVAL (locked check),B4,all,AD000267,4,1,1,6.36,1,1,1,6.36,1,1,1,1.179
S-EVAL (locked check),B4,all,AD000291,3,1,1,309.23,0,0,1,322.25,0,0,1,4.497
S-EVAL (locked check),B4,all,AD000322,4,1,1,170.892,0,1,1,388.929,0,0,1,1.26
S-EVAL (locked check),B4,all,AD000328,3,1,1,204.592,0,1,1,204.592,0,1,1,1.34
S-EVAL (locked check),B4,all,AD000525,4,1,1,151.993,0,1,1,193.626,0,1,1,22.182
S-EVAL (locked check),B4,all,AD000527,3,1,1,141.893,0,1,1,217.199,0,1,1,6.248
S-EVAL (locked check),B4,all,AD000561,7,1,1,973.681,0,0,0,2810.802,0,0,0,4.861
S-EVAL (locked check),B4,all,AD000572,3,1,1,297.842,0,0,1,428.611,0,0,1,8.319
S-EVAL (locked check),B4,all,AD000574,3,1,1,116.072,0,1,1,116.072,0,1,1,1.193
S-EVAL (locked check),B4,all,AD000605,3,1,1,228.1,0,1,1,300.937,0,0,1,10.752
S-EVAL (locked check),B4,all,AD000627,3,1,1,414.099,0,0,1,510.946,0,0,0,1.382
S-EVAL (locked check),B4,all,AD000656,3,1,1,171.527,0,1,1,202.206,0,1,1,7.25
S-EVAL (locked check),B4,all,AD000681,3,1,1,25.64,1,1,1,25.64,1,1,1,7.969
S-EVAL (locked check),B4,all,AD000683,3,1,1,268.445,0,0,1,440.073,0,0,1,7.545
S-EVAL (locked check),B4,all,AD000774,7,1,1,13.3,1,1,1,15.521,1,1,1,1.582
S-EVAL (locked check),B4,all,AD000800,3,1,1,251.8,0,0,1,490.421,0,0,1,6.63
S-EVAL (locked check),B4,all,AD000804,3,1,1,55.415,1,1,1,55.415,1,1,1,8.439
S-EVAL (locked check),B4,all,AD000815,8,1,1,9.986,1,1,1,15.815,1,1,1,1.586
S-EVAL (locked check),B4,all,AD000830,4,1,1,7.001,1,1,1,7.001,1,1,1,4.715
S-EVAL (locked check),B4,all,AD000831,4,1,1,39.997,1,1,1,39.997,1,1,1,20.193
S-EVAL (locked check),B4,all,AD000875,3,1,1,410.541,0,0,1,410.541,0,0,1,8.074
S-EVAL (locked check),B4,all,AD000962,4,1,1,17.143,1,1,1,17.143,1,1,1,1.386
S-EVAL (locked check),B4,all,AD001009,6,1,1,254.071,0,0,1,1547.441,0,0,0,224.211
S-EVAL (locked check),B4,all,AD001012,3,1,1,108.759,0,1,1,108.759,0,1,1,1.425
S-EVAL (locked check),B4,all,AD001078,7,1,1,8.44,1,1,1,13.793,1,1,1,5.101
S-EVAL (locked check),B4,all,AD001128,8,1,1,9.851,1,1,1,12.629,1,1,1,6.23
S-EVAL (locked check),B4,all,AD001129,3,1,1,60.388,1,1,1,60.388,1,1,1,9.53
S-EVAL (locked check),B4,all,AD001146,2,1,1,3710.345,0,0,0,3710.345,0,0,0,245.798
S-EVAL (locked check),B4,all,AD001164,3,1,1,244.579,0,1,1,279.712,0,0,1,229.118
S-EVAL (locked check),B4,all,AD001249,4,1,1,362.868,0,0,1,362.868,0,0,1,23.043
S-EVAL (locked check),B4,all,AD001311,4,1,1,32.578,1,1,1,400.26,0,0,1,22.772
S-EVAL (locked check),B4,all,AD001315,4,1,1,37.847,1,1,1,566.994,0,0,0,19.984
S-EVAL (locked check),B4,all,AD001340,4,1,1,410.194,0,0,1,555.735,0,0,0,18.806
S-EVAL (locked check),B4,all,AD001382,3,1,1,73.826,1,1,1,104.305,0,1,1,9.176
S-EVAL (locked check),B4,all,AD001469,5,1,1,4.011,1,1,1,4.011,1,1,1,1.587
S-EVAL (locked check),B4,all,AD001478,3,1,1,489.964,0,0,1,489.964,0,0,1,8.119
S-EVAL (locked check),B4,all,AD001512,4,1,1,108.882,0,1,1,154.291,0,1,1,33.95
S-EVAL (locked check),B4,all,AD001519,3,1,1,253.014,0,0,1,253.014,0,0,1,302.02
S-EVAL (locked check),B4,all,AD001526,4,1,1,2.766,1,1,1,2.766,1,1,1,1.243
S-EVAL (locked check),B4,all,AD001533,3,1,1,21.883,1,1,1,21.883,1,1,1,19.324
S-EVAL (locked check),B4,all,AD001536,3,1,1,490.343,0,0,1,607.143,0,0,0,6.855
S-EVAL (locked check),B4,all,AD001574,3,1,1,141.963,0,1,1,141.963,0,1,1,1.435
S-EVAL (locked check),B4,all,AD001586,5,1,1,39.526,1,1,1,39.526,1,1,1,1.526
S-EVAL (locked check),B4,all,AD001695,3,1,1,348.263,0,0,1,672.816,0,0,0,1.158
S-EVAL (locked check),B4,all,AD001711,3,1,1,360.107,0,0,1,488.891,0,0,1,8.253
S-EVAL (locked check),B4,all,AD001734,5,1,1,11.254,1,1,1,11.254,1,1,1,5.159
S-EVAL (locked check),B4,all,AD001743,4,1,1,7.417,1,1,1,7.417,1,1,1,1.48
S-EVAL (locked check),B4,all,AD001784,4,1,1,166.41,0,1,1,286.667,0,0,1,19.327
S-EVAL (locked check),B4,all,AD001786,3,1,1,329.365,0,0,1,329.365,0,0,1,11.564
S-EVAL (locked check),B4,all,AD001791,3,1,1,72.134,1,1,1,155.1,0,1,1,10.724
S-EVAL (locked check),B4,all,AD001799,4,1,1,10.42,1,1,1,10.42,1,1,1,4.99
S-EVAL (locked check),B4,all,AD001802,3,1,1,108.424,0,1,1,108.424,0,1,1,1.235
S-EVAL (locked check),B4,all,AD001811,8,1,1,7.517,1,1,1,12.446,1,1,1,1.726
S-EVAL (locked check),B4,all,AD001832,6,1,1,40.912,1,1,1,107.895,0,1,1,5.166
S-EVAL (locked check),B4,all,AD001900,4,1,1,1823.441,0,0,0,1838.157,0,0,0,9.226
S-EVAL (locked check),B4,all,AD001909,5,1,1,2754.47,0,0,0,4807.683,0,0,0,8.903
S-EVAL (locked check),B4,all,AD001963,8,1,1,3.956,1,1,1,4.522,1,1,1,1.62
S-EVAL (locked check),B4,all,AD001971,7,1,1,4.952,1,1,1,4.952,1,1,1,1.67
S-EVAL (locked check),B4,all,AD001987,6,1,1,557.406,0,0,0,1204.205,0,0,0,12.614
S-EVAL (locked check),B4,all,AD001999,6,1,1,146.66,0,1,1,756.089,0,0,0,23.747
S-EVAL (locked check),B4,all,AD002068,8,1,1,6.675,1,1,1,6.675,1,1,1,118.076
S-EVAL (locked check),B4,all,AD002143,8,1,1,12.753,1,1,1,13.669,1,1,1,216.276
S-EVAL (locked check),B4,all,AD002159,3,1,1,412.408,0,0,1,412.408,0,0,1,19.922
S-EVAL (locked check),B4,all,AD002230,4,1,1,12.841,1,1,1,12.841,1,1,1,1.755
S-EVAL (locked check),B4,all,AD002260,3,1,1,411.456,0,0,1,627.984,0,0,0,4.717
S-EVAL (locked check),B4,all,AD002262,7,1,1,8.981,1,1,1,10.794,1,1,1,1.61
S-EVAL (locked check),B4,all,AD002279,3,1,1,83.701,1,1,1,83.701,1,1,1,244.109
S-EVAL (locked check),B4,all,AD002284,4,1,1,12.238,1,1,1,12.238,1,1,1,4.516
S-EVAL (locked check),B4,all,AD002295,7,1,1,369.272,0,0,1,697.306,0,0,0,14.973
S-EVAL (locked check),B4,all,AD002300,3,1,1,167.526,0,1,1,212.276,0,1,1,8.037
S-EVAL (locked check),B4,all,AD002410,4,1,1,430.175,0,0,1,621.2,0,0,0,23.896
S-EVAL (locked check),B4,all,AD002422,3,1,1,588.319,0,0,0,810.775,0,0,0,8.793
S-EVAL (locked check),B4,all,AD002440,11,1,1,2.371,1,1,1,3.517,1,1,1,1.634
S-EVAL (locked check),B4,all,AD002501,6,1,1,16.42,1,1,1,16.42,1,1,1,4.814
S-EVAL (locked check),B4,all,AD002536,3,1,1,124.776,0,1,1,124.776,0,1,1,21.517
S-EVAL (locked check),B4,all,AD002555,4,1,1,5.492,1,1,1,5.492,1,1,1,4.797
S-EVAL (locked check),B4,all,AD002660,3,1,1,367.295,0,0,1,367.295,0,0,1,9.178
S-EVAL (locked check),B4,all,AD002693,3,1,1,428.013,0,0,1,624.844,0,0,0,9.252
S-EVAL (locked check),B4,all,AD002707,8,1,1,3.314,1,1,1,36.152,1,1,1,221.411
S-EVAL (locked check),B4,all,AD002721,3,1,1,607.287,0,0,0,626.919,0,0,0,9.822
S-EVAL (locked check),B4,all,AD002739,3,1,1,360.922,0,0,1,451.511,0,0,1,11.905
S-EVAL (locked check),B4,all,AD002740,3,1,1,495.478,0,0,1,653.478,0,0,0,8.011
S-EVAL (locked check),B4,all,AD002826,3,1,1,159.267,0,1,1,159.267,0,1,1,18.281
S-EVAL (locked check),B4,all,AD002854,3,1,1,126.42,0,1,1,126.42,0,1,1,8.935
S-EVAL (locked check),B4,all,AD002868,3,1,1,466.563,0,0,1,553.056,0,0,0,9.816
S-EVAL (locked check),B4,all,AD002889,4,1,1,455.485,0,0,1,7874.519,0,0,0,225.005
S-EVAL (locked check),B4,all,AD002920,5,1,1,7.28,1,1,1,7.28,1,1,1,1.373
S-EVAL (locked check),B4,all,AD002994,3,1,1,538.661,0,0,0,538.661,0,0,0,19.047
S-EVAL (locked check),B4,all,AD003034,3,1,1,465.4,0,0,1,504.487,0,0,0,23.398
S-EVAL (locked check),B4,all,AD003071,4,1,1,125.463,0,1,1,125.463,0,1,1,72.232
S-EVAL (locked check),B4,all,AD003078,4,1,1,89.133,1,1,1,206.668,0,1,1,17.11
S-EVAL (locked check),B4,all,AD003096,3,1,1,293.589,0,0,1,338.162,0,0,1,7.697
S-EVAL (locked check),B4,all,AD003113,3,1,1,145.396,0,1,1,145.396,0,1,1,21.474
