population,lane,model,address_id,top1_err_m,top1_hit_100m,top1_hit_250m,top1_hit_500m,ndcg5,n_candidates_in_lane,latency_ms
S-TRAIN (fit),static,RULE,AD000001,108.593,0,1,1,0.834,3,0.0954
S-TRAIN (fit),static,RULE,AD000012,121.264,0,1,1,1.0,3,0.044
S-TRAIN (fit),static,RULE,AD000023,381.158,0,0,1,1.0,3,0.0476
S-TRAIN (fit),static,RULE,AD000027,319.555,0,0,1,0.7967,3,0.0367
S-TRAIN (fit),static,RULE,AD000047,560.169,0,0,0,0.6309,3,0.0338
S-TRAIN (fit),static,RULE,AD000049,348.54,0,0,1,1.0,3,0.0334
S-TRAIN (fit),static,RULE,AD000062,171.811,0,1,1,0.834,3,0.0346
S-TRAIN (fit),static,RULE,AD000068,187.628,0,1,1,1.0,3,0.033
S-TRAIN (fit),static,RULE,AD000069,764.138,0,0,0,,3,0.032
S-TRAIN (fit),static,RULE,AD000088,56.43,1,1,1,1.0,3,0.0306
S-TRAIN (fit),static,RULE,AD000094,75.701,1,1,1,0.9839,5,0.0573
S-TRAIN (fit),static,RULE,AD000096,355.067,0,0,1,1.0,3,0.0356
S-TRAIN (fit),static,RULE,AD000105,586.055,0,0,0,0.6309,3,0.0331
S-TRAIN (fit),static,RULE,AD000114,74.165,1,1,1,1.0,3,0.0279
S-TRAIN (fit),static,RULE,AD000129,630.789,0,0,0,,4,0.0725
S-TRAIN (fit),static,RULE,AD000138,156.387,0,1,1,0.834,3,0.0334
S-TRAIN (fit),static,RULE,AD000142,145.525,0,1,1,1.0,3,0.0273
S-TRAIN (fit),static,RULE,AD000155,44.643,1,1,1,1.0,3,0.0273
S-TRAIN (fit),static,RULE,AD000172,304.109,0,0,1,1.0,3,0.0281
S-TRAIN (fit),static,RULE,AD000176,343.193,0,0,1,1.0,3,0.0314
S-TRAIN (fit),static,RULE,AD000198,399.858,0,0,1,0.7967,3,0.0274
S-TRAIN (fit),static,RULE,AD000204,131.042,0,1,1,1.0,3,0.0291
S-TRAIN (fit),static,RULE,AD000223,297.433,0,0,1,1.0,3,0.0305
S-TRAIN (fit),static,RULE,AD000253,166.756,0,1,1,1.0,3,0.0309
S-TRAIN (fit),static,RULE,AD000260,244.712,0,1,1,1.0,3,0.035
S-TRAIN (fit),static,RULE,AD000309,254.285,0,0,1,1.0,3,0.0296
S-TRAIN (fit),static,RULE,AD000316,57.073,1,1,1,1.0,3,0.0275
S-TRAIN (fit),static,RULE,AD000323,79.699,1,1,1,1.0,3,0.027
S-TRAIN (fit),static,RULE,AD000337,30.585,1,1,1,1.0,3,0.0287
S-TRAIN (fit),static,RULE,AD000338,338.916,0,0,1,1.0,3,0.0306
S-TRAIN (fit),static,RULE,AD000354,138.668,0,1,1,1.0,3,0.0294
S-TRAIN (fit),static,RULE,AD000360,364.144,0,0,1,1.0,3,0.03
S-TRAIN (fit),static,RULE,AD000369,121.08,0,1,1,1.0,3,0.0303
S-TRAIN (fit),static,RULE,AD000387,302.318,0,0,1,1.0,3,0.0298
S-TRAIN (fit),static,RULE,AD000397,263.528,0,0,1,0.7098,3,0.0277
S-TRAIN (fit),static,RULE,AD000412,226.165,0,1,1,1.0,3,0.0282
S-TRAIN (fit),static,RULE,AD000424,146.899,0,1,1,1.0,3,0.0296
S-TRAIN (fit),static,RULE,AD000430,170.972,0,1,1,1.0,3,0.03
S-TRAIN (fit),static,RULE,AD000433,2045.598,0,0,0,,4,0.0476
S-TRAIN (fit),static,RULE,AD000451,384.221,0,0,1,1.0,3,0.0418
S-TRAIN (fit),static,RULE,AD000475,387.754,0,0,1,0.7967,3,0.0274
S-TRAIN (fit),static,RULE,AD000524,149.958,0,1,1,1.0,3,0.0295
S-TRAIN (fit),static,RULE,AD000526,852.128,0,0,0,,3,0.0312
S-TRAIN (fit),static,RULE,AD000541,274.462,0,0,1,1.0,3,0.0279
S-TRAIN (fit),static,RULE,AD000560,412.681,0,0,1,1.0,3,0.0307
S-TRAIN (fit),static,RULE,AD000589,337.894,0,0,1,1.0,3,0.03
S-TRAIN (fit),static,RULE,AD000602,319.707,0,0,1,1.0,3,0.0296
S-TRAIN (fit),static,RULE,AD000608,297.686,0,0,1,1.0,4,0.0354
S-TRAIN (fit),static,RULE,AD000613,331.051,0,0,1,1.0,4,0.0372
S-TRAIN (fit),static,RULE,AD000630,219.042,0,1,1,1.0,3,0.0288
S-TRAIN (fit),static,RULE,AD000631,278.238,0,0,1,1.0,4,0.0434
S-TRAIN (fit),static,RULE,AD000634,670.439,0,0,0,,3,0.0311
S-TRAIN (fit),static,RULE,AD000639,126.421,0,1,1,0.834,3,0.0264
S-TRAIN (fit),static,RULE,AD000652,166.513,0,1,1,1.0,3,0.0269
S-TRAIN (fit),static,RULE,AD000658,535.327,0,0,0,0.6309,3,0.0271
S-TRAIN (fit),static,RULE,AD000667,620.642,0,0,0,0.6309,3,0.0273
S-TRAIN (fit),static,RULE,AD000668,110.386,0,1,1,1.0,3,0.0297
S-TRAIN (fit),static,RULE,AD000710,464.85,0,0,1,1.0,3,0.0281
S-TRAIN (fit),static,RULE,AD000722,360.067,0,0,1,1.0,3,0.0301
S-TRAIN (fit),static,RULE,AD000733,245.596,0,1,1,1.0,3,0.0303
S-TRAIN (fit),static,RULE,AD000741,122.761,0,1,1,1.0,3,0.0255
S-TRAIN (fit),static,RULE,AD000753,374.894,0,0,1,1.0,3,0.029
S-TRAIN (fit),static,RULE,AD000756,221.641,0,1,1,1.0,3,0.0552
S-TRAIN (fit),static,RULE,AD000779,1270.469,0,0,0,,3,0.0336
S-TRAIN (fit),static,RULE,AD000785,1029.123,0,0,0,0.3869,6,0.0457
S-TRAIN (fit),static,RULE,AD000787,16.819,1,1,1,1.0,3,0.0293
S-TRAIN (fit),static,RULE,AD000808,401.552,0,0,1,0.7579,4,0.0395
S-TRAIN (fit),static,RULE,AD000809,496.101,0,0,1,1.0,3,0.03
S-TRAIN (fit),static,RULE,AD000817,233.947,0,1,1,1.0,3,0.0308
S-TRAIN (fit),static,RULE,AD000825,55.1,1,1,1,1.0,3,0.0271
S-TRAIN (fit),static,RULE,AD000836,396.888,0,0,1,1.0,4,0.039
S-TRAIN (fit),static,RULE,AD000850,316.332,0,0,1,0.7967,3,0.0309
S-TRAIN (fit),static,RULE,AD000854,608.084,0,0,0,0.6309,3,0.0276
S-TRAIN (fit),static,RULE,AD000869,229.127,0,1,1,0.7592,4,0.0374
S-TRAIN (fit),static,RULE,AD000904,265.391,0,0,1,1.0,3,0.0284
S-TRAIN (fit),static,RULE,AD000924,343.702,0,0,1,1.0,6,0.0557
S-TRAIN (fit),static,RULE,AD000936,364.652,0,0,1,1.0,3,0.0277
S-TRAIN (fit),static,RULE,AD000950,430.427,0,0,1,1.0,3,0.0303
S-TRAIN (fit),static,RULE,AD001031,142.05,0,1,1,1.0,3,0.0264
S-TRAIN (fit),static,RULE,AD001035,614.284,0,0,0,,3,0.0267
S-TRAIN (fit),static,RULE,AD001040,110.505,0,1,1,1.0,3,0.0261
S-TRAIN (fit),static,RULE,AD001042,27.237,1,1,1,1.0,3,0.0259
S-TRAIN (fit),static,RULE,AD001045,260.787,0,0,1,1.0,3,0.0263
S-TRAIN (fit),static,RULE,AD001080,190.432,0,1,1,1.0,7,0.0623
S-TRAIN (fit),static,RULE,AD001105,459.324,0,0,1,1.0,3,0.0307
S-TRAIN (fit),static,RULE,AD001116,28.827,1,1,1,1.0,4,0.039
S-TRAIN (fit),static,RULE,AD001121,115.333,0,1,1,1.0,4,0.0375
S-TRAIN (fit),static,RULE,AD001127,229.544,0,1,1,1.0,3,0.0272
S-TRAIN (fit),static,RULE,AD001130,118.209,0,1,1,1.0,3,0.0267
S-TRAIN (fit),static,RULE,AD001145,47.432,1,1,1,1.0,3,0.0265
S-TRAIN (fit),static,RULE,AD001156,140.057,0,1,1,0.879,6,0.0546
S-TRAIN (fit),static,RULE,AD001170,165.887,0,1,1,1.0,3,0.0287
S-TRAIN (fit),static,RULE,AD001232,139.564,0,1,1,1.0,3,0.0275
S-TRAIN (fit),static,RULE,AD001236,460.182,0,0,1,1.0,3,0.0297
S-TRAIN (fit),static,RULE,AD001254,177.545,0,1,1,1.0,4,0.036
S-TRAIN (fit),static,RULE,AD001268,452.607,0,0,1,1.0,3,0.0294
S-TRAIN (fit),static,RULE,AD001272,437.513,0,0,1,1.0,3,0.0295
S-TRAIN (fit),static,RULE,AD001294,1623.747,0,0,0,0.5,8,0.0575
S-TRAIN (fit),static,RULE,AD001324,17.056,1,1,1,1.0,3,0.0576
S-TRAIN (fit),static,RULE,AD001339,356.319,0,0,1,1.0,4,0.0399
S-TRAIN (fit),static,RULE,AD001357,271.159,0,0,1,0.7967,3,0.0315
S-TRAIN (fit),static,RULE,AD001380,169.53,0,1,1,1.0,3,0.0274
S-TRAIN (fit),static,RULE,AD001408,494.721,0,0,1,0.7967,3,0.026
S-TRAIN (fit),static,RULE,AD001416,60.559,1,1,1,1.0,3,0.0255
S-TRAIN (fit),static,RULE,AD001422,362.907,0,0,1,1.0,3,0.0299
S-TRAIN (fit),static,RULE,AD001462,429.362,0,0,1,1.0,4,0.0395
S-TRAIN (fit),static,RULE,AD001465,473.339,0,0,1,1.0,3,0.0305
S-TRAIN (fit),static,RULE,AD001479,669.168,0,0,0,,3,0.028
S-TRAIN (fit),static,RULE,AD001495,472.797,0,0,1,0.8772,7,0.0674
S-TRAIN (fit),static,RULE,AD001499,92.125,1,1,1,1.0,3,0.0289
S-TRAIN (fit),static,RULE,AD001505,99.561,1,1,1,1.0,3,0.0302
S-TRAIN (fit),static,RULE,AD001521,419.052,0,0,1,1.0,3,0.0286
S-TRAIN (fit),static,RULE,AD001523,354.348,0,0,1,1.0,3,0.0298
S-TRAIN (fit),static,RULE,AD001539,154.721,0,1,1,1.0,3,0.0265
S-TRAIN (fit),static,RULE,AD001540,170.946,0,1,1,1.0,3,0.03
S-TRAIN (fit),static,RULE,AD001551,779.139,0,0,0,,3,0.0281
S-TRAIN (fit),static,RULE,AD001554,142.904,0,1,1,1.0,3,0.0296
S-TRAIN (fit),static,RULE,AD001555,323.581,0,0,1,0.7967,3,0.0272
S-TRAIN (fit),static,RULE,AD001578,117.904,0,1,1,1.0,3,0.0292
S-TRAIN (fit),static,RULE,AD001581,121.891,0,1,1,1.0,3,0.0266
S-TRAIN (fit),static,RULE,AD001587,424.637,0,0,1,1.0,3,0.0301
S-TRAIN (fit),static,RULE,AD001619,104.472,0,1,1,1.0,3,0.027
S-TRAIN (fit),static,RULE,AD001638,319.686,0,0,1,1.0,3,0.0583
S-TRAIN (fit),static,RULE,AD001647,152.158,0,1,1,1.0,3,0.0327
S-TRAIN (fit),static,RULE,AD001689,115.462,0,1,1,1.0,3,0.0257
S-TRAIN (fit),static,RULE,AD001697,148.802,0,1,1,1.0,3,0.0276
S-TRAIN (fit),static,RULE,AD001700,23.483,1,1,1,1.0,3,0.0276
S-TRAIN (fit),static,RULE,AD001713,2.163,1,1,1,1.0,3,0.0313
S-TRAIN (fit),static,RULE,AD001722,1332.773,0,0,0,0.5,4,0.0319
S-TRAIN (fit),static,RULE,AD001731,85.387,1,1,1,1.0,3,0.0275
S-TRAIN (fit),static,RULE,AD001738,262.395,0,0,1,1.0,3,0.0282
S-TRAIN (fit),static,RULE,AD001741,159.227,0,1,1,1.0,3,0.0304
S-TRAIN (fit),static,RULE,AD001742,320.581,0,0,1,1.0,3,0.0303
S-TRAIN (fit),static,RULE,AD001760,376.147,0,0,1,1.0,3,0.0277
S-TRAIN (fit),static,RULE,AD001767,188.518,0,1,1,1.0,3,0.0309
S-TRAIN (fit),static,RULE,AD001779,139.212,0,1,1,1.0,3,0.029
S-TRAIN (fit),static,RULE,AD001788,364.04,0,0,1,0.7579,4,0.0378
S-TRAIN (fit),static,RULE,AD001792,68.019,1,1,1,0.9173,7,0.0581
S-TRAIN (fit),static,RULE,AD001794,304.36,0,0,1,1.0,3,0.0309
S-TRAIN (fit),static,RULE,AD001812,428.837,0,0,1,0.7579,4,0.0387
S-TRAIN (fit),static,RULE,AD001815,365.02,0,0,1,1.0,3,0.0311
S-TRAIN (fit),static,RULE,AD001879,258.424,0,0,1,1.0,3,0.0294
S-TRAIN (fit),static,RULE,AD001891,441.467,0,0,1,1.0,4,0.039
S-TRAIN (fit),static,RULE,AD001923,181.824,0,1,1,1.0,3,0.0298
S-TRAIN (fit),static,RULE,AD001937,40.553,1,1,1,1.0,3,0.0274
S-TRAIN (fit),static,RULE,AD001954,497.427,0,0,1,1.0,3,0.0298
S-TRAIN (fit),static,RULE,AD001972,64.154,1,1,1,1.0,3,0.0471
S-TRAIN (fit),static,RULE,AD001973,1495.194,0,0,0,0.3869,6,0.0554
S-TRAIN (fit),static,RULE,AD001995,148.268,0,1,1,1.0,3,0.029
S-TRAIN (fit),static,RULE,AD002027,258.132,0,0,1,0.7967,3,0.0321
S-TRAIN (fit),static,RULE,AD002045,176.434,0,1,1,1.0,3,0.0284
S-TRAIN (fit),static,RULE,AD002057,1224.483,0,0,0,,2,0.0196
S-TRAIN (fit),static,RULE,AD002060,163.64,0,1,1,1.0,3,0.0265
S-TRAIN (fit),static,RULE,AD002061,148.318,0,1,1,1.0,3,0.0296
S-TRAIN (fit),static,RULE,AD002069,148.362,0,1,1,1.0,4,0.0431
S-TRAIN (fit),static,RULE,AD002070,1838.564,0,0,0,,3,0.0284
S-TRAIN (fit),static,RULE,AD002074,45.414,1,1,1,1.0,3,0.0261
S-TRAIN (fit),static,RULE,AD002089,274.665,0,0,1,0.7579,3,0.0297
S-TRAIN (fit),static,RULE,AD002112,73.237,1,1,1,1.0,4,0.0369
S-TRAIN (fit),static,RULE,AD002123,259.821,0,0,1,0.8213,3,0.0312
S-TRAIN (fit),static,RULE,AD002131,213.082,0,1,1,1.0,3,0.0273
S-TRAIN (fit),static,RULE,AD002134,95.892,1,1,1,1.0,3,0.0306
S-TRAIN (fit),static,RULE,AD002138,186.074,0,1,1,0.9514,4,0.0388
S-TRAIN (fit),static,RULE,AD002154,318.425,0,0,1,1.0,3,0.0301
S-TRAIN (fit),static,RULE,AD002176,440.986,0,0,1,1.0,3,0.027
S-TRAIN (fit),static,RULE,AD002181,36.676,1,1,1,1.0,3,0.0274
S-TRAIN (fit),static,RULE,AD002197,50.408,1,1,1,0.9733,4,0.0345
S-TRAIN (fit),static,RULE,AD002245,100.242,0,1,1,1.0,3,0.0289
S-TRAIN (fit),static,RULE,AD002251,488.531,0,0,1,1.0,3,0.03
S-TRAIN (fit),static,RULE,AD002253,376.755,0,0,1,1.0,3,0.0298
S-TRAIN (fit),static,RULE,AD002299,360.794,0,0,1,1.0,3,0.0344
S-TRAIN (fit),static,RULE,AD002332,1527.992,0,0,0,0.5,6,0.0477
S-TRAIN (fit),static,RULE,AD002333,627.699,0,0,0,0.6309,7,0.065
S-TRAIN (fit),static,RULE,AD002362,45.404,1,1,1,1.0,3,0.0283
S-TRAIN (fit),static,RULE,AD002415,2668.133,0,0,0,0.3869,5,0.0447
S-TRAIN (fit),static,RULE,AD002416,1613.944,0,0,0,,3,0.027
S-TRAIN (fit),static,RULE,AD002424,42.104,1,1,1,1.0,3,0.0276
S-TRAIN (fit),static,RULE,AD002458,371.058,0,0,1,0.631,5,0.0474
S-TRAIN (fit),static,RULE,AD002466,288.353,0,0,1,1.0,3,0.0311
S-TRAIN (fit),static,RULE,AD002485,1488.776,0,0,0,0.2641,8,0.0651
S-TRAIN (fit),static,RULE,AD002490,419.0,0,0,1,1.0,3,0.0281
S-TRAIN (fit),static,RULE,AD002499,187.103,0,1,1,1.0,3,0.0274
S-TRAIN (fit),static,RULE,AD002504,185.528,0,1,1,1.0,3,0.0302
S-TRAIN (fit),static,RULE,AD002509,135.661,0,1,1,1.0,3,0.0301
S-TRAIN (fit),static,RULE,AD002535,373.48,0,0,1,1.0,5,0.0469
S-TRAIN (fit),static,RULE,AD002566,184.765,0,1,1,1.0,4,0.0411
S-TRAIN (fit),static,RULE,AD002579,289.137,0,0,1,1.0,3,0.0291
S-TRAIN (fit),static,RULE,AD002583,309.94,0,0,1,1.0,3,0.0295
S-TRAIN (fit),static,RULE,AD002606,85.555,1,1,1,1.0,3,0.0274
S-TRAIN (fit),static,RULE,AD002633,106.349,0,1,1,1.0,3,0.0266
S-TRAIN (fit),static,RULE,AD002637,118.022,0,1,1,0.834,5,0.0441
S-TRAIN (fit),static,RULE,AD002661,316.701,0,0,1,0.9197,6,0.0806
S-TRAIN (fit),static,RULE,AD002663,1280.649,0,0,0,,3,0.0315
S-TRAIN (fit),static,RULE,AD002673,229.151,0,1,1,1.0,3,0.0317
S-TRAIN (fit),static,RULE,AD002691,1631.933,0,0,0,0.4307,6,0.0445
S-TRAIN (fit),static,RULE,AD002696,624.376,0,0,0,,4,0.0355
S-TRAIN (fit),static,RULE,AD002711,794.753,0,0,0,,3,0.0298
S-TRAIN (fit),static,RULE,AD002728,585.363,0,0,0,0.5296,5,0.044
S-TRAIN (fit),static,RULE,AD002737,188.476,0,1,1,1.0,4,0.0396
S-TRAIN (fit),static,RULE,AD002763,167.829,0,1,1,1.0,3,0.0296
S-TRAIN (fit),static,RULE,AD002764,19.454,1,1,1,1.0,3,0.026
S-TRAIN (fit),static,RULE,AD002796,2968.077,0,0,0,,2,0.0183
S-TRAIN (fit),static,RULE,AD002802,251.194,0,0,1,1.0,3,0.0344
S-TRAIN (fit),static,RULE,AD002809,197.466,0,1,1,1.0,3,0.0261
S-TRAIN (fit),static,RULE,AD002819,1095.517,0,0,0,0.6309,5,0.0378
S-TRAIN (fit),static,RULE,AD002821,212.317,0,1,1,1.0,4,0.0406
S-TRAIN (fit),static,RULE,AD002849,468.026,0,0,1,1.0,3,0.0281
S-TRAIN (fit),static,RULE,AD002858,520.022,0,0,0,,3,0.0301
S-TRAIN (fit),static,RULE,AD002870,265.251,0,0,1,0.7967,3,0.0303
S-TRAIN (fit),static,RULE,AD002880,240.254,0,1,1,1.0,3,0.0303
S-TRAIN (fit),static,RULE,AD002882,1632.287,0,0,0,0.5,6,0.0445
S-TRAIN (fit),static,RULE,AD002911,216.162,0,1,1,1.0,3,0.0269
S-TRAIN (fit),static,RULE,AD002962,476.419,0,0,1,1.0,3,0.0279
S-TRAIN (fit),static,RULE,AD002966,542.382,0,0,0,,3,0.0272
S-TRAIN (fit),static,RULE,AD002996,183.498,0,1,1,1.0,3,0.0541
S-TRAIN (fit),static,RULE,AD003014,106.823,0,1,1,1.0,5,0.0523
S-TRAIN (fit),static,RULE,AD003041,99.139,1,1,1,1.0,4,0.0368
S-TRAIN (fit),static,RULE,AD003050,203.889,0,1,1,1.0,3,0.0325
S-TRAIN (fit),static,RULE,AD003060,215.219,0,1,1,1.0,3,0.0284
S-TRAIN (fit),static,RULE,AD003067,301.886,0,0,1,1.0,3,0.0303
S-TRAIN (fit),static,RULE,AD003074,818.656,0,0,0,0.3869,6,0.0521
S-TRAIN (fit),static,RULE,AD003077,318.999,0,0,1,1.0,3,0.0306
S-TRAIN (fit),static,RULE,AD003085,16.682,1,1,1,1.0,3,0.0275
S-TRAIN (fit),static,PIN_ONLY,AD000001,108.593,0,1,1,0.834,3,0.0064
S-TRAIN (fit),static,PIN_ONLY,AD000012,121.264,0,1,1,1.0,3,0.0049
S-TRAIN (fit),static,PIN_ONLY,AD000023,381.158,0,0,1,1.0,3,0.0044
S-TRAIN (fit),static,PIN_ONLY,AD000027,319.555,0,0,1,0.7967,3,0.0046
S-TRAIN (fit),static,PIN_ONLY,AD000047,560.169,0,0,0,0.6309,3,0.0037
S-TRAIN (fit),static,PIN_ONLY,AD000049,348.54,0,0,1,1.0,3,0.0029
S-TRAIN (fit),static,PIN_ONLY,AD000062,171.811,0,1,1,0.834,3,0.003
S-TRAIN (fit),static,PIN_ONLY,AD000068,187.628,0,1,1,1.0,3,0.0036
S-TRAIN (fit),static,PIN_ONLY,AD000069,764.138,0,0,0,,3,0.0027
S-TRAIN (fit),static,PIN_ONLY,AD000088,56.43,1,1,1,1.0,3,0.0035
S-TRAIN (fit),static,PIN_ONLY,AD000094,75.701,1,1,1,0.9737,5,0.0053
S-TRAIN (fit),static,PIN_ONLY,AD000096,355.067,0,0,1,1.0,3,0.0031
S-TRAIN (fit),static,PIN_ONLY,AD000105,586.055,0,0,0,0.6309,3,0.003
S-TRAIN (fit),static,PIN_ONLY,AD000114,74.165,1,1,1,1.0,3,0.0034
S-TRAIN (fit),static,PIN_ONLY,AD000129,630.789,0,0,0,,4,0.0036
S-TRAIN (fit),static,PIN_ONLY,AD000138,156.387,0,1,1,0.834,3,0.0031
S-TRAIN (fit),static,PIN_ONLY,AD000142,145.525,0,1,1,1.0,3,0.0029
S-TRAIN (fit),static,PIN_ONLY,AD000155,44.643,1,1,1,1.0,3,0.0036
S-TRAIN (fit),static,PIN_ONLY,AD000172,304.109,0,0,1,1.0,3,0.0029
S-TRAIN (fit),static,PIN_ONLY,AD000176,343.193,0,0,1,1.0,3,0.0036
S-TRAIN (fit),static,PIN_ONLY,AD000198,399.858,0,0,1,0.7967,3,0.0038
S-TRAIN (fit),static,PIN_ONLY,AD000204,131.042,0,1,1,1.0,3,0.0032
S-TRAIN (fit),static,PIN_ONLY,AD000223,297.433,0,0,1,1.0,3,0.0032
S-TRAIN (fit),static,PIN_ONLY,AD000253,166.756,0,1,1,1.0,3,0.0034
S-TRAIN (fit),static,PIN_ONLY,AD000260,244.712,0,1,1,1.0,3,0.0042
S-TRAIN (fit),static,PIN_ONLY,AD000309,254.285,0,0,1,1.0,3,0.003
S-TRAIN (fit),static,PIN_ONLY,AD000316,57.073,1,1,1,1.0,3,0.003
S-TRAIN (fit),static,PIN_ONLY,AD000323,79.699,1,1,1,1.0,3,0.0036
S-TRAIN (fit),static,PIN_ONLY,AD000337,30.585,1,1,1,1.0,3,0.0033
S-TRAIN (fit),static,PIN_ONLY,AD000338,338.916,0,0,1,1.0,3,0.003
S-TRAIN (fit),static,PIN_ONLY,AD000354,138.668,0,1,1,1.0,3,0.0029
S-TRAIN (fit),static,PIN_ONLY,AD000360,364.144,0,0,1,1.0,3,0.0031
S-TRAIN (fit),static,PIN_ONLY,AD000369,121.08,0,1,1,1.0,3,0.003
S-TRAIN (fit),static,PIN_ONLY,AD000387,302.318,0,0,1,1.0,3,0.0027
S-TRAIN (fit),static,PIN_ONLY,AD000397,263.528,0,0,1,0.7098,3,0.003
S-TRAIN (fit),static,PIN_ONLY,AD000412,226.165,0,1,1,1.0,3,0.0036
S-TRAIN (fit),static,PIN_ONLY,AD000424,146.899,0,1,1,1.0,3,0.004
S-TRAIN (fit),static,PIN_ONLY,AD000430,170.972,0,1,1,1.0,3,0.0033
S-TRAIN (fit),static,PIN_ONLY,AD000433,2045.598,0,0,0,,4,0.0033
S-TRAIN (fit),static,PIN_ONLY,AD000451,384.221,0,0,1,1.0,3,0.0033
S-TRAIN (fit),static,PIN_ONLY,AD000475,387.754,0,0,1,0.7967,3,0.0031
S-TRAIN (fit),static,PIN_ONLY,AD000524,149.958,0,1,1,1.0,3,0.0032
S-TRAIN (fit),static,PIN_ONLY,AD000526,852.128,0,0,0,,3,0.0033
S-TRAIN (fit),static,PIN_ONLY,AD000541,274.462,0,0,1,1.0,3,0.0031
S-TRAIN (fit),static,PIN_ONLY,AD000560,412.681,0,0,1,1.0,3,0.0032
S-TRAIN (fit),static,PIN_ONLY,AD000589,337.894,0,0,1,1.0,3,0.0029
S-TRAIN (fit),static,PIN_ONLY,AD000602,319.707,0,0,1,1.0,3,0.0034
S-TRAIN (fit),static,PIN_ONLY,AD000608,297.686,0,0,1,1.0,4,0.004
S-TRAIN (fit),static,PIN_ONLY,AD000613,331.051,0,0,1,1.0,4,0.0036
S-TRAIN (fit),static,PIN_ONLY,AD000630,219.042,0,1,1,1.0,3,0.0034
S-TRAIN (fit),static,PIN_ONLY,AD000631,278.238,0,0,1,1.0,4,0.0039
S-TRAIN (fit),static,PIN_ONLY,AD000634,670.439,0,0,0,,3,0.0031
S-TRAIN (fit),static,PIN_ONLY,AD000639,126.421,0,1,1,0.834,3,0.003
S-TRAIN (fit),static,PIN_ONLY,AD000652,166.513,0,1,1,1.0,3,0.0032
S-TRAIN (fit),static,PIN_ONLY,AD000658,535.327,0,0,0,0.6309,3,0.0032
S-TRAIN (fit),static,PIN_ONLY,AD000667,620.642,0,0,0,0.6309,3,0.0032
S-TRAIN (fit),static,PIN_ONLY,AD000668,110.386,0,1,1,1.0,3,0.0032
S-TRAIN (fit),static,PIN_ONLY,AD000710,464.85,0,0,1,1.0,3,0.0034
S-TRAIN (fit),static,PIN_ONLY,AD000722,360.067,0,0,1,1.0,3,0.0233
S-TRAIN (fit),static,PIN_ONLY,AD000733,245.596,0,1,1,1.0,3,0.004
S-TRAIN (fit),static,PIN_ONLY,AD000741,122.761,0,1,1,1.0,3,0.0033
S-TRAIN (fit),static,PIN_ONLY,AD000753,374.894,0,0,1,1.0,3,0.0034
S-TRAIN (fit),static,PIN_ONLY,AD000756,221.641,0,1,1,1.0,3,0.0033
S-TRAIN (fit),static,PIN_ONLY,AD000779,1270.469,0,0,0,,3,0.0038
S-TRAIN (fit),static,PIN_ONLY,AD000785,1029.123,0,0,0,0.3869,6,0.0055
S-TRAIN (fit),static,PIN_ONLY,AD000787,16.819,1,1,1,1.0,3,0.0041
S-TRAIN (fit),static,PIN_ONLY,AD000808,401.552,0,0,1,0.7076,4,0.0043
S-TRAIN (fit),static,PIN_ONLY,AD000809,496.101,0,0,1,1.0,3,0.0034
S-TRAIN (fit),static,PIN_ONLY,AD000817,233.947,0,1,1,1.0,3,0.0037
S-TRAIN (fit),static,PIN_ONLY,AD000825,55.1,1,1,1,1.0,3,0.0033
S-TRAIN (fit),static,PIN_ONLY,AD000836,396.888,0,0,1,0.9675,4,0.0033
S-TRAIN (fit),static,PIN_ONLY,AD000850,316.332,0,0,1,0.7967,3,0.0029
S-TRAIN (fit),static,PIN_ONLY,AD000854,608.084,0,0,0,0.6309,3,0.0032
S-TRAIN (fit),static,PIN_ONLY,AD000869,229.127,0,1,1,0.7075,4,0.0043
S-TRAIN (fit),static,PIN_ONLY,AD000904,265.391,0,0,1,1.0,3,0.0034
S-TRAIN (fit),static,PIN_ONLY,AD000924,343.702,0,0,1,0.8503,6,0.0043
S-TRAIN (fit),static,PIN_ONLY,AD000936,364.652,0,0,1,1.0,3,0.0042
S-TRAIN (fit),static,PIN_ONLY,AD000950,430.427,0,0,1,1.0,3,0.0031
S-TRAIN (fit),static,PIN_ONLY,AD001031,142.05,0,1,1,1.0,3,0.0027
S-TRAIN (fit),static,PIN_ONLY,AD001035,614.284,0,0,0,,3,0.0031
S-TRAIN (fit),static,PIN_ONLY,AD001040,110.505,0,1,1,1.0,3,0.0034
S-TRAIN (fit),static,PIN_ONLY,AD001042,27.237,1,1,1,1.0,3,0.003
S-TRAIN (fit),static,PIN_ONLY,AD001045,260.787,0,0,1,1.0,3,0.003
S-TRAIN (fit),static,PIN_ONLY,AD001080,190.432,0,1,1,1.0,7,0.0046
S-TRAIN (fit),static,PIN_ONLY,AD001105,459.324,0,0,1,1.0,3,0.0033
S-TRAIN (fit),static,PIN_ONLY,AD001116,28.827,1,1,1,1.0,4,0.0033
S-TRAIN (fit),static,PIN_ONLY,AD001121,115.333,0,1,1,1.0,4,0.0035
S-TRAIN (fit),static,PIN_ONLY,AD001127,229.544,0,1,1,1.0,3,0.003
S-TRAIN (fit),static,PIN_ONLY,AD001130,118.209,0,1,1,1.0,3,0.0027
S-TRAIN (fit),static,PIN_ONLY,AD001145,47.432,1,1,1,1.0,3,0.0025
S-TRAIN (fit),static,PIN_ONLY,AD001156,140.057,0,1,1,0.879,6,0.0046
S-TRAIN (fit),static,PIN_ONLY,AD001170,165.887,0,1,1,1.0,3,0.0029
S-TRAIN (fit),static,PIN_ONLY,AD001232,139.564,0,1,1,1.0,3,0.0029
S-TRAIN (fit),static,PIN_ONLY,AD001236,460.182,0,0,1,1.0,3,0.0029
S-TRAIN (fit),static,PIN_ONLY,AD001254,177.545,0,1,1,1.0,4,0.004
S-TRAIN (fit),static,PIN_ONLY,AD001268,452.607,0,0,1,1.0,3,0.003
S-TRAIN (fit),static,PIN_ONLY,AD001272,437.513,0,0,1,1.0,3,0.0027
S-TRAIN (fit),static,PIN_ONLY,AD001294,1623.747,0,0,0,0.5,8,0.0056
S-TRAIN (fit),static,PIN_ONLY,AD001324,17.056,1,1,1,1.0,3,0.0034
S-TRAIN (fit),static,PIN_ONLY,AD001339,356.319,0,0,1,1.0,4,0.0034
S-TRAIN (fit),static,PIN_ONLY,AD001357,271.159,0,0,1,0.7967,3,0.0028
S-TRAIN (fit),static,PIN_ONLY,AD001380,169.53,0,1,1,1.0,3,0.0029
S-TRAIN (fit),static,PIN_ONLY,AD001408,494.721,0,0,1,0.7967,3,0.0029
S-TRAIN (fit),static,PIN_ONLY,AD001416,60.559,1,1,1,1.0,3,0.0027
S-TRAIN (fit),static,PIN_ONLY,AD001422,362.907,0,0,1,1.0,3,0.0029
S-TRAIN (fit),static,PIN_ONLY,AD001462,429.362,0,0,1,1.0,4,0.0032
S-TRAIN (fit),static,PIN_ONLY,AD001465,473.339,0,0,1,1.0,3,0.0029
S-TRAIN (fit),static,PIN_ONLY,AD001479,669.168,0,0,0,,3,0.0028
S-TRAIN (fit),static,PIN_ONLY,AD001495,472.797,0,0,1,0.8772,7,0.005
S-TRAIN (fit),static,PIN_ONLY,AD001499,92.125,1,1,1,1.0,3,0.003
S-TRAIN (fit),static,PIN_ONLY,AD001505,99.561,1,1,1,1.0,3,0.0032
S-TRAIN (fit),static,PIN_ONLY,AD001521,419.052,0,0,1,1.0,3,0.0029
S-TRAIN (fit),static,PIN_ONLY,AD001523,354.348,0,0,1,1.0,3,0.0029
S-TRAIN (fit),static,PIN_ONLY,AD001539,154.721,0,1,1,1.0,3,0.0035
S-TRAIN (fit),static,PIN_ONLY,AD001540,170.946,0,1,1,1.0,3,0.0029
S-TRAIN (fit),static,PIN_ONLY,AD001551,779.139,0,0,0,,3,0.0028
S-TRAIN (fit),static,PIN_ONLY,AD001554,142.904,0,1,1,1.0,3,0.0029
S-TRAIN (fit),static,PIN_ONLY,AD001555,323.581,0,0,1,0.7967,3,0.0031
S-TRAIN (fit),static,PIN_ONLY,AD001578,117.904,0,1,1,1.0,3,0.0027
S-TRAIN (fit),static,PIN_ONLY,AD001581,121.891,0,1,1,1.0,3,0.0031
S-TRAIN (fit),static,PIN_ONLY,AD001587,424.637,0,0,1,1.0,3,0.0029
S-TRAIN (fit),static,PIN_ONLY,AD001619,104.472,0,1,1,1.0,3,0.003
S-TRAIN (fit),static,PIN_ONLY,AD001638,319.686,0,0,1,1.0,3,0.0038
S-TRAIN (fit),static,PIN_ONLY,AD001647,152.158,0,1,1,1.0,3,0.0027
S-TRAIN (fit),static,PIN_ONLY,AD001689,115.462,0,1,1,1.0,3,0.003
S-TRAIN (fit),static,PIN_ONLY,AD001697,148.802,0,1,1,1.0,3,0.0033
S-TRAIN (fit),static,PIN_ONLY,AD001700,23.483,1,1,1,1.0,3,0.0031
S-TRAIN (fit),static,PIN_ONLY,AD001713,2.163,1,1,1,1.0,3,0.0027
S-TRAIN (fit),static,PIN_ONLY,AD001722,1332.773,0,0,0,0.5,4,0.0032
S-TRAIN (fit),static,PIN_ONLY,AD001731,85.387,1,1,1,1.0,3,0.0033
S-TRAIN (fit),static,PIN_ONLY,AD001738,262.395,0,0,1,1.0,3,0.0034
S-TRAIN (fit),static,PIN_ONLY,AD001741,159.227,0,1,1,1.0,3,0.0031
S-TRAIN (fit),static,PIN_ONLY,AD001742,320.581,0,0,1,1.0,3,0.0034
S-TRAIN (fit),static,PIN_ONLY,AD001760,376.147,0,0,1,1.0,3,0.0031
S-TRAIN (fit),static,PIN_ONLY,AD001767,188.518,0,1,1,1.0,3,0.003
S-TRAIN (fit),static,PIN_ONLY,AD001779,139.212,0,1,1,1.0,3,0.0026
S-TRAIN (fit),static,PIN_ONLY,AD001788,364.04,0,0,1,0.7076,4,0.0036
S-TRAIN (fit),static,PIN_ONLY,AD001792,68.019,1,1,1,0.9173,7,0.0043
S-TRAIN (fit),static,PIN_ONLY,AD001794,304.36,0,0,1,1.0,3,0.0034
S-TRAIN (fit),static,PIN_ONLY,AD001812,428.837,0,0,1,0.7076,4,0.0033
S-TRAIN (fit),static,PIN_ONLY,AD001815,365.02,0,0,1,1.0,3,0.0034
S-TRAIN (fit),static,PIN_ONLY,AD001879,258.424,0,0,1,1.0,3,0.0029
S-TRAIN (fit),static,PIN_ONLY,AD001891,441.467,0,0,1,0.9675,4,0.0031
S-TRAIN (fit),static,PIN_ONLY,AD001923,181.824,0,1,1,1.0,3,0.0025
S-TRAIN (fit),static,PIN_ONLY,AD001937,40.553,1,1,1,1.0,3,0.0032
S-TRAIN (fit),static,PIN_ONLY,AD001954,497.427,0,0,1,1.0,3,0.0026
S-TRAIN (fit),static,PIN_ONLY,AD001972,64.154,1,1,1,1.0,3,0.0029
S-TRAIN (fit),static,PIN_ONLY,AD001973,1495.194,0,0,0,0.3869,6,0.0043
S-TRAIN (fit),static,PIN_ONLY,AD001995,148.268,0,1,1,1.0,3,0.0029
S-TRAIN (fit),static,PIN_ONLY,AD002027,258.132,0,0,1,0.7967,3,0.0028
S-TRAIN (fit),static,PIN_ONLY,AD002045,176.434,0,1,1,1.0,3,0.0033
S-TRAIN (fit),static,PIN_ONLY,AD002057,1224.483,0,0,0,,2,0.0027
S-TRAIN (fit),static,PIN_ONLY,AD002060,163.64,0,1,1,1.0,3,0.003
S-TRAIN (fit),static,PIN_ONLY,AD002061,148.318,0,1,1,1.0,3,0.0029
S-TRAIN (fit),static,PIN_ONLY,AD002069,148.362,0,1,1,0.9675,4,0.0034
S-TRAIN (fit),static,PIN_ONLY,AD002070,1838.564,0,0,0,,3,0.0078
S-TRAIN (fit),static,PIN_ONLY,AD002074,45.414,1,1,1,1.0,3,0.0028
S-TRAIN (fit),static,PIN_ONLY,AD002089,274.665,0,0,1,0.7579,3,0.0027
S-TRAIN (fit),static,PIN_ONLY,AD002112,73.237,1,1,1,1.0,4,0.0037
S-TRAIN (fit),static,PIN_ONLY,AD002123,259.821,0,0,1,0.8213,3,0.003
S-TRAIN (fit),static,PIN_ONLY,AD002131,213.082,0,1,1,1.0,3,0.0029
S-TRAIN (fit),static,PIN_ONLY,AD002134,95.892,1,1,1,1.0,3,0.0032
S-TRAIN (fit),static,PIN_ONLY,AD002138,186.074,0,1,1,0.9129,4,0.0041
S-TRAIN (fit),static,PIN_ONLY,AD002154,318.425,0,0,1,1.0,3,0.0032
S-TRAIN (fit),static,PIN_ONLY,AD002176,440.986,0,0,1,1.0,3,0.003
S-TRAIN (fit),static,PIN_ONLY,AD002181,36.676,1,1,1,1.0,3,0.0033
S-TRAIN (fit),static,PIN_ONLY,AD002197,50.408,1,1,1,0.9592,4,0.0028
S-TRAIN (fit),static,PIN_ONLY,AD002245,100.242,0,1,1,1.0,3,0.0028
S-TRAIN (fit),static,PIN_ONLY,AD002251,488.531,0,0,1,1.0,3,0.0028
S-TRAIN (fit),static,PIN_ONLY,AD002253,376.755,0,0,1,1.0,3,0.0029
S-TRAIN (fit),static,PIN_ONLY,AD002299,360.794,0,0,1,1.0,3,0.003
S-TRAIN (fit),static,PIN_ONLY,AD002332,1527.992,0,0,0,0.5,6,0.005
S-TRAIN (fit),static,PIN_ONLY,AD002333,627.699,0,0,0,0.6309,7,0.0062
S-TRAIN (fit),static,PIN_ONLY,AD002362,45.404,1,1,1,1.0,3,0.0033
S-TRAIN (fit),static,PIN_ONLY,AD002415,2668.133,0,0,0,0.5,5,0.0039
S-TRAIN (fit),static,PIN_ONLY,AD002416,1613.944,0,0,0,,3,0.0032
S-TRAIN (fit),static,PIN_ONLY,AD002424,42.104,1,1,1,1.0,3,0.0028
S-TRAIN (fit),static,PIN_ONLY,AD002458,371.058,0,0,1,0.5714,5,0.0042
S-TRAIN (fit),static,PIN_ONLY,AD002466,288.353,0,0,1,1.0,3,0.003
S-TRAIN (fit),static,PIN_ONLY,AD002485,1488.776,0,0,0,0.2641,8,0.005
S-TRAIN (fit),static,PIN_ONLY,AD002490,419.0,0,0,1,1.0,3,0.0027
S-TRAIN (fit),static,PIN_ONLY,AD002499,187.103,0,1,1,1.0,3,0.0027
S-TRAIN (fit),static,PIN_ONLY,AD002504,185.528,0,1,1,1.0,3,0.0029
S-TRAIN (fit),static,PIN_ONLY,AD002509,135.661,0,1,1,1.0,3,0.0028
S-TRAIN (fit),static,PIN_ONLY,AD002535,373.48,0,0,1,1.0,5,0.0037
S-TRAIN (fit),static,PIN_ONLY,AD002566,184.765,0,1,1,0.9871,4,0.0033
S-TRAIN (fit),static,PIN_ONLY,AD002579,289.137,0,0,1,1.0,3,0.0026
S-TRAIN (fit),static,PIN_ONLY,AD002583,309.94,0,0,1,1.0,3,0.0026
S-TRAIN (fit),static,PIN_ONLY,AD002606,85.555,1,1,1,1.0,3,0.0028
S-TRAIN (fit),static,PIN_ONLY,AD002633,106.349,0,1,1,1.0,3,0.0026
S-TRAIN (fit),static,PIN_ONLY,AD002637,118.022,0,1,1,0.834,5,0.0033
S-TRAIN (fit),static,PIN_ONLY,AD002661,316.701,0,0,1,0.9197,6,0.004
S-TRAIN (fit),static,PIN_ONLY,AD002663,1280.649,0,0,0,,3,0.0028
S-TRAIN (fit),static,PIN_ONLY,AD002673,229.151,0,1,1,1.0,3,0.0028
S-TRAIN (fit),static,PIN_ONLY,AD002691,1631.933,0,0,0,0.4307,6,0.0037
S-TRAIN (fit),static,PIN_ONLY,AD002696,624.376,0,0,0,,4,0.0035
S-TRAIN (fit),static,PIN_ONLY,AD002711,794.753,0,0,0,,3,0.0026
S-TRAIN (fit),static,PIN_ONLY,AD002728,585.363,0,0,0,0.4934,5,0.0032
S-TRAIN (fit),static,PIN_ONLY,AD002737,188.476,0,1,1,0.9871,4,0.0029
S-TRAIN (fit),static,PIN_ONLY,AD002763,167.829,0,1,1,1.0,3,0.0025
S-TRAIN (fit),static,PIN_ONLY,AD002764,19.454,1,1,1,1.0,3,0.0026
S-TRAIN (fit),static,PIN_ONLY,AD002796,2968.077,0,0,0,,2,0.0024
S-TRAIN (fit),static,PIN_ONLY,AD002802,251.194,0,0,1,1.0,3,0.0027
S-TRAIN (fit),static,PIN_ONLY,AD002809,197.466,0,1,1,1.0,3,0.0026
S-TRAIN (fit),static,PIN_ONLY,AD002819,1095.517,0,0,0,0.6309,5,0.0035
S-TRAIN (fit),static,PIN_ONLY,AD002821,212.317,0,1,1,1.0,4,0.003
S-TRAIN (fit),static,PIN_ONLY,AD002849,468.026,0,0,1,1.0,3,0.0026
S-TRAIN (fit),static,PIN_ONLY,AD002858,520.022,0,0,0,,3,0.0025
S-TRAIN (fit),static,PIN_ONLY,AD002870,265.251,0,0,1,0.7967,3,0.0028
S-TRAIN (fit),static,PIN_ONLY,AD002880,240.254,0,1,1,1.0,3,0.0027
S-TRAIN (fit),static,PIN_ONLY,AD002882,1632.287,0,0,0,0.5,6,0.0039
S-TRAIN (fit),static,PIN_ONLY,AD002911,216.162,0,1,1,1.0,3,0.0029
S-TRAIN (fit),static,PIN_ONLY,AD002962,476.419,0,0,1,1.0,3,0.0028
S-TRAIN (fit),static,PIN_ONLY,AD002966,542.382,0,0,0,,3,0.0026
S-TRAIN (fit),static,PIN_ONLY,AD002996,183.498,0,1,1,1.0,3,0.0025
S-TRAIN (fit),static,PIN_ONLY,AD003014,106.823,0,1,1,1.0,5,0.0032
S-TRAIN (fit),static,PIN_ONLY,AD003041,99.139,1,1,1,0.9915,4,0.003
S-TRAIN (fit),static,PIN_ONLY,AD003050,203.889,0,1,1,1.0,3,0.0027
S-TRAIN (fit),static,PIN_ONLY,AD003060,215.219,0,1,1,1.0,3,0.0024
S-TRAIN (fit),static,PIN_ONLY,AD003067,301.886,0,0,1,1.0,3,0.003
S-TRAIN (fit),static,PIN_ONLY,AD003074,818.656,0,0,0,0.3869,6,0.0036
S-TRAIN (fit),static,PIN_ONLY,AD003077,318.999,0,0,1,1.0,3,0.0025
S-TRAIN (fit),static,PIN_ONLY,AD003085,16.682,1,1,1,1.0,3,0.0026
S-TRAIN (fit),static,LOGISTIC,AD000001,108.593,0,1,1,0.834,3,0.4896
S-TRAIN (fit),static,LOGISTIC,AD000012,121.264,0,1,1,1.0,3,0.2133
S-TRAIN (fit),static,LOGISTIC,AD000023,423.191,0,0,1,1.0,3,0.2366
S-TRAIN (fit),static,LOGISTIC,AD000027,164.502,0,1,1,1.0,3,0.1866
S-TRAIN (fit),static,LOGISTIC,AD000047,431.46,0,0,1,1.0,3,0.2401
S-TRAIN (fit),static,LOGISTIC,AD000049,442.029,0,0,1,1.0,3,0.2903
S-TRAIN (fit),static,LOGISTIC,AD000062,65.157,1,1,1,1.0,3,0.1817
S-TRAIN (fit),static,LOGISTIC,AD000068,341.254,0,0,1,0.7967,3,0.1789
S-TRAIN (fit),static,LOGISTIC,AD000069,630.283,0,0,0,,3,0.1781
S-TRAIN (fit),static,LOGISTIC,AD000088,56.43,1,1,1,1.0,3,0.1784
S-TRAIN (fit),static,LOGISTIC,AD000094,80.13,1,1,1,1.0,5,0.1975
S-TRAIN (fit),static,LOGISTIC,AD000096,338.155,0,0,1,1.0,3,0.1777
S-TRAIN (fit),static,LOGISTIC,AD000105,447.63,0,0,1,1.0,3,0.1766
S-TRAIN (fit),static,LOGISTIC,AD000114,74.165,1,1,1,1.0,3,0.2613
S-TRAIN (fit),static,LOGISTIC,AD000129,523.526,0,0,0,,4,0.1924
S-TRAIN (fit),static,LOGISTIC,AD000138,156.387,0,1,1,0.834,3,0.1817
S-TRAIN (fit),static,LOGISTIC,AD000142,145.525,0,1,1,1.0,3,0.1754
S-TRAIN (fit),static,LOGISTIC,AD000155,44.643,1,1,1,1.0,3,0.1759
S-TRAIN (fit),static,LOGISTIC,AD000172,309.118,0,0,1,1.0,3,0.2238
S-TRAIN (fit),static,LOGISTIC,AD000176,347.094,0,0,1,1.0,3,0.1774
S-TRAIN (fit),static,LOGISTIC,AD000198,204.444,0,1,1,1.0,3,0.1772
S-TRAIN (fit),static,LOGISTIC,AD000204,257.663,0,0,1,0.7967,3,0.2095
S-TRAIN (fit),static,LOGISTIC,AD000223,350.161,0,0,1,1.0,3,0.1838
S-TRAIN (fit),static,LOGISTIC,AD000253,267.431,0,0,1,0.7967,3,0.1836
S-TRAIN (fit),static,LOGISTIC,AD000260,244.712,0,1,1,1.0,3,0.198
S-TRAIN (fit),static,LOGISTIC,AD000309,307.09,0,0,1,1.0,3,0.1911
S-TRAIN (fit),static,LOGISTIC,AD000316,57.073,1,1,1,1.0,3,0.1771
S-TRAIN (fit),static,LOGISTIC,AD000323,79.699,1,1,1,1.0,3,0.183
S-TRAIN (fit),static,LOGISTIC,AD000337,30.585,1,1,1,1.0,3,0.1771
S-TRAIN (fit),static,LOGISTIC,AD000338,362.332,0,0,1,1.0,3,0.1759
S-TRAIN (fit),static,LOGISTIC,AD000354,213.198,0,1,1,1.0,3,0.2895
S-TRAIN (fit),static,LOGISTIC,AD000360,417.961,0,0,1,1.0,3,0.184
S-TRAIN (fit),static,LOGISTIC,AD000369,139.513,0,1,1,1.0,3,0.1759
S-TRAIN (fit),static,LOGISTIC,AD000387,278.708,0,0,1,1.0,3,0.2151
S-TRAIN (fit),static,LOGISTIC,AD000397,81.298,1,1,1,1.0,3,0.177
S-TRAIN (fit),static,LOGISTIC,AD000412,226.165,0,1,1,1.0,3,0.1757
S-TRAIN (fit),static,LOGISTIC,AD000424,274.151,0,0,1,0.7967,3,0.1843
S-TRAIN (fit),static,LOGISTIC,AD000430,147.474,0,1,1,1.0,3,0.1756
S-TRAIN (fit),static,LOGISTIC,AD000433,523.238,0,0,0,,4,0.215
S-TRAIN (fit),static,LOGISTIC,AD000451,340.478,0,0,1,1.0,3,0.1821
S-TRAIN (fit),static,LOGISTIC,AD000475,184.642,0,1,1,1.0,3,0.1826
S-TRAIN (fit),static,LOGISTIC,AD000524,149.958,0,1,1,1.0,3,0.1771
S-TRAIN (fit),static,LOGISTIC,AD000526,832.488,0,0,0,,3,0.2149
S-TRAIN (fit),static,LOGISTIC,AD000541,373.474,0,0,1,1.0,3,0.1851
S-TRAIN (fit),static,LOGISTIC,AD000560,494.81,0,0,1,1.0,3,0.1794
S-TRAIN (fit),static,LOGISTIC,AD000589,276.584,0,0,1,1.0,3,0.1766
S-TRAIN (fit),static,LOGISTIC,AD000602,317.322,0,0,1,1.0,3,0.2612
S-TRAIN (fit),static,LOGISTIC,AD000608,358.945,0,0,1,1.0,4,0.1865
S-TRAIN (fit),static,LOGISTIC,AD000613,324.211,0,0,1,1.0,4,0.1882
S-TRAIN (fit),static,LOGISTIC,AD000630,212.896,0,1,1,1.0,3,0.1764
S-TRAIN (fit),static,LOGISTIC,AD000631,273.457,0,0,1,1.0,4,0.2214
S-TRAIN (fit),static,LOGISTIC,AD000634,544.149,0,0,0,,3,0.1786
S-TRAIN (fit),static,LOGISTIC,AD000639,126.421,0,1,1,0.834,3,0.1761
S-TRAIN (fit),static,LOGISTIC,AD000652,5276.59,0,0,0,0.6309,3,0.1847
S-TRAIN (fit),static,LOGISTIC,AD000658,319.558,0,0,1,1.0,3,0.1747
S-TRAIN (fit),static,LOGISTIC,AD000667,486.411,0,0,1,1.0,3,0.2105
S-TRAIN (fit),static,LOGISTIC,AD000668,195.389,0,1,1,1.0,3,0.1875
S-TRAIN (fit),static,LOGISTIC,AD000710,315.092,0,0,1,1.0,3,0.1828
S-TRAIN (fit),static,LOGISTIC,AD000722,380.126,0,0,1,1.0,3,0.1758
S-TRAIN (fit),static,LOGISTIC,AD000733,188.101,0,1,1,1.0,3,0.1787
S-TRAIN (fit),static,LOGISTIC,AD000741,122.761,0,1,1,1.0,3,0.1778
S-TRAIN (fit),static,LOGISTIC,AD000753,462.786,0,0,1,1.0,3,0.1771
S-TRAIN (fit),static,LOGISTIC,AD000756,221.641,0,1,1,1.0,3,0.2631
S-TRAIN (fit),static,LOGISTIC,AD000779,1330.75,0,0,0,,3,0.1838
S-TRAIN (fit),static,LOGISTIC,AD000785,323.556,0,0,1,1.0,6,0.2353
S-TRAIN (fit),static,LOGISTIC,AD000787,16.819,1,1,1,1.0,3,0.1818
S-TRAIN (fit),static,LOGISTIC,AD000808,323.086,0,0,1,0.7579,4,0.1938
S-TRAIN (fit),static,LOGISTIC,AD000809,525.219,0,0,0,0.6309,3,0.1782
S-TRAIN (fit),static,LOGISTIC,AD000817,309.226,0,0,1,0.7967,3,0.2145
S-TRAIN (fit),static,LOGISTIC,AD000825,55.1,1,1,1,1.0,3,0.1785
S-TRAIN (fit),static,LOGISTIC,AD000836,475.128,0,0,1,1.0,4,0.1822
S-TRAIN (fit),static,LOGISTIC,AD000850,168.423,0,1,1,1.0,3,0.1753
S-TRAIN (fit),static,LOGISTIC,AD000854,490.741,0,0,1,1.0,3,0.1757
S-TRAIN (fit),static,LOGISTIC,AD000869,339.066,0,0,1,0.6806,4,0.2192
S-TRAIN (fit),static,LOGISTIC,AD000904,309.648,0,0,1,1.0,3,0.176
S-TRAIN (fit),static,LOGISTIC,AD000924,342.963,0,0,1,1.0,6,0.2016
S-TRAIN (fit),static,LOGISTIC,AD000936,364.777,0,0,1,1.0,3,0.1777
S-TRAIN (fit),static,LOGISTIC,AD000950,415.048,0,0,1,1.0,3,0.1805
S-TRAIN (fit),static,LOGISTIC,AD001031,142.05,0,1,1,1.0,3,0.1785
S-TRAIN (fit),static,LOGISTIC,AD001035,2884.013,0,0,0,,3,0.2186
S-TRAIN (fit),static,LOGISTIC,AD001040,110.505,0,1,1,1.0,3,0.1805
S-TRAIN (fit),static,LOGISTIC,AD001042,27.237,1,1,1,1.0,3,0.1851
S-TRAIN (fit),static,LOGISTIC,AD001045,260.787,0,0,1,1.0,3,0.1802
S-TRAIN (fit),static,LOGISTIC,AD001080,190.432,0,1,1,0.9448,7,0.2408
S-TRAIN (fit),static,LOGISTIC,AD001105,444.251,0,0,1,1.0,3,0.1779
S-TRAIN (fit),static,LOGISTIC,AD001116,71.801,1,1,1,1.0,4,0.1904
S-TRAIN (fit),static,LOGISTIC,AD001121,115.333,0,1,1,1.0,4,0.184
S-TRAIN (fit),static,LOGISTIC,AD001127,361.482,0,0,1,0.7967,3,0.1789
S-TRAIN (fit),static,LOGISTIC,AD001130,118.209,0,1,1,1.0,3,0.1787
S-TRAIN (fit),static,LOGISTIC,AD001145,47.432,1,1,1,1.0,3,0.2496
S-TRAIN (fit),static,LOGISTIC,AD001156,140.057,0,1,1,0.8199,6,0.1988
S-TRAIN (fit),static,LOGISTIC,AD001170,390.433,0,0,1,0.7967,3,0.1874
S-TRAIN (fit),static,LOGISTIC,AD001232,303.212,0,0,1,0.7967,3,0.179
S-TRAIN (fit),static,LOGISTIC,AD001236,551.294,0,0,0,0.6309,3,0.2058
S-TRAIN (fit),static,LOGISTIC,AD001254,177.545,0,1,1,1.0,4,0.1961
S-TRAIN (fit),static,LOGISTIC,AD001268,469.748,0,0,1,1.0,3,0.1786
S-TRAIN (fit),static,LOGISTIC,AD001272,359.736,0,0,1,1.0,3,0.186
S-TRAIN (fit),static,LOGISTIC,AD001294,340.935,0,0,1,1.0,8,0.2125
S-TRAIN (fit),static,LOGISTIC,AD001324,225.58,0,1,1,0.834,3,0.2148
S-TRAIN (fit),static,LOGISTIC,AD001339,334.842,0,0,1,1.0,4,0.1838
S-TRAIN (fit),static,LOGISTIC,AD001357,214.084,0,1,1,1.0,3,0.1782
S-TRAIN (fit),static,LOGISTIC,AD001380,241.883,0,1,1,1.0,3,0.1798
S-TRAIN (fit),static,LOGISTIC,AD001408,137.242,0,1,1,1.0,3,0.1858
S-TRAIN (fit),static,LOGISTIC,AD001416,60.559,1,1,1,1.0,3,0.1762
S-TRAIN (fit),static,LOGISTIC,AD001422,454.547,0,0,1,1.0,3,0.175
S-TRAIN (fit),static,LOGISTIC,AD001462,391.66,0,0,1,1.0,4,0.1875
S-TRAIN (fit),static,LOGISTIC,AD001465,364.64,0,0,1,1.0,3,0.1868
S-TRAIN (fit),static,LOGISTIC,AD001479,579.372,0,0,0,,3,0.1776
S-TRAIN (fit),static,LOGISTIC,AD001495,1287.85,0,0,0,0.3066,7,0.2063
S-TRAIN (fit),static,LOGISTIC,AD001499,92.125,1,1,1,1.0,3,0.217
S-TRAIN (fit),static,LOGISTIC,AD001505,142.081,0,1,1,0.834,3,0.1768
S-TRAIN (fit),static,LOGISTIC,AD001521,304.96,0,0,1,1.0,3,0.1779
S-TRAIN (fit),static,LOGISTIC,AD001523,326.644,0,0,1,1.0,3,0.1775
S-TRAIN (fit),static,LOGISTIC,AD001539,154.721,0,1,1,1.0,3,0.2482
S-TRAIN (fit),static,LOGISTIC,AD001540,170.946,0,1,1,1.0,3,0.1897
S-TRAIN (fit),static,LOGISTIC,AD001551,551.817,0,0,0,,3,0.1841
S-TRAIN (fit),static,LOGISTIC,AD001554,122.705,0,1,1,1.0,3,0.179
S-TRAIN (fit),static,LOGISTIC,AD001555,232.754,0,1,1,1.0,3,0.1757
S-TRAIN (fit),static,LOGISTIC,AD001578,211.673,0,1,1,1.0,3,0.2609
S-TRAIN (fit),static,LOGISTIC,AD001581,121.891,0,1,1,1.0,3,0.1817
S-TRAIN (fit),static,LOGISTIC,AD001587,428.125,0,0,1,1.0,3,0.1772
S-TRAIN (fit),static,LOGISTIC,AD001619,198.971,0,1,1,1.0,3,0.1847
S-TRAIN (fit),static,LOGISTIC,AD001638,301.118,0,0,1,1.0,3,0.2173
S-TRAIN (fit),static,LOGISTIC,AD001647,112.468,0,1,1,1.0,3,0.1802
S-TRAIN (fit),static,LOGISTIC,AD001689,115.462,0,1,1,1.0,3,0.183
S-TRAIN (fit),static,LOGISTIC,AD001697,148.802,0,1,1,1.0,3,0.1779
S-TRAIN (fit),static,LOGISTIC,AD001700,154.728,0,1,1,0.834,3,0.2029
S-TRAIN (fit),static,LOGISTIC,AD001713,2.163,1,1,1,1.0,3,0.188
S-TRAIN (fit),static,LOGISTIC,AD001722,2627.754,0,0,0,0.6309,4,0.1839
S-TRAIN (fit),static,LOGISTIC,AD001731,85.387,1,1,1,1.0,3,0.1764
S-TRAIN (fit),static,LOGISTIC,AD001738,250.635,0,0,1,1.0,3,0.1775
S-TRAIN (fit),static,LOGISTIC,AD001741,194.03,0,1,1,1.0,3,0.2175
S-TRAIN (fit),static,LOGISTIC,AD001742,388.942,0,0,1,1.0,3,0.1802
S-TRAIN (fit),static,LOGISTIC,AD001760,532.106,0,0,0,0.6309,3,0.1775
S-TRAIN (fit),static,LOGISTIC,AD001767,376.655,0,0,1,0.7967,3,0.2664
S-TRAIN (fit),static,LOGISTIC,AD001779,184.308,0,1,1,1.0,3,0.1818
S-TRAIN (fit),static,LOGISTIC,AD001788,342.535,0,0,1,0.7579,4,0.1902
S-TRAIN (fit),static,LOGISTIC,AD001792,68.019,1,1,1,0.9738,7,0.2083
S-TRAIN (fit),static,LOGISTIC,AD001794,261.739,0,0,1,1.0,3,0.1759
S-TRAIN (fit),static,LOGISTIC,AD001812,297.571,0,0,1,0.8213,4,0.2201
S-TRAIN (fit),static,LOGISTIC,AD001815,390.593,0,0,1,1.0,3,0.1809
S-TRAIN (fit),static,LOGISTIC,AD001879,266.188,0,0,1,1.0,3,0.1843
S-TRAIN (fit),static,LOGISTIC,AD001891,457.096,0,0,1,1.0,4,0.2341
S-TRAIN (fit),static,LOGISTIC,AD001923,173.908,0,1,1,1.0,3,0.1819
S-TRAIN (fit),static,LOGISTIC,AD001937,40.553,1,1,1,1.0,3,0.1783
S-TRAIN (fit),static,LOGISTIC,AD001954,490.272,0,0,1,1.0,3,0.1844
S-TRAIN (fit),static,LOGISTIC,AD001972,64.154,1,1,1,1.0,3,0.1766
S-TRAIN (fit),static,LOGISTIC,AD001973,2520.968,0,0,0,0.4307,6,0.2273
S-TRAIN (fit),static,LOGISTIC,AD001995,295.259,0,0,1,0.7967,3,0.1848
S-TRAIN (fit),static,LOGISTIC,AD002027,216.82,0,1,1,1.0,3,0.1852
S-TRAIN (fit),static,LOGISTIC,AD002045,453.488,0,0,1,0.7967,3,0.2904
S-TRAIN (fit),static,LOGISTIC,AD002057,1224.483,0,0,0,,2,0.4058
S-TRAIN (fit),static,LOGISTIC,AD002060,163.64,0,1,1,1.0,3,0.3659
S-TRAIN (fit),static,LOGISTIC,AD002061,148.318,0,1,1,1.0,3,0.3786
S-TRAIN (fit),static,LOGISTIC,AD002069,246.29,0,1,1,1.0,4,0.3146
S-TRAIN (fit),static,LOGISTIC,AD002070,1872.92,0,0,0,,3,0.3126
S-TRAIN (fit),static,LOGISTIC,AD002074,45.414,1,1,1,1.0,3,0.2799
S-TRAIN (fit),static,LOGISTIC,AD002089,274.665,0,0,1,0.7579,3,0.3211
S-TRAIN (fit),static,LOGISTIC,AD002112,73.237,1,1,1,1.0,4,0.1983
S-TRAIN (fit),static,LOGISTIC,AD002123,186.671,0,1,1,1.0,3,0.1798
S-TRAIN (fit),static,LOGISTIC,AD002131,358.718,0,0,1,0.7967,3,0.1777
S-TRAIN (fit),static,LOGISTIC,AD002134,87.328,1,1,1,1.0,3,0.2911
S-TRAIN (fit),static,LOGISTIC,AD002138,186.074,0,1,1,0.9514,4,0.3347
S-TRAIN (fit),static,LOGISTIC,AD002154,416.12,0,0,1,1.0,3,0.7362
S-TRAIN (fit),static,LOGISTIC,AD002176,368.01,0,0,1,1.0,3,0.3338
S-TRAIN (fit),static,LOGISTIC,AD002181,36.676,1,1,1,1.0,3,0.1893
S-TRAIN (fit),static,LOGISTIC,AD002197,50.408,1,1,1,1.0,4,0.2211
S-TRAIN (fit),static,LOGISTIC,AD002245,100.242,0,1,1,1.0,3,0.236
S-TRAIN (fit),static,LOGISTIC,AD002251,441.991,0,0,1,1.0,3,0.358
S-TRAIN (fit),static,LOGISTIC,AD002253,329.605,0,0,1,1.0,3,0.337
S-TRAIN (fit),static,LOGISTIC,AD002299,470.689,0,0,1,1.0,3,0.3842
S-TRAIN (fit),static,LOGISTIC,AD002332,392.431,0,0,1,1.0,6,0.2201
S-TRAIN (fit),static,LOGISTIC,AD002333,1546.002,0,0,0,0.5,7,0.2109
S-TRAIN (fit),static,LOGISTIC,AD002362,214.101,0,1,1,0.834,3,0.2237
S-TRAIN (fit),static,LOGISTIC,AD002415,2668.133,0,0,0,0.3869,5,0.1949
S-TRAIN (fit),static,LOGISTIC,AD002416,1919.131,0,0,0,,3,0.1784
S-TRAIN (fit),static,LOGISTIC,AD002424,169.36,0,1,1,0.834,3,0.1761
S-TRAIN (fit),static,LOGISTIC,AD002458,360.374,0,0,1,0.631,5,0.23
S-TRAIN (fit),static,LOGISTIC,AD002466,283.952,0,0,1,1.0,3,0.1809
S-TRAIN (fit),static,LOGISTIC,AD002485,1321.939,0,0,0,0.5706,8,0.2105
S-TRAIN (fit),static,LOGISTIC,AD002490,253.11,0,0,1,1.0,3,0.1817
S-TRAIN (fit),static,LOGISTIC,AD002499,133.431,0,1,1,1.0,3,0.1762
S-TRAIN (fit),static,LOGISTIC,AD002504,352.708,0,0,1,0.7967,3,0.2171
S-TRAIN (fit),static,LOGISTIC,AD002509,135.661,0,1,1,1.0,3,0.1814
S-TRAIN (fit),static,LOGISTIC,AD002535,416.094,0,0,1,1.0,5,0.1897
S-TRAIN (fit),static,LOGISTIC,AD002566,171.073,0,1,1,1.0,4,0.2681
S-TRAIN (fit),static,LOGISTIC,AD002579,283.325,0,0,1,1.0,3,0.1837
S-TRAIN (fit),static,LOGISTIC,AD002583,371.625,0,0,1,1.0,3,0.2685
S-TRAIN (fit),static,LOGISTIC,AD002606,284.276,0,0,1,0.7098,3,0.1812
S-TRAIN (fit),static,LOGISTIC,AD002633,106.349,0,1,1,1.0,3,0.1777
S-TRAIN (fit),static,LOGISTIC,AD002637,118.022,0,1,1,0.834,5,0.188
S-TRAIN (fit),static,LOGISTIC,AD002661,1664.052,0,0,0,0.6241,6,0.2366
S-TRAIN (fit),static,LOGISTIC,AD002663,1397.984,0,0,0,,3,0.1783
S-TRAIN (fit),static,LOGISTIC,AD002673,228.513,0,1,1,1.0,3,0.177
S-TRAIN (fit),static,LOGISTIC,AD002691,426.968,0,0,1,1.0,6,0.2292
S-TRAIN (fit),static,LOGISTIC,AD002696,544.383,0,0,0,,4,0.1911
S-TRAIN (fit),static,LOGISTIC,AD002711,792.599,0,0,0,,3,0.1778
S-TRAIN (fit),static,LOGISTIC,AD002728,141.898,0,1,1,1.0,5,0.1972
S-TRAIN (fit),static,LOGISTIC,AD002737,205.055,0,1,1,0.9514,4,0.1821
S-TRAIN (fit),static,LOGISTIC,AD002763,263.547,0,0,1,0.7967,3,0.177
S-TRAIN (fit),static,LOGISTIC,AD002764,19.454,1,1,1,1.0,3,0.2452
S-TRAIN (fit),static,LOGISTIC,AD002796,2968.077,0,0,0,,2,0.1758
S-TRAIN (fit),static,LOGISTIC,AD002802,319.089,0,0,1,1.0,3,0.2779
S-TRAIN (fit),static,LOGISTIC,AD002809,247.724,0,1,1,1.0,3,0.1773
S-TRAIN (fit),static,LOGISTIC,AD002819,2137.463,0,0,0,0.5,5,0.1977
S-TRAIN (fit),static,LOGISTIC,AD002821,315.869,0,0,1,0.7967,4,0.1836
S-TRAIN (fit),static,LOGISTIC,AD002849,329.901,0,0,1,1.0,3,0.2129
S-TRAIN (fit),static,LOGISTIC,AD002858,538.895,0,0,0,,3,0.1804
S-TRAIN (fit),static,LOGISTIC,AD002870,218.623,0,1,1,1.0,3,0.1772
S-TRAIN (fit),static,LOGISTIC,AD002880,281.81,0,0,1,0.7967,3,0.1757
S-TRAIN (fit),static,LOGISTIC,AD002882,2365.395,0,0,0,0.4307,6,0.2273
S-TRAIN (fit),static,LOGISTIC,AD002911,6671.916,0,0,0,0.6309,3,0.1835
S-TRAIN (fit),static,LOGISTIC,AD002962,361.314,0,0,1,1.0,3,0.1837
S-TRAIN (fit),static,LOGISTIC,AD002966,599.749,0,0,0,,3,0.1764
S-TRAIN (fit),static,LOGISTIC,AD002996,247.946,0,1,1,1.0,3,0.1758
S-TRAIN (fit),static,LOGISTIC,AD003014,106.823,0,1,1,1.0,5,0.2276
S-TRAIN (fit),static,LOGISTIC,AD003041,99.139,1,1,1,1.0,4,0.2411
S-TRAIN (fit),static,LOGISTIC,AD003050,246.013,0,1,1,1.0,3,0.185
S-TRAIN (fit),static,LOGISTIC,AD003060,132.89,0,1,1,1.0,3,0.1778
S-TRAIN (fit),static,LOGISTIC,AD003067,305.681,0,0,1,1.0,3,0.2648
S-TRAIN (fit),static,LOGISTIC,AD003074,1203.277,0,0,0,0.6309,6,0.1986
S-TRAIN (fit),static,LOGISTIC,AD003077,420.838,0,0,1,1.0,3,0.1861
S-TRAIN (fit),static,LOGISTIC,AD003085,16.682,1,1,1,1.0,3,0.1783
S-TRAIN (fit),static,LAMBDAMART,AD000001,108.593,0,1,1,0.834,3,0.0834
S-TRAIN (fit),static,LAMBDAMART,AD000012,121.264,0,1,1,1.0,3,0.0483
S-TRAIN (fit),static,LAMBDAMART,AD000023,381.158,0,0,1,1.0,3,0.044
S-TRAIN (fit),static,LAMBDAMART,AD000027,319.555,0,0,1,0.7967,3,0.042
S-TRAIN (fit),static,LAMBDAMART,AD000047,560.169,0,0,0,0.6309,3,0.042
S-TRAIN (fit),static,LAMBDAMART,AD000049,348.54,0,0,1,1.0,3,0.0428
S-TRAIN (fit),static,LAMBDAMART,AD000062,171.811,0,1,1,0.834,3,0.0429
S-TRAIN (fit),static,LAMBDAMART,AD000068,187.628,0,1,1,1.0,3,0.0424
S-TRAIN (fit),static,LAMBDAMART,AD000069,764.138,0,0,0,,3,0.0413
S-TRAIN (fit),static,LAMBDAMART,AD000088,56.43,1,1,1,1.0,3,0.0414
S-TRAIN (fit),static,LAMBDAMART,AD000094,75.701,1,1,1,0.9737,5,0.0635
S-TRAIN (fit),static,LAMBDAMART,AD000096,355.067,0,0,1,1.0,3,0.0422
S-TRAIN (fit),static,LAMBDAMART,AD000105,586.055,0,0,0,0.6309,3,0.0728
S-TRAIN (fit),static,LAMBDAMART,AD000114,74.165,1,1,1,1.0,3,0.0602
S-TRAIN (fit),static,LAMBDAMART,AD000129,630.789,0,0,0,,4,0.0636
S-TRAIN (fit),static,LAMBDAMART,AD000138,156.387,0,1,1,0.834,3,0.0426
S-TRAIN (fit),static,LAMBDAMART,AD000142,145.525,0,1,1,1.0,3,0.0415
S-TRAIN (fit),static,LAMBDAMART,AD000155,44.643,1,1,1,1.0,3,0.0423
S-TRAIN (fit),static,LAMBDAMART,AD000172,304.109,0,0,1,1.0,3,0.0418
S-TRAIN (fit),static,LAMBDAMART,AD000176,343.193,0,0,1,1.0,3,0.0427
S-TRAIN (fit),static,LAMBDAMART,AD000198,399.858,0,0,1,0.7967,3,0.0476
S-TRAIN (fit),static,LAMBDAMART,AD000204,131.042,0,1,1,1.0,3,0.0418
S-TRAIN (fit),static,LAMBDAMART,AD000223,297.433,0,0,1,1.0,3,0.0416
S-TRAIN (fit),static,LAMBDAMART,AD000253,166.756,0,1,1,1.0,3,0.0417
S-TRAIN (fit),static,LAMBDAMART,AD000260,244.712,0,1,1,1.0,3,0.0415
S-TRAIN (fit),static,LAMBDAMART,AD000309,254.285,0,0,1,1.0,3,0.0412
S-TRAIN (fit),static,LAMBDAMART,AD000316,57.073,1,1,1,1.0,3,0.0419
S-TRAIN (fit),static,LAMBDAMART,AD000323,79.699,1,1,1,1.0,3,0.0422
S-TRAIN (fit),static,LAMBDAMART,AD000337,30.585,1,1,1,1.0,3,0.0698
S-TRAIN (fit),static,LAMBDAMART,AD000338,338.916,0,0,1,1.0,3,0.0464
S-TRAIN (fit),static,LAMBDAMART,AD000354,138.668,0,1,1,1.0,3,0.0418
S-TRAIN (fit),static,LAMBDAMART,AD000360,364.144,0,0,1,1.0,3,0.0417
S-TRAIN (fit),static,LAMBDAMART,AD000369,121.08,0,1,1,1.0,3,0.0416
S-TRAIN (fit),static,LAMBDAMART,AD000387,302.318,0,0,1,1.0,3,0.0416
S-TRAIN (fit),static,LAMBDAMART,AD000397,263.528,0,0,1,0.7098,3,0.0414
S-TRAIN (fit),static,LAMBDAMART,AD000412,226.165,0,1,1,1.0,3,0.0419
S-TRAIN (fit),static,LAMBDAMART,AD000424,146.899,0,1,1,1.0,3,0.0476
S-TRAIN (fit),static,LAMBDAMART,AD000430,170.972,0,1,1,1.0,3,0.0843
S-TRAIN (fit),static,LAMBDAMART,AD000433,3887.225,0,0,0,,4,0.0529
S-TRAIN (fit),static,LAMBDAMART,AD000451,384.221,0,0,1,1.0,3,0.0428
S-TRAIN (fit),static,LAMBDAMART,AD000475,387.754,0,0,1,0.7967,3,0.0411
S-TRAIN (fit),static,LAMBDAMART,AD000524,149.958,0,1,1,1.0,3,0.0424
S-TRAIN (fit),static,LAMBDAMART,AD000526,852.128,0,0,0,,3,0.0426
S-TRAIN (fit),static,LAMBDAMART,AD000541,274.462,0,0,1,1.0,3,0.0411
S-TRAIN (fit),static,LAMBDAMART,AD000560,412.681,0,0,1,1.0,3,0.1075
S-TRAIN (fit),static,LAMBDAMART,AD000589,337.894,0,0,1,1.0,3,0.0469
S-TRAIN (fit),static,LAMBDAMART,AD000602,319.707,0,0,1,1.0,3,0.0553
S-TRAIN (fit),static,LAMBDAMART,AD000608,297.686,0,0,1,1.0,4,0.0527
S-TRAIN (fit),static,LAMBDAMART,AD000613,331.051,0,0,1,0.9197,4,0.053
S-TRAIN (fit),static,LAMBDAMART,AD000630,219.042,0,1,1,1.0,3,0.0426
S-TRAIN (fit),static,LAMBDAMART,AD000631,278.238,0,0,1,1.0,4,0.0522
S-TRAIN (fit),static,LAMBDAMART,AD000634,670.439,0,0,0,,3,0.042
S-TRAIN (fit),static,LAMBDAMART,AD000639,126.421,0,1,1,0.834,3,0.0411
S-TRAIN (fit),static,LAMBDAMART,AD000652,166.513,0,1,1,1.0,3,0.0453
S-TRAIN (fit),static,LAMBDAMART,AD000658,535.327,0,0,0,0.6309,3,0.0415
S-TRAIN (fit),static,LAMBDAMART,AD000667,620.642,0,0,0,0.6309,3,0.0424
S-TRAIN (fit),static,LAMBDAMART,AD000668,110.386,0,1,1,1.0,3,0.0418
S-TRAIN (fit),static,LAMBDAMART,AD000710,464.85,0,0,1,1.0,3,0.042
S-TRAIN (fit),static,LAMBDAMART,AD000722,360.067,0,0,1,1.0,3,0.0421
S-TRAIN (fit),static,LAMBDAMART,AD000733,245.596,0,1,1,1.0,3,0.0424
S-TRAIN (fit),static,LAMBDAMART,AD000741,122.761,0,1,1,1.0,3,0.0691
S-TRAIN (fit),static,LAMBDAMART,AD000753,374.894,0,0,1,1.0,3,0.0432
S-TRAIN (fit),static,LAMBDAMART,AD000756,221.641,0,1,1,1.0,3,0.0427
S-TRAIN (fit),static,LAMBDAMART,AD000779,1270.469,0,0,0,,3,0.0426
S-TRAIN (fit),static,LAMBDAMART,AD000785,2444.405,0,0,0,0.4307,6,0.0718
S-TRAIN (fit),static,LAMBDAMART,AD000787,16.819,1,1,1,1.0,3,0.0428
S-TRAIN (fit),static,LAMBDAMART,AD000808,401.552,0,0,1,0.7076,4,0.0528
S-TRAIN (fit),static,LAMBDAMART,AD000809,496.101,0,0,1,1.0,3,0.0468
S-TRAIN (fit),static,LAMBDAMART,AD000817,233.947,0,1,1,1.0,3,0.0428
S-TRAIN (fit),static,LAMBDAMART,AD000825,55.1,1,1,1,1.0,3,0.0421
S-TRAIN (fit),static,LAMBDAMART,AD000836,396.888,0,0,1,0.9675,4,0.0527
S-TRAIN (fit),static,LAMBDAMART,AD000850,316.332,0,0,1,0.7967,3,0.0432
S-TRAIN (fit),static,LAMBDAMART,AD000854,608.084,0,0,0,0.6309,3,0.0425
S-TRAIN (fit),static,LAMBDAMART,AD000869,229.127,0,1,1,0.7075,4,0.052
S-TRAIN (fit),static,LAMBDAMART,AD000904,265.391,0,0,1,1.0,3,0.0414
S-TRAIN (fit),static,LAMBDAMART,AD000924,343.702,0,0,1,0.8503,6,0.0981
S-TRAIN (fit),static,LAMBDAMART,AD000936,364.652,0,0,1,1.0,3,0.0464
S-TRAIN (fit),static,LAMBDAMART,AD000950,430.427,0,0,1,1.0,3,0.0418
S-TRAIN (fit),static,LAMBDAMART,AD001031,142.05,0,1,1,1.0,3,0.0408
S-TRAIN (fit),static,LAMBDAMART,AD001035,614.284,0,0,0,,3,0.0418
S-TRAIN (fit),static,LAMBDAMART,AD001040,110.505,0,1,1,1.0,3,0.0424
S-TRAIN (fit),static,LAMBDAMART,AD001042,27.237,1,1,1,1.0,3,0.042
S-TRAIN (fit),static,LAMBDAMART,AD001045,260.787,0,0,1,1.0,3,0.0456
S-TRAIN (fit),static,LAMBDAMART,AD001080,190.432,0,1,1,1.0,7,0.0814
S-TRAIN (fit),static,LAMBDAMART,AD001105,459.324,0,0,1,1.0,3,0.042
S-TRAIN (fit),static,LAMBDAMART,AD001116,28.827,1,1,1,1.0,4,0.0511
S-TRAIN (fit),static,LAMBDAMART,AD001121,115.333,0,1,1,1.0,4,0.0519
S-TRAIN (fit),static,LAMBDAMART,AD001127,229.544,0,1,1,1.0,3,0.0418
S-TRAIN (fit),static,LAMBDAMART,AD001130,118.209,0,1,1,1.0,3,0.0413
S-TRAIN (fit),static,LAMBDAMART,AD001145,47.432,1,1,1,1.0,3,0.0412
S-TRAIN (fit),static,LAMBDAMART,AD001156,140.057,0,1,1,0.879,6,0.069
S-TRAIN (fit),static,LAMBDAMART,AD001170,165.887,0,1,1,1.0,3,0.0413
S-TRAIN (fit),static,LAMBDAMART,AD001232,139.564,0,1,1,1.0,3,0.0422
S-TRAIN (fit),static,LAMBDAMART,AD001236,460.182,0,0,1,1.0,3,0.042
S-TRAIN (fit),static,LAMBDAMART,AD001254,177.545,0,1,1,0.9639,4,0.0503
S-TRAIN (fit),static,LAMBDAMART,AD001268,452.607,0,0,1,1.0,3,0.0405
S-TRAIN (fit),static,LAMBDAMART,AD001272,437.513,0,0,1,1.0,3,0.0422
S-TRAIN (fit),static,LAMBDAMART,AD001294,1665.282,0,0,0,0.6309,8,0.0915
S-TRAIN (fit),static,LAMBDAMART,AD001324,17.056,1,1,1,1.0,3,0.1086
S-TRAIN (fit),static,LAMBDAMART,AD001339,356.319,0,0,1,0.9197,4,0.0527
S-TRAIN (fit),static,LAMBDAMART,AD001357,271.159,0,0,1,0.7967,3,0.042
S-TRAIN (fit),static,LAMBDAMART,AD001380,169.53,0,1,1,1.0,3,0.0419
S-TRAIN (fit),static,LAMBDAMART,AD001408,494.721,0,0,1,0.7967,3,0.041
S-TRAIN (fit),static,LAMBDAMART,AD001416,60.559,1,1,1,1.0,3,0.0405
S-TRAIN (fit),static,LAMBDAMART,AD001422,362.907,0,0,1,1.0,3,0.0405
S-TRAIN (fit),static,LAMBDAMART,AD001462,429.362,0,0,1,1.0,4,0.051
S-TRAIN (fit),static,LAMBDAMART,AD001465,473.339,0,0,1,1.0,3,0.0419
S-TRAIN (fit),static,LAMBDAMART,AD001479,669.168,0,0,0,,3,0.0426
S-TRAIN (fit),static,LAMBDAMART,AD001495,472.797,0,0,1,0.8772,7,0.0819
S-TRAIN (fit),static,LAMBDAMART,AD001499,92.125,1,1,1,1.0,3,0.0416
S-TRAIN (fit),static,LAMBDAMART,AD001505,99.561,1,1,1,1.0,3,0.0416
S-TRAIN (fit),static,LAMBDAMART,AD001521,419.052,0,0,1,1.0,3,0.041
S-TRAIN (fit),static,LAMBDAMART,AD001523,354.348,0,0,1,1.0,3,0.041
S-TRAIN (fit),static,LAMBDAMART,AD001539,154.721,0,1,1,1.0,3,0.061
S-TRAIN (fit),static,LAMBDAMART,AD001540,170.946,0,1,1,1.0,3,0.0504
S-TRAIN (fit),static,LAMBDAMART,AD001551,779.139,0,0,0,,3,0.0425
S-TRAIN (fit),static,LAMBDAMART,AD001554,142.904,0,1,1,1.0,3,0.0418
S-TRAIN (fit),static,LAMBDAMART,AD001555,323.581,0,0,1,0.7967,3,0.0416
S-TRAIN (fit),static,LAMBDAMART,AD001578,117.904,0,1,1,1.0,3,0.0414
S-TRAIN (fit),static,LAMBDAMART,AD001581,121.891,0,1,1,1.0,3,0.0429
S-TRAIN (fit),static,LAMBDAMART,AD001587,424.637,0,0,1,1.0,3,0.0415
S-TRAIN (fit),static,LAMBDAMART,AD001619,104.472,0,1,1,1.0,3,0.0414
S-TRAIN (fit),static,LAMBDAMART,AD001638,319.686,0,0,1,1.0,3,0.0421
S-TRAIN (fit),static,LAMBDAMART,AD001647,152.158,0,1,1,1.0,3,0.0453
S-TRAIN (fit),static,LAMBDAMART,AD001689,115.462,0,1,1,1.0,3,0.0412
S-TRAIN (fit),static,LAMBDAMART,AD001697,148.802,0,1,1,1.0,3,0.0417
S-TRAIN (fit),static,LAMBDAMART,AD001700,23.483,1,1,1,1.0,3,0.0417
S-TRAIN (fit),static,LAMBDAMART,AD001713,2.163,1,1,1,1.0,3,0.042
S-TRAIN (fit),static,LAMBDAMART,AD001722,376.948,0,0,1,1.0,4,0.0505
S-TRAIN (fit),static,LAMBDAMART,AD001731,85.387,1,1,1,1.0,3,0.042
S-TRAIN (fit),static,LAMBDAMART,AD001738,262.395,0,0,1,1.0,3,0.0419
S-TRAIN (fit),static,LAMBDAMART,AD001741,159.227,0,1,1,1.0,3,0.0414
S-TRAIN (fit),static,LAMBDAMART,AD001742,320.581,0,0,1,1.0,3,0.0661
S-TRAIN (fit),static,LAMBDAMART,AD001760,376.147,0,0,1,1.0,3,0.0412
S-TRAIN (fit),static,LAMBDAMART,AD001767,188.518,0,1,1,1.0,3,0.0413
S-TRAIN (fit),static,LAMBDAMART,AD001779,139.212,0,1,1,1.0,3,0.0416
S-TRAIN (fit),static,LAMBDAMART,AD001788,364.04,0,0,1,0.7076,4,0.0515
S-TRAIN (fit),static,LAMBDAMART,AD001792,68.019,1,1,1,0.9173,7,0.0822
S-TRAIN (fit),static,LAMBDAMART,AD001794,304.36,0,0,1,1.0,3,0.0429
S-TRAIN (fit),static,LAMBDAMART,AD001812,428.837,0,0,1,0.7076,4,0.0523
S-TRAIN (fit),static,LAMBDAMART,AD001815,365.02,0,0,1,1.0,3,0.0471
S-TRAIN (fit),static,LAMBDAMART,AD001879,258.424,0,0,1,1.0,3,0.0414
S-TRAIN (fit),static,LAMBDAMART,AD001891,441.467,0,0,1,0.9675,4,0.0508
S-TRAIN (fit),static,LAMBDAMART,AD001923,181.824,0,1,1,1.0,3,0.0405
S-TRAIN (fit),static,LAMBDAMART,AD001937,40.553,1,1,1,1.0,3,0.0426
S-TRAIN (fit),static,LAMBDAMART,AD001954,497.427,0,0,1,1.0,3,0.0412
S-TRAIN (fit),static,LAMBDAMART,AD001972,64.154,1,1,1,1.0,3,0.0417
S-TRAIN (fit),static,LAMBDAMART,AD001973,1199.855,0,0,0,0.4307,6,0.0718
S-TRAIN (fit),static,LAMBDAMART,AD001995,148.268,0,1,1,1.0,3,0.0634
S-TRAIN (fit),static,LAMBDAMART,AD002027,258.132,0,0,1,0.7967,3,0.043
S-TRAIN (fit),static,LAMBDAMART,AD002045,176.434,0,1,1,1.0,3,0.0427
S-TRAIN (fit),static,LAMBDAMART,AD002057,1224.483,0,0,0,,2,0.0322
S-TRAIN (fit),static,LAMBDAMART,AD002060,163.64,0,1,1,1.0,3,0.0424
S-TRAIN (fit),static,LAMBDAMART,AD002061,148.318,0,1,1,1.0,3,0.0423
S-TRAIN (fit),static,LAMBDAMART,AD002069,148.362,0,1,1,0.9675,4,0.0517
S-TRAIN (fit),static,LAMBDAMART,AD002070,1838.564,0,0,0,,3,0.0412
S-TRAIN (fit),static,LAMBDAMART,AD002074,45.414,1,1,1,1.0,3,0.041
S-TRAIN (fit),static,LAMBDAMART,AD002089,274.665,0,0,1,0.7579,3,0.0431
S-TRAIN (fit),static,LAMBDAMART,AD002112,73.237,1,1,1,0.9738,4,0.0499
S-TRAIN (fit),static,LAMBDAMART,AD002123,259.821,0,0,1,0.8213,3,0.0373
S-TRAIN (fit),static,LAMBDAMART,AD002131,213.082,0,1,1,1.0,3,0.0417
S-TRAIN (fit),static,LAMBDAMART,AD002134,95.892,1,1,1,1.0,3,0.0412
S-TRAIN (fit),static,LAMBDAMART,AD002138,186.074,0,1,1,0.9129,4,0.0513
S-TRAIN (fit),static,LAMBDAMART,AD002154,318.425,0,0,1,1.0,3,0.0416
S-TRAIN (fit),static,LAMBDAMART,AD002176,440.986,0,0,1,1.0,3,0.0409
S-TRAIN (fit),static,LAMBDAMART,AD002181,36.676,1,1,1,1.0,3,0.0416
S-TRAIN (fit),static,LAMBDAMART,AD002197,50.408,1,1,1,1.0,4,0.0491
S-TRAIN (fit),static,LAMBDAMART,AD002245,100.242,0,1,1,1.0,3,0.0419
S-TRAIN (fit),static,LAMBDAMART,AD002251,488.531,0,0,1,1.0,3,0.0412
S-TRAIN (fit),static,LAMBDAMART,AD002253,376.755,0,0,1,1.0,3,0.0413
S-TRAIN (fit),static,LAMBDAMART,AD002299,360.794,0,0,1,1.0,3,0.0412
S-TRAIN (fit),static,LAMBDAMART,AD002332,2662.163,0,0,0,0.6309,6,0.0738
S-TRAIN (fit),static,LAMBDAMART,AD002333,627.699,0,0,0,0.6309,7,0.0871
S-TRAIN (fit),static,LAMBDAMART,AD002362,45.404,1,1,1,1.0,3,0.0417
S-TRAIN (fit),static,LAMBDAMART,AD002415,2668.133,0,0,0,0.5,5,0.0615
S-TRAIN (fit),static,LAMBDAMART,AD002416,1613.944,0,0,0,,3,0.0412
S-TRAIN (fit),static,LAMBDAMART,AD002424,42.104,1,1,1,1.0,3,0.0416
S-TRAIN (fit),static,LAMBDAMART,AD002458,371.058,0,0,1,0.5175,5,0.0612
S-TRAIN (fit),static,LAMBDAMART,AD002466,288.353,0,0,1,1.0,3,0.0416
S-TRAIN (fit),static,LAMBDAMART,AD002485,2002.022,0,0,0,0.3066,8,0.1158
S-TRAIN (fit),static,LAMBDAMART,AD002490,419.0,0,0,1,1.0,3,0.0468
S-TRAIN (fit),static,LAMBDAMART,AD002499,187.103,0,1,1,1.0,3,0.0424
S-TRAIN (fit),static,LAMBDAMART,AD002504,185.528,0,1,1,1.0,3,0.0426
S-TRAIN (fit),static,LAMBDAMART,AD002509,135.661,0,1,1,1.0,3,0.0423
S-TRAIN (fit),static,LAMBDAMART,AD002535,373.48,0,0,1,0.9197,5,0.0599
S-TRAIN (fit),static,LAMBDAMART,AD002566,184.765,0,1,1,0.9871,4,0.0542
S-TRAIN (fit),static,LAMBDAMART,AD002579,289.137,0,0,1,1.0,3,0.0415
S-TRAIN (fit),static,LAMBDAMART,AD002583,309.94,0,0,1,1.0,3,0.042
S-TRAIN (fit),static,LAMBDAMART,AD002606,85.555,1,1,1,1.0,3,0.0409
S-TRAIN (fit),static,LAMBDAMART,AD002633,106.349,0,1,1,1.0,3,0.0421
S-TRAIN (fit),static,LAMBDAMART,AD002637,118.022,0,1,1,0.834,5,0.0621
S-TRAIN (fit),static,LAMBDAMART,AD002661,316.701,0,0,1,0.9197,6,0.072
S-TRAIN (fit),static,LAMBDAMART,AD002663,1280.649,0,0,0,,3,0.0421
S-TRAIN (fit),static,LAMBDAMART,AD002673,229.151,0,1,1,1.0,3,0.0415
S-TRAIN (fit),static,LAMBDAMART,AD002691,2811.077,0,0,0,0.5,6,0.0727
S-TRAIN (fit),static,LAMBDAMART,AD002696,544.383,0,0,0,,4,0.0706
S-TRAIN (fit),static,LAMBDAMART,AD002711,794.753,0,0,0,,3,0.0495
S-TRAIN (fit),static,LAMBDAMART,AD002728,585.363,0,0,0,0.4934,5,0.0611
S-TRAIN (fit),static,LAMBDAMART,AD002737,188.476,0,1,1,0.9871,4,0.0519
S-TRAIN (fit),static,LAMBDAMART,AD002763,167.829,0,1,1,1.0,3,0.0413
S-TRAIN (fit),static,LAMBDAMART,AD002764,19.454,1,1,1,1.0,3,0.0403
S-TRAIN (fit),static,LAMBDAMART,AD002796,2968.077,0,0,0,,2,0.0301
S-TRAIN (fit),static,LAMBDAMART,AD002802,251.194,0,0,1,1.0,3,0.0417
S-TRAIN (fit),static,LAMBDAMART,AD002809,197.466,0,1,1,1.0,3,0.045
S-TRAIN (fit),static,LAMBDAMART,AD002819,406.75,0,0,1,1.0,5,0.0599
S-TRAIN (fit),static,LAMBDAMART,AD002821,212.317,0,1,1,1.0,4,0.0515
S-TRAIN (fit),static,LAMBDAMART,AD002849,468.026,0,0,1,1.0,3,0.0417
S-TRAIN (fit),static,LAMBDAMART,AD002858,520.022,0,0,0,,3,0.0416
S-TRAIN (fit),static,LAMBDAMART,AD002870,265.251,0,0,1,0.7967,3,0.0419
S-TRAIN (fit),static,LAMBDAMART,AD002880,240.254,0,1,1,1.0,3,0.0415
S-TRAIN (fit),static,LAMBDAMART,AD002882,995.562,0,0,0,0.6309,6,0.0706
S-TRAIN (fit),static,LAMBDAMART,AD002911,216.162,0,1,1,1.0,3,0.0415
S-TRAIN (fit),static,LAMBDAMART,AD002962,476.419,0,0,1,1.0,3,0.048
S-TRAIN (fit),static,LAMBDAMART,AD002966,542.382,0,0,0,,3,0.0416
S-TRAIN (fit),static,LAMBDAMART,AD002996,183.498,0,1,1,1.0,3,0.0417
S-TRAIN (fit),static,LAMBDAMART,AD003014,106.823,0,1,1,0.9639,5,0.0601
S-TRAIN (fit),static,LAMBDAMART,AD003041,99.139,1,1,1,0.9915,4,0.0516
S-TRAIN (fit),static,LAMBDAMART,AD003050,203.889,0,1,1,1.0,3,0.0422
S-TRAIN (fit),static,LAMBDAMART,AD003060,215.219,0,1,1,1.0,3,0.0413
S-TRAIN (fit),static,LAMBDAMART,AD003067,301.886,0,0,1,1.0,3,0.0418
S-TRAIN (fit),static,LAMBDAMART,AD003074,818.656,0,0,0,0.3869,6,0.0749
S-TRAIN (fit),static,LAMBDAMART,AD003077,318.999,0,0,1,1.0,3,0.0415
S-TRAIN (fit),static,LAMBDAMART,AD003085,16.682,1,1,1,1.0,3,0.0413
S-TRAIN (fit),static,PAIRWISE,AD000001,108.593,0,1,1,0.834,3,0.0443
S-TRAIN (fit),static,PAIRWISE,AD000012,121.264,0,1,1,1.0,3,0.03
S-TRAIN (fit),static,PAIRWISE,AD000023,381.158,0,0,1,1.0,3,0.0283
S-TRAIN (fit),static,PAIRWISE,AD000027,319.555,0,0,1,0.7967,3,0.0263
S-TRAIN (fit),static,PAIRWISE,AD000047,560.169,0,0,0,0.6309,3,0.0262
S-TRAIN (fit),static,PAIRWISE,AD000049,348.54,0,0,1,1.0,3,0.0264
S-TRAIN (fit),static,PAIRWISE,AD000062,171.811,0,1,1,0.834,3,0.0261
S-TRAIN (fit),static,PAIRWISE,AD000068,187.628,0,1,1,1.0,3,0.0257
S-TRAIN (fit),static,PAIRWISE,AD000069,764.138,0,0,0,,3,0.0249
S-TRAIN (fit),static,PAIRWISE,AD000088,56.43,1,1,1,1.0,3,0.0257
S-TRAIN (fit),static,PAIRWISE,AD000094,75.701,1,1,1,0.9737,5,0.0436
S-TRAIN (fit),static,PAIRWISE,AD000096,355.067,0,0,1,1.0,3,0.0259
S-TRAIN (fit),static,PAIRWISE,AD000105,586.055,0,0,0,0.6309,3,0.0259
S-TRAIN (fit),static,PAIRWISE,AD000114,74.165,1,1,1,1.0,3,0.026
S-TRAIN (fit),static,PAIRWISE,AD000129,630.789,0,0,0,,4,0.0319
S-TRAIN (fit),static,PAIRWISE,AD000138,156.387,0,1,1,0.834,3,0.0261
S-TRAIN (fit),static,PAIRWISE,AD000142,145.525,0,1,1,1.0,3,0.0255
S-TRAIN (fit),static,PAIRWISE,AD000155,44.643,1,1,1,1.0,3,0.0257
S-TRAIN (fit),static,PAIRWISE,AD000172,304.109,0,0,1,1.0,3,0.0253
S-TRAIN (fit),static,PAIRWISE,AD000176,343.193,0,0,1,1.0,3,0.0261
S-TRAIN (fit),static,PAIRWISE,AD000198,399.858,0,0,1,0.7967,3,0.026
S-TRAIN (fit),static,PAIRWISE,AD000204,131.042,0,1,1,1.0,3,0.0254
S-TRAIN (fit),static,PAIRWISE,AD000223,297.433,0,0,1,1.0,3,0.026
S-TRAIN (fit),static,PAIRWISE,AD000253,166.756,0,1,1,1.0,3,0.0251
S-TRAIN (fit),static,PAIRWISE,AD000260,244.712,0,1,1,1.0,3,0.028
S-TRAIN (fit),static,PAIRWISE,AD000309,254.285,0,0,1,1.0,3,0.0262
S-TRAIN (fit),static,PAIRWISE,AD000316,57.073,1,1,1,1.0,3,0.0261
S-TRAIN (fit),static,PAIRWISE,AD000323,79.699,1,1,1,1.0,3,0.0264
S-TRAIN (fit),static,PAIRWISE,AD000337,30.585,1,1,1,1.0,3,0.0249
S-TRAIN (fit),static,PAIRWISE,AD000338,338.916,0,0,1,1.0,3,0.0253
S-TRAIN (fit),static,PAIRWISE,AD000354,138.668,0,1,1,1.0,3,0.0262
S-TRAIN (fit),static,PAIRWISE,AD000360,364.144,0,0,1,1.0,3,0.0252
S-TRAIN (fit),static,PAIRWISE,AD000369,121.08,0,1,1,1.0,3,0.0254
S-TRAIN (fit),static,PAIRWISE,AD000387,302.318,0,0,1,1.0,3,0.0252
S-TRAIN (fit),static,PAIRWISE,AD000397,263.528,0,0,1,0.7098,3,0.0264
S-TRAIN (fit),static,PAIRWISE,AD000412,226.165,0,1,1,1.0,3,0.0257
S-TRAIN (fit),static,PAIRWISE,AD000424,146.899,0,1,1,1.0,3,0.0258
S-TRAIN (fit),static,PAIRWISE,AD000430,170.972,0,1,1,1.0,3,0.025
S-TRAIN (fit),static,PAIRWISE,AD000433,523.238,0,0,0,,4,0.031
S-TRAIN (fit),static,PAIRWISE,AD000451,384.221,0,0,1,1.0,3,0.03
S-TRAIN (fit),static,PAIRWISE,AD000475,387.754,0,0,1,0.7967,3,0.025
S-TRAIN (fit),static,PAIRWISE,AD000524,149.958,0,1,1,1.0,3,0.0261
S-TRAIN (fit),static,PAIRWISE,AD000526,852.128,0,0,0,,3,0.0256
S-TRAIN (fit),static,PAIRWISE,AD000541,274.462,0,0,1,1.0,3,0.0252
S-TRAIN (fit),static,PAIRWISE,AD000560,412.681,0,0,1,1.0,3,0.0262
S-TRAIN (fit),static,PAIRWISE,AD000589,337.894,0,0,1,1.0,3,0.0259
S-TRAIN (fit),static,PAIRWISE,AD000602,319.707,0,0,1,1.0,3,0.0255
S-TRAIN (fit),static,PAIRWISE,AD000608,297.686,0,0,1,1.0,4,0.0317
S-TRAIN (fit),static,PAIRWISE,AD000613,331.051,0,0,1,1.0,4,0.0318
S-TRAIN (fit),static,PAIRWISE,AD000630,219.042,0,1,1,1.0,3,0.0254
S-TRAIN (fit),static,PAIRWISE,AD000631,278.238,0,0,1,1.0,4,0.0325
S-TRAIN (fit),static,PAIRWISE,AD000634,670.439,0,0,0,,3,0.0257
S-TRAIN (fit),static,PAIRWISE,AD000639,126.421,0,1,1,0.834,3,0.0244
S-TRAIN (fit),static,PAIRWISE,AD000652,166.513,0,1,1,1.0,3,0.0526
S-TRAIN (fit),static,PAIRWISE,AD000658,535.327,0,0,0,0.6309,3,0.0282
S-TRAIN (fit),static,PAIRWISE,AD000667,620.642,0,0,0,0.6309,3,0.0264
S-TRAIN (fit),static,PAIRWISE,AD000668,110.386,0,1,1,1.0,3,0.0257
S-TRAIN (fit),static,PAIRWISE,AD000710,464.85,0,0,1,1.0,3,0.0259
S-TRAIN (fit),static,PAIRWISE,AD000722,360.067,0,0,1,1.0,3,0.0261
S-TRAIN (fit),static,PAIRWISE,AD000733,245.596,0,1,1,1.0,3,0.0267
S-TRAIN (fit),static,PAIRWISE,AD000741,122.761,0,1,1,1.0,3,0.025
S-TRAIN (fit),static,PAIRWISE,AD000753,374.894,0,0,1,1.0,3,0.0258
S-TRAIN (fit),static,PAIRWISE,AD000756,221.641,0,1,1,1.0,3,0.0248
S-TRAIN (fit),static,PAIRWISE,AD000779,1270.469,0,0,0,,3,0.0254
S-TRAIN (fit),static,PAIRWISE,AD000785,2444.405,0,0,0,0.4307,6,0.0443
S-TRAIN (fit),static,PAIRWISE,AD000787,16.819,1,1,1,1.0,3,0.026
S-TRAIN (fit),static,PAIRWISE,AD000808,401.552,0,0,1,0.7076,4,0.0317
S-TRAIN (fit),static,PAIRWISE,AD000809,496.101,0,0,1,1.0,3,0.025
S-TRAIN (fit),static,PAIRWISE,AD000817,233.947,0,1,1,1.0,3,0.0262
S-TRAIN (fit),static,PAIRWISE,AD000825,55.1,1,1,1,1.0,3,0.0253
S-TRAIN (fit),static,PAIRWISE,AD000836,396.888,0,0,1,0.9675,4,0.0308
S-TRAIN (fit),static,PAIRWISE,AD000850,316.332,0,0,1,0.7967,3,0.025
S-TRAIN (fit),static,PAIRWISE,AD000854,608.084,0,0,0,0.6309,3,0.0246
S-TRAIN (fit),static,PAIRWISE,AD000869,229.127,0,1,1,0.7075,4,0.0314
S-TRAIN (fit),static,PAIRWISE,AD000904,265.391,0,0,1,1.0,3,0.0248
S-TRAIN (fit),static,PAIRWISE,AD000924,343.702,0,0,1,0.8503,6,0.0445
S-TRAIN (fit),static,PAIRWISE,AD000936,364.652,0,0,1,1.0,3,0.0257
S-TRAIN (fit),static,PAIRWISE,AD000950,430.427,0,0,1,1.0,3,0.0281
S-TRAIN (fit),static,PAIRWISE,AD001031,142.05,0,1,1,1.0,3,0.0243
S-TRAIN (fit),static,PAIRWISE,AD001035,614.284,0,0,0,,3,0.0254
S-TRAIN (fit),static,PAIRWISE,AD001040,110.505,0,1,1,1.0,3,0.0253
S-TRAIN (fit),static,PAIRWISE,AD001042,27.237,1,1,1,1.0,3,0.0253
S-TRAIN (fit),static,PAIRWISE,AD001045,260.787,0,0,1,1.0,3,0.0254
S-TRAIN (fit),static,PAIRWISE,AD001080,190.432,0,1,1,1.0,7,0.0507
S-TRAIN (fit),static,PAIRWISE,AD001105,459.324,0,0,1,1.0,3,0.0253
S-TRAIN (fit),static,PAIRWISE,AD001116,28.827,1,1,1,1.0,4,0.0314
S-TRAIN (fit),static,PAIRWISE,AD001121,115.333,0,1,1,1.0,4,0.0315
S-TRAIN (fit),static,PAIRWISE,AD001127,229.544,0,1,1,1.0,3,0.0245
S-TRAIN (fit),static,PAIRWISE,AD001130,118.209,0,1,1,1.0,3,0.029
S-TRAIN (fit),static,PAIRWISE,AD001145,47.432,1,1,1,1.0,3,0.0251
S-TRAIN (fit),static,PAIRWISE,AD001156,140.057,0,1,1,0.879,6,0.0431
S-TRAIN (fit),static,PAIRWISE,AD001170,165.887,0,1,1,1.0,3,0.0256
S-TRAIN (fit),static,PAIRWISE,AD001232,139.564,0,1,1,1.0,3,0.0249
S-TRAIN (fit),static,PAIRWISE,AD001236,460.182,0,0,1,1.0,3,0.0248
S-TRAIN (fit),static,PAIRWISE,AD001254,177.545,0,1,1,1.0,4,0.0313
S-TRAIN (fit),static,PAIRWISE,AD001268,452.607,0,0,1,1.0,3,0.0239
S-TRAIN (fit),static,PAIRWISE,AD001272,437.513,0,0,1,1.0,3,0.0806
S-TRAIN (fit),static,PAIRWISE,AD001294,1665.282,0,0,0,0.6309,8,0.0675
S-TRAIN (fit),static,PAIRWISE,AD001324,17.056,1,1,1,1.0,3,0.026
S-TRAIN (fit),static,PAIRWISE,AD001339,356.319,0,0,1,1.0,4,0.0321
S-TRAIN (fit),static,PAIRWISE,AD001357,271.159,0,0,1,0.7967,3,0.0257
S-TRAIN (fit),static,PAIRWISE,AD001380,169.53,0,1,1,1.0,3,0.0253
S-TRAIN (fit),static,PAIRWISE,AD001408,494.721,0,0,1,0.7967,3,0.0253
S-TRAIN (fit),static,PAIRWISE,AD001416,60.559,1,1,1,1.0,3,0.0245
S-TRAIN (fit),static,PAIRWISE,AD001422,362.907,0,0,1,1.0,3,0.0244
S-TRAIN (fit),static,PAIRWISE,AD001462,429.362,0,0,1,1.0,4,0.0315
S-TRAIN (fit),static,PAIRWISE,AD001465,473.339,0,0,1,1.0,3,0.0252
S-TRAIN (fit),static,PAIRWISE,AD001479,669.168,0,0,0,,3,0.0308
S-TRAIN (fit),static,PAIRWISE,AD001495,472.797,0,0,1,0.8772,7,0.0508
S-TRAIN (fit),static,PAIRWISE,AD001499,92.125,1,1,1,1.0,3,0.025
S-TRAIN (fit),static,PAIRWISE,AD001505,99.561,1,1,1,1.0,3,0.0255
S-TRAIN (fit),static,PAIRWISE,AD001521,419.052,0,0,1,1.0,3,0.025
S-TRAIN (fit),static,PAIRWISE,AD001523,354.348,0,0,1,1.0,3,0.0251
S-TRAIN (fit),static,PAIRWISE,AD001539,154.721,0,1,1,1.0,3,0.0251
S-TRAIN (fit),static,PAIRWISE,AD001540,170.946,0,1,1,1.0,3,0.0255
S-TRAIN (fit),static,PAIRWISE,AD001551,779.139,0,0,0,,3,0.0253
S-TRAIN (fit),static,PAIRWISE,AD001554,142.904,0,1,1,1.0,3,0.0251
S-TRAIN (fit),static,PAIRWISE,AD001555,323.581,0,0,1,0.7967,3,0.025
S-TRAIN (fit),static,PAIRWISE,AD001578,117.904,0,1,1,1.0,3,0.0248
S-TRAIN (fit),static,PAIRWISE,AD001581,121.891,0,1,1,1.0,3,0.0252
S-TRAIN (fit),static,PAIRWISE,AD001587,424.637,0,0,1,1.0,3,0.0251
S-TRAIN (fit),static,PAIRWISE,AD001619,104.472,0,1,1,1.0,3,0.0245
S-TRAIN (fit),static,PAIRWISE,AD001638,319.686,0,0,1,1.0,3,0.0483
S-TRAIN (fit),static,PAIRWISE,AD001647,152.158,0,1,1,1.0,3,0.0311
S-TRAIN (fit),static,PAIRWISE,AD001689,115.462,0,1,1,1.0,3,0.0254
S-TRAIN (fit),static,PAIRWISE,AD001697,148.802,0,1,1,1.0,3,0.0256
S-TRAIN (fit),static,PAIRWISE,AD001700,23.483,1,1,1,1.0,3,0.0259
S-TRAIN (fit),static,PAIRWISE,AD001713,2.163,1,1,1,1.0,3,0.0259
S-TRAIN (fit),static,PAIRWISE,AD001722,2627.754,0,0,0,0.6309,4,0.0313
S-TRAIN (fit),static,PAIRWISE,AD001731,85.387,1,1,1,1.0,3,0.026
S-TRAIN (fit),static,PAIRWISE,AD001738,262.395,0,0,1,1.0,3,0.0268
S-TRAIN (fit),static,PAIRWISE,AD001741,159.227,0,1,1,1.0,3,0.0261
S-TRAIN (fit),static,PAIRWISE,AD001742,320.581,0,0,1,1.0,3,0.0257
S-TRAIN (fit),static,PAIRWISE,AD001760,376.147,0,0,1,1.0,3,0.0252
S-TRAIN (fit),static,PAIRWISE,AD001767,188.518,0,1,1,1.0,3,0.0258
S-TRAIN (fit),static,PAIRWISE,AD001779,139.212,0,1,1,1.0,3,0.0249
S-TRAIN (fit),static,PAIRWISE,AD001788,364.04,0,0,1,0.7076,4,0.0357
S-TRAIN (fit),static,PAIRWISE,AD001792,68.019,1,1,1,0.9173,7,0.0512
S-TRAIN (fit),static,PAIRWISE,AD001794,304.36,0,0,1,1.0,3,0.0252
S-TRAIN (fit),static,PAIRWISE,AD001812,428.837,0,0,1,0.7076,4,0.031
S-TRAIN (fit),static,PAIRWISE,AD001815,365.02,0,0,1,1.0,3,0.0258
S-TRAIN (fit),static,PAIRWISE,AD001879,258.424,0,0,1,1.0,3,0.0249
S-TRAIN (fit),static,PAIRWISE,AD001891,441.467,0,0,1,0.9675,4,0.0314
S-TRAIN (fit),static,PAIRWISE,AD001923,181.824,0,1,1,1.0,3,0.0249
S-TRAIN (fit),static,PAIRWISE,AD001937,40.553,1,1,1,1.0,3,0.0255
S-TRAIN (fit),static,PAIRWISE,AD001954,497.427,0,0,1,1.0,3,0.0255
S-TRAIN (fit),static,PAIRWISE,AD001972,64.154,1,1,1,1.0,3,0.0253
S-TRAIN (fit),static,PAIRWISE,AD001973,1199.855,0,0,0,0.4307,6,0.0437
S-TRAIN (fit),static,PAIRWISE,AD001995,148.268,0,1,1,1.0,3,0.0253
S-TRAIN (fit),static,PAIRWISE,AD002027,258.132,0,0,1,0.7967,3,0.0539
S-TRAIN (fit),static,PAIRWISE,AD002045,176.434,0,1,1,1.0,3,0.0277
S-TRAIN (fit),static,PAIRWISE,AD002057,1224.483,0,0,0,,2,0.0199
S-TRAIN (fit),static,PAIRWISE,AD002060,163.64,0,1,1,1.0,3,0.0265
S-TRAIN (fit),static,PAIRWISE,AD002061,148.318,0,1,1,1.0,3,0.0269
S-TRAIN (fit),static,PAIRWISE,AD002069,148.362,0,1,1,0.9675,4,0.0322
S-TRAIN (fit),static,PAIRWISE,AD002070,1838.564,0,0,0,,3,0.0255
S-TRAIN (fit),static,PAIRWISE,AD002074,45.414,1,1,1,1.0,3,0.0253
S-TRAIN (fit),static,PAIRWISE,AD002089,274.665,0,0,1,0.7579,3,0.0256
S-TRAIN (fit),static,PAIRWISE,AD002112,73.237,1,1,1,1.0,4,0.0315
S-TRAIN (fit),static,PAIRWISE,AD002123,259.821,0,0,1,0.8213,3,0.0251
S-TRAIN (fit),static,PAIRWISE,AD002131,213.082,0,1,1,1.0,3,0.0252
S-TRAIN (fit),static,PAIRWISE,AD002134,95.892,1,1,1,1.0,3,0.0255
S-TRAIN (fit),static,PAIRWISE,AD002138,186.074,0,1,1,0.9129,4,0.0314
S-TRAIN (fit),static,PAIRWISE,AD002154,318.425,0,0,1,1.0,3,0.0293
S-TRAIN (fit),static,PAIRWISE,AD002176,440.986,0,0,1,1.0,3,0.0248
S-TRAIN (fit),static,PAIRWISE,AD002181,36.676,1,1,1,1.0,3,0.0261
S-TRAIN (fit),static,PAIRWISE,AD002197,50.408,1,1,1,0.9592,4,0.0304
S-TRAIN (fit),static,PAIRWISE,AD002245,100.242,0,1,1,1.0,3,0.0249
S-TRAIN (fit),static,PAIRWISE,AD002251,488.531,0,0,1,1.0,3,0.0251
S-TRAIN (fit),static,PAIRWISE,AD002253,376.755,0,0,1,1.0,3,0.025
S-TRAIN (fit),static,PAIRWISE,AD002299,360.794,0,0,1,1.0,3,0.0252
S-TRAIN (fit),static,PAIRWISE,AD002332,2662.163,0,0,0,0.6309,6,0.0446
S-TRAIN (fit),static,PAIRWISE,AD002333,627.699,0,0,0,0.6309,7,0.0507
S-TRAIN (fit),static,PAIRWISE,AD002362,45.404,1,1,1,1.0,3,0.0252
S-TRAIN (fit),static,PAIRWISE,AD002415,2668.133,0,0,0,0.5,5,0.0581
S-TRAIN (fit),static,PAIRWISE,AD002416,1613.944,0,0,0,,3,0.0337
S-TRAIN (fit),static,PAIRWISE,AD002424,42.104,1,1,1,1.0,3,0.0264
S-TRAIN (fit),static,PAIRWISE,AD002458,371.058,0,0,1,0.5714,5,0.0388
S-TRAIN (fit),static,PAIRWISE,AD002466,288.353,0,0,1,1.0,3,0.0261
S-TRAIN (fit),static,PAIRWISE,AD002485,2002.022,0,0,0,0.3066,8,0.0562
S-TRAIN (fit),static,PAIRWISE,AD002490,419.0,0,0,1,1.0,3,0.0259
S-TRAIN (fit),static,PAIRWISE,AD002499,187.103,0,1,1,1.0,3,0.0257
S-TRAIN (fit),static,PAIRWISE,AD002504,185.528,0,1,1,1.0,3,0.0255
S-TRAIN (fit),static,PAIRWISE,AD002509,135.661,0,1,1,1.0,3,0.0248
S-TRAIN (fit),static,PAIRWISE,AD002535,373.48,0,0,1,1.0,5,0.0376
S-TRAIN (fit),static,PAIRWISE,AD002566,184.765,0,1,1,0.9871,4,0.0325
S-TRAIN (fit),static,PAIRWISE,AD002579,289.137,0,0,1,1.0,3,0.0245
S-TRAIN (fit),static,PAIRWISE,AD002583,309.94,0,0,1,1.0,3,0.0247
S-TRAIN (fit),static,PAIRWISE,AD002606,85.555,1,1,1,1.0,3,0.0243
S-TRAIN (fit),static,PAIRWISE,AD002633,106.349,0,1,1,1.0,3,0.0248
S-TRAIN (fit),static,PAIRWISE,AD002637,118.022,0,1,1,0.834,5,0.0419
S-TRAIN (fit),static,PAIRWISE,AD002661,316.701,0,0,1,0.9197,6,0.045
S-TRAIN (fit),static,PAIRWISE,AD002663,1280.649,0,0,0,,3,0.0248
S-TRAIN (fit),static,PAIRWISE,AD002673,229.151,0,1,1,1.0,3,0.0256
S-TRAIN (fit),static,PAIRWISE,AD002691,2811.077,0,0,0,0.5,6,0.0449
S-TRAIN (fit),static,PAIRWISE,AD002696,2999.996,0,0,0,,4,0.0317
S-TRAIN (fit),static,PAIRWISE,AD002711,794.753,0,0,0,,3,0.0249
S-TRAIN (fit),static,PAIRWISE,AD002728,585.363,0,0,0,0.4934,5,0.0372
S-TRAIN (fit),static,PAIRWISE,AD002737,188.476,0,1,1,0.9871,4,0.032
S-TRAIN (fit),static,PAIRWISE,AD002763,167.829,0,1,1,1.0,3,0.0245
S-TRAIN (fit),static,PAIRWISE,AD002764,19.454,1,1,1,1.0,3,0.0248
S-TRAIN (fit),static,PAIRWISE,AD002796,2968.077,0,0,0,,2,0.0184
S-TRAIN (fit),static,PAIRWISE,AD002802,251.194,0,0,1,1.0,3,0.0913
S-TRAIN (fit),static,PAIRWISE,AD002809,197.466,0,1,1,1.0,3,0.0404
S-TRAIN (fit),static,PAIRWISE,AD002819,406.75,0,0,1,1.0,5,0.039
S-TRAIN (fit),static,PAIRWISE,AD002821,212.317,0,1,1,1.0,4,0.0322
S-TRAIN (fit),static,PAIRWISE,AD002849,468.026,0,0,1,1.0,3,0.028
S-TRAIN (fit),static,PAIRWISE,AD002858,520.022,0,0,0,,3,0.0254
S-TRAIN (fit),static,PAIRWISE,AD002870,265.251,0,0,1,0.7967,3,0.0253
S-TRAIN (fit),static,PAIRWISE,AD002880,240.254,0,1,1,1.0,3,0.0251
S-TRAIN (fit),static,PAIRWISE,AD002882,995.562,0,0,0,0.6309,6,0.0452
S-TRAIN (fit),static,PAIRWISE,AD002911,216.162,0,1,1,1.0,3,0.0252
S-TRAIN (fit),static,PAIRWISE,AD002962,476.419,0,0,1,1.0,3,0.0253
S-TRAIN (fit),static,PAIRWISE,AD002966,542.382,0,0,0,,3,0.0251
S-TRAIN (fit),static,PAIRWISE,AD002996,183.498,0,1,1,1.0,3,0.0294
S-TRAIN (fit),static,PAIRWISE,AD003014,106.823,0,1,1,1.0,5,0.0378
S-TRAIN (fit),static,PAIRWISE,AD003041,99.139,1,1,1,0.9915,4,0.0317
S-TRAIN (fit),static,PAIRWISE,AD003050,203.889,0,1,1,1.0,3,0.026
S-TRAIN (fit),static,PAIRWISE,AD003060,215.219,0,1,1,1.0,3,0.0247
S-TRAIN (fit),static,PAIRWISE,AD003067,301.886,0,0,1,1.0,3,0.0251
S-TRAIN (fit),static,PAIRWISE,AD003074,818.656,0,0,0,0.3869,6,0.0445
S-TRAIN (fit),static,PAIRWISE,AD003077,318.999,0,0,1,1.0,3,0.0261
S-TRAIN (fit),static,PAIRWISE,AD003085,16.682,1,1,1,1.0,3,0.0254
S-TRAIN (fit),static,LAMBDAMART_SHUFFLED,AD000001,108.593,0,1,1,0.7309,3,0.1296
S-TRAIN (fit),static,LAMBDAMART_SHUFFLED,AD000012,121.264,0,1,1,0.9197,3,0.1151
S-TRAIN (fit),static,LAMBDAMART_SHUFFLED,AD000023,2829.841,0,0,0,0.6934,3,0.1189
S-TRAIN (fit),static,LAMBDAMART_SHUFFLED,AD000027,319.555,0,0,1,0.6885,3,0.1109
S-TRAIN (fit),static,LAMBDAMART_SHUFFLED,AD000047,2947.768,0,0,0,0.5,3,0.1353
S-TRAIN (fit),static,LAMBDAMART_SHUFFLED,AD000049,2287.837,0,0,0,0.6934,3,0.1143
S-TRAIN (fit),static,LAMBDAMART_SHUFFLED,AD000062,2665.362,0,0,0,0.6064,3,0.1108
S-TRAIN (fit),static,LAMBDAMART_SHUFFLED,AD000068,187.628,0,1,1,0.9639,3,0.1164
S-TRAIN (fit),static,LAMBDAMART_SHUFFLED,AD000069,3597.018,0,0,0,,3,0.1103
S-TRAIN (fit),static,LAMBDAMART_SHUFFLED,AD000088,3333.971,0,0,0,0.6653,3,0.1123
S-TRAIN (fit),static,LAMBDAMART_SHUFFLED,AD000094,1648.819,0,0,0,0.5896,5,0.1859
S-TRAIN (fit),static,LAMBDAMART_SHUFFLED,AD000096,3704.815,0,0,0,0.6934,3,0.1113
S-TRAIN (fit),static,LAMBDAMART_SHUFFLED,AD000105,1546.844,0,0,0,0.5,3,0.1109
S-TRAIN (fit),static,LAMBDAMART_SHUFFLED,AD000114,3073.028,0,0,0,0.6443,3,0.1128
S-TRAIN (fit),static,LAMBDAMART_SHUFFLED,AD000129,3193.273,0,0,0,,4,0.1404
S-TRAIN (fit),static,LAMBDAMART_SHUFFLED,AD000138,2668.572,0,0,0,0.6064,3,0.1141
S-TRAIN (fit),static,LAMBDAMART_SHUFFLED,AD000142,4356.31,0,0,0,0.6309,3,0.1073
S-TRAIN (fit),static,LAMBDAMART_SHUFFLED,AD000155,44.643,1,1,1,0.9828,3,0.1121
S-TRAIN (fit),static,LAMBDAMART_SHUFFLED,AD000172,3073.773,0,0,0,0.6934,3,0.113
S-TRAIN (fit),static,LAMBDAMART_SHUFFLED,AD000176,2813.843,0,0,0,0.6934,3,0.1157
S-TRAIN (fit),static,LAMBDAMART_SHUFFLED,AD000198,3346.104,0,0,0,0.5869,3,0.112
S-TRAIN (fit),static,LAMBDAMART_SHUFFLED,AD000204,2409.481,0,0,0,0.659,3,0.1177
S-TRAIN (fit),static,LAMBDAMART_SHUFFLED,AD000223,2510.194,0,0,0,0.6934,3,0.113
S-TRAIN (fit),static,LAMBDAMART_SHUFFLED,AD000253,2429.745,0,0,0,0.659,3,0.1103
S-TRAIN (fit),static,LAMBDAMART_SHUFFLED,AD000260,244.712,0,1,1,0.9639,3,0.1143
S-TRAIN (fit),static,LAMBDAMART_SHUFFLED,AD000309,3111.76,0,0,0,0.6934,3,0.111
S-TRAIN (fit),static,LAMBDAMART_SHUFFLED,AD000316,2945.015,0,0,0,0.6443,3,0.1162
S-TRAIN (fit),static,LAMBDAMART_SHUFFLED,AD000323,3359.635,0,0,0,0.6653,3,0.1114
S-TRAIN (fit),static,LAMBDAMART_SHUFFLED,AD000337,30.585,1,1,1,0.9197,3,0.1111
S-TRAIN (fit),static,LAMBDAMART_SHUFFLED,AD000338,2153.431,0,0,0,0.6934,3,0.1113
S-TRAIN (fit),static,LAMBDAMART_SHUFFLED,AD000354,1338.932,0,0,0,0.6934,3,0.1113
S-TRAIN (fit),static,LAMBDAMART_SHUFFLED,AD000360,3638.485,0,0,0,0.6934,3,0.115
S-TRAIN (fit),static,LAMBDAMART_SHUFFLED,AD000369,2827.524,0,0,0,0.6934,3,0.1108
S-TRAIN (fit),static,LAMBDAMART_SHUFFLED,AD000387,2005.769,0,0,0,0.6934,3,0.1156
S-TRAIN (fit),static,LAMBDAMART_SHUFFLED,AD000397,3565.977,0,0,0,0.6443,3,0.1121
S-TRAIN (fit),static,LAMBDAMART_SHUFFLED,AD000412,226.165,0,1,1,0.9639,3,0.1109
S-TRAIN (fit),static,LAMBDAMART_SHUFFLED,AD000424,2060.685,0,0,0,0.659,3,0.1117
S-TRAIN (fit),static,LAMBDAMART_SHUFFLED,AD000430,2266.448,0,0,0,0.6934,3,0.136
S-TRAIN (fit),static,LAMBDAMART_SHUFFLED,AD000433,4338.838,0,0,0,,4,0.1366
S-TRAIN (fit),static,LAMBDAMART_SHUFFLED,AD000451,1171.466,0,0,0,0.6934,3,0.1137
S-TRAIN (fit),static,LAMBDAMART_SHUFFLED,AD000475,3164.665,0,0,0,0.659,3,0.1142
S-TRAIN (fit),static,LAMBDAMART_SHUFFLED,AD000524,2896.079,0,0,0,0.659,3,0.1115
S-TRAIN (fit),static,LAMBDAMART_SHUFFLED,AD000526,1925.112,0,0,0,,3,0.1114
S-TRAIN (fit),static,LAMBDAMART_SHUFFLED,AD000541,3300.822,0,0,0,0.6934,3,0.1898
S-TRAIN (fit),static,LAMBDAMART_SHUFFLED,AD000560,2608.809,0,0,0,0.6934,3,0.1126
S-TRAIN (fit),static,LAMBDAMART_SHUFFLED,AD000589,3050.008,0,0,0,0.6934,3,0.1111
S-TRAIN (fit),static,LAMBDAMART_SHUFFLED,AD000602,3327.697,0,0,0,0.6934,3,0.1104
S-TRAIN (fit),static,LAMBDAMART_SHUFFLED,AD000608,3424.892,0,0,0,0.5706,4,0.1417
S-TRAIN (fit),static,LAMBDAMART_SHUFFLED,AD000613,1692.289,0,0,0,0.5706,4,0.1361
S-TRAIN (fit),static,LAMBDAMART_SHUFFLED,AD000630,3225.301,0,0,0,0.6934,3,0.1401
S-TRAIN (fit),static,LAMBDAMART_SHUFFLED,AD000631,2138.894,0,0,0,0.5706,4,0.264
S-TRAIN (fit),static,LAMBDAMART_SHUFFLED,AD000634,1931.854,0,0,0,,3,0.2257
S-TRAIN (fit),static,LAMBDAMART_SHUFFLED,AD000639,126.421,0,1,1,0.7309,3,0.2214
S-TRAIN (fit),static,LAMBDAMART_SHUFFLED,AD000652,3403.201,0,0,0,0.6309,3,0.2057
S-TRAIN (fit),static,LAMBDAMART_SHUFFLED,AD000658,3039.821,0,0,0,0.6309,3,0.2407
S-TRAIN (fit),static,LAMBDAMART_SHUFFLED,AD000667,2981.147,0,0,0,0.6309,3,0.2173
S-TRAIN (fit),static,LAMBDAMART_SHUFFLED,AD000668,2759.28,0,0,0,0.6934,3,0.2256
S-TRAIN (fit),static,LAMBDAMART_SHUFFLED,AD000710,464.85,0,0,1,0.9197,3,0.2395
S-TRAIN (fit),static,LAMBDAMART_SHUFFLED,AD000722,4290.9,0,0,0,0.6934,3,0.2157
S-TRAIN (fit),static,LAMBDAMART_SHUFFLED,AD000733,3401.545,0,0,0,0.6934,3,0.2796
S-TRAIN (fit),static,LAMBDAMART_SHUFFLED,AD000741,3390.613,0,0,0,0.6309,3,0.121
S-TRAIN (fit),static,LAMBDAMART_SHUFFLED,AD000753,3533.08,0,0,0,0.6934,3,0.1659
S-TRAIN (fit),static,LAMBDAMART_SHUFFLED,AD000756,221.641,0,1,1,0.9197,3,0.1206
S-TRAIN (fit),static,LAMBDAMART_SHUFFLED,AD000779,2471.114,0,0,0,,3,0.149
S-TRAIN (fit),static,LAMBDAMART_SHUFFLED,AD000785,3038.112,0,0,0,0.0,6,0.1758
S-TRAIN (fit),static,LAMBDAMART_SHUFFLED,AD000787,1414.218,0,0,0,0.6443,3,0.1158
S-TRAIN (fit),static,LAMBDAMART_SHUFFLED,AD000808,3972.668,0,0,0,0.6201,4,0.1359
S-TRAIN (fit),static,LAMBDAMART_SHUFFLED,AD000809,920.861,0,0,0,0.6309,3,0.111
S-TRAIN (fit),static,LAMBDAMART_SHUFFLED,AD000817,2083.69,0,0,0,0.659,3,0.1352
S-TRAIN (fit),static,LAMBDAMART_SHUFFLED,AD000825,55.1,1,1,1,1.0,3,0.1158
S-TRAIN (fit),static,LAMBDAMART_SHUFFLED,AD000836,880.127,0,0,0,0.7328,4,0.1372
S-TRAIN (fit),static,LAMBDAMART_SHUFFLED,AD000850,4004.208,0,0,0,0.5869,3,0.1094
S-TRAIN (fit),static,LAMBDAMART_SHUFFLED,AD000854,608.084,0,0,0,0.5,3,0.1102
S-TRAIN (fit),static,LAMBDAMART_SHUFFLED,AD000869,2954.213,0,0,0,0.5774,4,0.1346
S-TRAIN (fit),static,LAMBDAMART_SHUFFLED,AD000904,2573.447,0,0,0,0.6934,3,0.1126
S-TRAIN (fit),static,LAMBDAMART_SHUFFLED,AD000924,2847.474,0,0,0,0.2372,6,0.2074
S-TRAIN (fit),static,LAMBDAMART_SHUFFLED,AD000936,2684.462,0,0,0,0.6934,3,0.1157
S-TRAIN (fit),static,LAMBDAMART_SHUFFLED,AD000950,2863.578,0,0,0,0.6934,3,0.1163
S-TRAIN (fit),static,LAMBDAMART_SHUFFLED,AD001031,142.05,0,1,1,0.9197,3,0.1097
S-TRAIN (fit),static,LAMBDAMART_SHUFFLED,AD001035,1001.132,0,0,0,,3,0.1923
S-TRAIN (fit),static,LAMBDAMART_SHUFFLED,AD001040,110.505,0,1,1,0.9639,3,0.1158
S-TRAIN (fit),static,LAMBDAMART_SHUFFLED,AD001042,3216.346,0,0,0,0.6443,3,0.1114
S-TRAIN (fit),static,LAMBDAMART_SHUFFLED,AD001045,3312.363,0,0,0,0.6934,3,0.1121
S-TRAIN (fit),static,LAMBDAMART_SHUFFLED,AD001080,190.432,0,1,1,0.9328,7,0.2097
S-TRAIN (fit),static,LAMBDAMART_SHUFFLED,AD001105,3595.104,0,0,0,0.6934,3,0.1358
S-TRAIN (fit),static,LAMBDAMART_SHUFFLED,AD001116,4157.625,0,0,0,0.5706,4,0.1394
S-TRAIN (fit),static,LAMBDAMART_SHUFFLED,AD001121,4784.006,0,0,0,0.5317,4,0.1324
S-TRAIN (fit),static,LAMBDAMART_SHUFFLED,AD001127,3481.931,0,0,0,0.659,3,0.1146
S-TRAIN (fit),static,LAMBDAMART_SHUFFLED,AD001130,2918.142,0,0,0,0.659,3,0.1103
S-TRAIN (fit),static,LAMBDAMART_SHUFFLED,AD001145,2874.98,0,0,0,0.6443,3,0.1295
S-TRAIN (fit),static,LAMBDAMART_SHUFFLED,AD001156,140.057,0,1,1,1.0,6,0.1832
S-TRAIN (fit),static,LAMBDAMART_SHUFFLED,AD001170,3935.702,0,0,0,0.659,3,0.1118
S-TRAIN (fit),static,LAMBDAMART_SHUFFLED,AD001232,3117.868,0,0,0,0.659,3,0.1385
S-TRAIN (fit),static,LAMBDAMART_SHUFFLED,AD001236,3673.066,0,0,0,0.5,3,0.1128
S-TRAIN (fit),static,LAMBDAMART_SHUFFLED,AD001254,1617.826,0,0,0,0.6399,4,0.1411
S-TRAIN (fit),static,LAMBDAMART_SHUFFLED,AD001268,452.607,0,0,1,1.0,3,0.1112
S-TRAIN (fit),static,LAMBDAMART_SHUFFLED,AD001272,3740.88,0,0,0,0.6934,3,0.1116
S-TRAIN (fit),static,LAMBDAMART_SHUFFLED,AD001294,1623.747,0,0,0,0.0,8,0.2897
S-TRAIN (fit),static,LAMBDAMART_SHUFFLED,AD001324,3033.837,0,0,0,0.6653,3,0.1174
S-TRAIN (fit),static,LAMBDAMART_SHUFFLED,AD001339,3100.138,0,0,0,0.6509,4,0.1376
S-TRAIN (fit),static,LAMBDAMART_SHUFFLED,AD001357,3948.428,0,0,0,0.5869,3,0.1099
S-TRAIN (fit),static,LAMBDAMART_SHUFFLED,AD001380,169.53,0,1,1,0.9197,3,0.1382
S-TRAIN (fit),static,LAMBDAMART_SHUFFLED,AD001408,3033.186,0,0,0,0.5869,3,0.1178
S-TRAIN (fit),static,LAMBDAMART_SHUFFLED,AD001416,2890.296,0,0,0,0.6443,3,0.1139
S-TRAIN (fit),static,LAMBDAMART_SHUFFLED,AD001422,4339.865,0,0,0,0.6934,3,0.1066
S-TRAIN (fit),static,LAMBDAMART_SHUFFLED,AD001462,3425.043,0,0,0,0.6509,4,0.1395
S-TRAIN (fit),static,LAMBDAMART_SHUFFLED,AD001465,1853.062,0,0,0,0.6934,3,0.1118
S-TRAIN (fit),static,LAMBDAMART_SHUFFLED,AD001479,3693.902,0,0,0,,3,0.1129
S-TRAIN (fit),static,LAMBDAMART_SHUFFLED,AD001495,472.797,0,0,1,0.8503,7,0.2391
S-TRAIN (fit),static,LAMBDAMART_SHUFFLED,AD001499,3725.504,0,0,0,0.6443,3,0.1135
S-TRAIN (fit),static,LAMBDAMART_SHUFFLED,AD001505,2552.04,0,0,0,0.6653,3,0.1133
S-TRAIN (fit),static,LAMBDAMART_SHUFFLED,AD001521,3886.542,0,0,0,0.6934,3,0.1149
S-TRAIN (fit),static,LAMBDAMART_SHUFFLED,AD001523,2106.856,0,0,0,0.6934,3,0.1104
S-TRAIN (fit),static,LAMBDAMART_SHUFFLED,AD001539,154.721,0,1,1,0.9639,3,0.1121
S-TRAIN (fit),static,LAMBDAMART_SHUFFLED,AD001540,3234.501,0,0,0,0.6934,3,0.1113
S-TRAIN (fit),static,LAMBDAMART_SHUFFLED,AD001551,779.139,0,0,0,,3,0.1347
S-TRAIN (fit),static,LAMBDAMART_SHUFFLED,AD001554,3153.032,0,0,0,0.6934,3,0.115
S-TRAIN (fit),static,LAMBDAMART_SHUFFLED,AD001555,3369.691,0,0,0,0.659,3,0.1101
S-TRAIN (fit),static,LAMBDAMART_SHUFFLED,AD001578,3078.463,0,0,0,0.6934,3,0.1109
S-TRAIN (fit),static,LAMBDAMART_SHUFFLED,AD001581,3073.573,0,0,0,0.659,3,0.1107
S-TRAIN (fit),static,LAMBDAMART_SHUFFLED,AD001587,3601.212,0,0,0,0.6934,3,0.1153
S-TRAIN (fit),static,LAMBDAMART_SHUFFLED,AD001619,2159.787,0,0,0,0.6934,3,0.1128
S-TRAIN (fit),static,LAMBDAMART_SHUFFLED,AD001638,2579.886,0,0,0,0.6934,3,0.1841
S-TRAIN (fit),static,LAMBDAMART_SHUFFLED,AD001647,3915.097,0,0,0,0.6934,3,0.1151
S-TRAIN (fit),static,LAMBDAMART_SHUFFLED,AD001689,115.462,0,1,1,0.9639,3,0.1123
S-TRAIN (fit),static,LAMBDAMART_SHUFFLED,AD001697,3095.721,0,0,0,0.5869,3,0.1172
S-TRAIN (fit),static,LAMBDAMART_SHUFFLED,AD001700,23.483,1,1,1,0.9558,3,0.1116
S-TRAIN (fit),static,LAMBDAMART_SHUFFLED,AD001713,2.163,1,1,1,0.9558,3,0.111
S-TRAIN (fit),static,LAMBDAMART_SHUFFLED,AD001722,2774.071,0,0,0,0.5,4,0.1342
S-TRAIN (fit),static,LAMBDAMART_SHUFFLED,AD001731,85.387,1,1,1,0.9828,3,0.1154
S-TRAIN (fit),static,LAMBDAMART_SHUFFLED,AD001738,262.395,0,0,1,0.9197,3,0.1123
S-TRAIN (fit),static,LAMBDAMART_SHUFFLED,AD001741,2101.204,0,0,0,0.6934,3,0.1118
S-TRAIN (fit),static,LAMBDAMART_SHUFFLED,AD001742,2929.179,0,0,0,0.6934,3,0.1143
S-TRAIN (fit),static,LAMBDAMART_SHUFFLED,AD001760,3754.158,0,0,0,0.6309,3,0.1118
S-TRAIN (fit),static,LAMBDAMART_SHUFFLED,AD001767,2296.612,0,0,0,0.659,3,0.1375
S-TRAIN (fit),static,LAMBDAMART_SHUFFLED,AD001779,3480.632,0,0,0,0.6934,3,0.1146
S-TRAIN (fit),static,LAMBDAMART_SHUFFLED,AD001788,1734.3,0,0,0,0.6835,4,0.1349
S-TRAIN (fit),static,LAMBDAMART_SHUFFLED,AD001792,2059.021,0,0,0,0.6295,7,0.208
S-TRAIN (fit),static,LAMBDAMART_SHUFFLED,AD001794,3019.266,0,0,0,0.6934,3,0.1173
S-TRAIN (fit),static,LAMBDAMART_SHUFFLED,AD001812,4182.263,0,0,0,0.6201,4,0.1298
S-TRAIN (fit),static,LAMBDAMART_SHUFFLED,AD001815,2871.902,0,0,0,0.6934,3,0.1109
S-TRAIN (fit),static,LAMBDAMART_SHUFFLED,AD001879,2425.241,0,0,0,0.6934,3,0.1355
S-TRAIN (fit),static,LAMBDAMART_SHUFFLED,AD001891,393.628,0,0,1,0.906,4,0.1358
S-TRAIN (fit),static,LAMBDAMART_SHUFFLED,AD001923,2840.212,0,0,0,0.6934,3,0.1119
S-TRAIN (fit),static,LAMBDAMART_SHUFFLED,AD001937,2978.777,0,0,0,0.5413,3,0.1168
S-TRAIN (fit),static,LAMBDAMART_SHUFFLED,AD001954,2009.714,0,0,0,0.6934,3,0.1112
S-TRAIN (fit),static,LAMBDAMART_SHUFFLED,AD001972,2459.112,0,0,0,0.6443,3,0.112
S-TRAIN (fit),static,LAMBDAMART_SHUFFLED,AD001973,945.425,0,0,0,0.4307,6,0.248
S-TRAIN (fit),static,LAMBDAMART_SHUFFLED,AD001995,148.268,0,1,1,0.9639,3,0.1205
S-TRAIN (fit),static,LAMBDAMART_SHUFFLED,AD002027,1438.902,0,0,0,0.5869,3,0.1131
S-TRAIN (fit),static,LAMBDAMART_SHUFFLED,AD002045,176.434,0,1,1,0.9639,3,0.1165
S-TRAIN (fit),static,LAMBDAMART_SHUFFLED,AD002057,2870.16,0,0,0,,2,0.0843
S-TRAIN (fit),static,LAMBDAMART_SHUFFLED,AD002060,163.64,0,1,1,0.9639,3,0.1121
S-TRAIN (fit),static,LAMBDAMART_SHUFFLED,AD002061,2626.266,0,0,0,0.6934,3,0.1115
S-TRAIN (fit),static,LAMBDAMART_SHUFFLED,AD002069,4152.223,0,0,0,0.7328,4,0.134
S-TRAIN (fit),static,LAMBDAMART_SHUFFLED,AD002070,2135.376,0,0,0,,3,0.1115
S-TRAIN (fit),static,LAMBDAMART_SHUFFLED,AD002074,45.414,1,1,1,0.9828,3,0.1108
S-TRAIN (fit),static,LAMBDAMART_SHUFFLED,AD002089,222.236,0,1,1,1.0,3,0.1139
S-TRAIN (fit),static,LAMBDAMART_SHUFFLED,AD002112,3432.439,0,0,0,0.5151,4,0.1361
S-TRAIN (fit),static,LAMBDAMART_SHUFFLED,AD002123,259.821,0,0,1,0.7579,3,0.1372
S-TRAIN (fit),static,LAMBDAMART_SHUFFLED,AD002131,3495.923,0,0,0,0.659,3,0.114
S-TRAIN (fit),static,LAMBDAMART_SHUFFLED,AD002134,3564.198,0,0,0,0.6934,3,0.1156
S-TRAIN (fit),static,LAMBDAMART_SHUFFLED,AD002138,4204.864,0,0,0,0.709,4,0.1288
S-TRAIN (fit),static,LAMBDAMART_SHUFFLED,AD002154,2324.435,0,0,0,0.6934,3,0.1155
S-TRAIN (fit),static,LAMBDAMART_SHUFFLED,AD002176,2364.092,0,0,0,0.6934,3,0.1119
S-TRAIN (fit),static,LAMBDAMART_SHUFFLED,AD002181,36.676,1,1,1,0.9828,3,0.1109
S-TRAIN (fit),static,LAMBDAMART_SHUFFLED,AD002197,50.408,1,1,1,1.0,4,0.1546
S-TRAIN (fit),static,LAMBDAMART_SHUFFLED,AD002245,3181.251,0,0,0,0.6934,3,0.1111
S-TRAIN (fit),static,LAMBDAMART_SHUFFLED,AD002251,4030.238,0,0,0,0.6934,3,0.1105
S-TRAIN (fit),static,LAMBDAMART_SHUFFLED,AD002253,2151.333,0,0,0,0.6934,3,0.2134
S-TRAIN (fit),static,LAMBDAMART_SHUFFLED,AD002299,2196.33,0,0,0,0.6934,3,0.1115
S-TRAIN (fit),static,LAMBDAMART_SHUFFLED,AD002332,3538.371,0,0,0,0.0,6,0.2441
S-TRAIN (fit),static,LAMBDAMART_SHUFFLED,AD002333,1541.406,0,0,0,0.4307,7,0.2138
S-TRAIN (fit),static,LAMBDAMART_SHUFFLED,AD002362,3039.821,0,0,0,0.6653,3,0.1164
S-TRAIN (fit),static,LAMBDAMART_SHUFFLED,AD002415,861.721,0,0,0,0.4307,5,0.1602
S-TRAIN (fit),static,LAMBDAMART_SHUFFLED,AD002416,2157.713,0,0,0,,3,0.1121
S-TRAIN (fit),static,LAMBDAMART_SHUFFLED,AD002424,2791.378,0,0,0,0.6653,3,0.1359
S-TRAIN (fit),static,LAMBDAMART_SHUFFLED,AD002458,3423.329,0,0,0,0.531,5,0.1669
S-TRAIN (fit),static,LAMBDAMART_SHUFFLED,AD002466,2428.541,0,0,0,0.6934,3,0.1124
S-TRAIN (fit),static,LAMBDAMART_SHUFFLED,AD002485,2002.022,0,0,0,0.2372,8,0.2381
S-TRAIN (fit),static,LAMBDAMART_SHUFFLED,AD002490,419.0,0,0,1,0.9197,3,0.1121
S-TRAIN (fit),static,LAMBDAMART_SHUFFLED,AD002499,2669.16,0,0,0,0.6934,3,0.1118
S-TRAIN (fit),static,LAMBDAMART_SHUFFLED,AD002504,2808.254,0,0,0,0.659,3,0.1137
S-TRAIN (fit),static,LAMBDAMART_SHUFFLED,AD002509,2252.246,0,0,0,0.659,3,0.1366
S-TRAIN (fit),static,LAMBDAMART_SHUFFLED,AD002535,2337.216,0,0,0,0.5013,5,0.1668
S-TRAIN (fit),static,LAMBDAMART_SHUFFLED,AD002566,294.8,0,0,1,0.7032,4,0.1385
S-TRAIN (fit),static,LAMBDAMART_SHUFFLED,AD002579,2860.925,0,0,0,0.6934,3,0.1166
S-TRAIN (fit),static,LAMBDAMART_SHUFFLED,AD002583,2582.482,0,0,0,0.6934,3,0.111
S-TRAIN (fit),static,LAMBDAMART_SHUFFLED,AD002606,85.555,1,1,1,0.9828,3,0.1126
S-TRAIN (fit),static,LAMBDAMART_SHUFFLED,AD002633,2401.98,0,0,0,0.6934,3,0.11
S-TRAIN (fit),static,LAMBDAMART_SHUFFLED,AD002637,2937.223,0,0,0,0.5174,5,0.1838
S-TRAIN (fit),static,LAMBDAMART_SHUFFLED,AD002661,2052.934,0,0,0,0.6509,6,0.1882
S-TRAIN (fit),static,LAMBDAMART_SHUFFLED,AD002663,2173.215,0,0,0,,3,0.1121
S-TRAIN (fit),static,LAMBDAMART_SHUFFLED,AD002673,3219.111,0,0,0,0.6934,3,0.1124
S-TRAIN (fit),static,LAMBDAMART_SHUFFLED,AD002691,3594.503,0,0,0,0.3869,6,0.1755
S-TRAIN (fit),static,LAMBDAMART_SHUFFLED,AD002696,2883.636,0,0,0,,4,0.2007
S-TRAIN (fit),static,LAMBDAMART_SHUFFLED,AD002711,3174.847,0,0,0,,3,0.1175
S-TRAIN (fit),static,LAMBDAMART_SHUFFLED,AD002728,2026.649,0,0,0,0.4624,5,0.1652
S-TRAIN (fit),static,LAMBDAMART_SHUFFLED,AD002737,3842.459,0,0,0,0.6833,4,0.1358
S-TRAIN (fit),static,LAMBDAMART_SHUFFLED,AD002763,2494.164,0,0,0,0.659,3,0.1123
S-TRAIN (fit),static,LAMBDAMART_SHUFFLED,AD002764,2857.15,0,0,0,0.5413,3,0.1416
S-TRAIN (fit),static,LAMBDAMART_SHUFFLED,AD002796,2968.077,0,0,0,,2,0.0905
S-TRAIN (fit),static,LAMBDAMART_SHUFFLED,AD002802,2391.087,0,0,0,0.6934,3,0.1164
S-TRAIN (fit),static,LAMBDAMART_SHUFFLED,AD002809,2262.61,0,0,0,0.6934,3,0.1144
S-TRAIN (fit),static,LAMBDAMART_SHUFFLED,AD002819,1541.565,0,0,0,0.6309,5,0.1649
S-TRAIN (fit),static,LAMBDAMART_SHUFFLED,AD002821,2383.213,0,0,0,0.6399,4,0.1378
S-TRAIN (fit),static,LAMBDAMART_SHUFFLED,AD002849,468.026,0,0,1,0.9197,3,0.1115
S-TRAIN (fit),static,LAMBDAMART_SHUFFLED,AD002858,2662.031,0,0,0,,3,0.1396
S-TRAIN (fit),static,LAMBDAMART_SHUFFLED,AD002870,2455.844,0,0,0,0.5869,3,0.1177
S-TRAIN (fit),static,LAMBDAMART_SHUFFLED,AD002880,3490.55,0,0,0,0.659,3,0.1173
S-TRAIN (fit),static,LAMBDAMART_SHUFFLED,AD002882,1258.496,0,0,0,0.4307,6,0.1882
S-TRAIN (fit),static,LAMBDAMART_SHUFFLED,AD002911,3405.831,0,0,0,0.5,3,0.1123
S-TRAIN (fit),static,LAMBDAMART_SHUFFLED,AD002962,476.419,0,0,1,0.9197,3,0.1132
S-TRAIN (fit),static,LAMBDAMART_SHUFFLED,AD002966,2507.095,0,0,0,,3,0.1381
S-TRAIN (fit),static,LAMBDAMART_SHUFFLED,AD002996,1243.632,0,0,0,0.6934,3,0.1171
S-TRAIN (fit),static,LAMBDAMART_SHUFFLED,AD003014,2501.254,0,0,0,0.6278,5,0.1608
S-TRAIN (fit),static,LAMBDAMART_SHUFFLED,AD003041,99.139,1,1,1,0.9915,4,0.1424
S-TRAIN (fit),static,LAMBDAMART_SHUFFLED,AD003050,2514.507,0,0,0,0.6934,3,0.1128
S-TRAIN (fit),static,LAMBDAMART_SHUFFLED,AD003060,2668.159,0,0,0,0.6934,3,0.115
S-TRAIN (fit),static,LAMBDAMART_SHUFFLED,AD003067,1999.864,0,0,0,0.6934,3,0.1113
S-TRAIN (fit),static,LAMBDAMART_SHUFFLED,AD003074,818.656,0,0,0,0.3869,6,0.2677
S-TRAIN (fit),static,LAMBDAMART_SHUFFLED,AD003077,2637.211,0,0,0,0.6934,3,0.1146
S-TRAIN (fit),static,LAMBDAMART_SHUFFLED,AD003085,3735.898,0,0,0,0.6309,3,0.1128
S-VAL (selection),static,RULE,AD000032,466.514,0,0,1,1.0,3,0.0446
S-VAL (selection),static,RULE,AD000037,1302.431,0,0,0,0.3869,6,0.056
S-VAL (selection),static,RULE,AD000066,373.431,0,0,1,0.7098,3,0.0337
S-VAL (selection),static,RULE,AD000079,165.369,0,1,1,1.0,3,0.0308
S-VAL (selection),static,RULE,AD000173,242.711,0,1,1,1.0,3,0.0305
S-VAL (selection),static,RULE,AD000197,460.47,0,0,1,0.7967,3,0.0288
S-VAL (selection),static,RULE,AD000238,33.767,1,1,1,1.0,4,0.0397
S-VAL (selection),static,RULE,AD000258,2224.758,0,0,0,0.3869,7,0.0516
S-VAL (selection),static,RULE,AD000355,272.932,0,0,1,1.0,3,0.0288
S-VAL (selection),static,RULE,AD000379,728.854,0,0,0,,3,0.0271
S-VAL (selection),static,RULE,AD000460,248.907,0,1,1,1.0,3,0.0316
S-VAL (selection),static,RULE,AD000517,93.418,1,1,1,1.0,3,0.0273
S-VAL (selection),static,RULE,AD000529,110.001,0,1,1,0.834,3,0.03
S-VAL (selection),static,RULE,AD000624,1392.849,0,0,0,,4,0.0347
S-VAL (selection),static,RULE,AD000672,127.919,0,1,1,1.0,3,0.0304
S-VAL (selection),static,RULE,AD000711,300.083,0,0,1,1.0,4,0.0373
S-VAL (selection),static,RULE,AD000727,131.751,0,1,1,1.0,4,0.0356
S-VAL (selection),static,RULE,AD000735,273.629,0,0,1,0.7967,3,0.0267
S-VAL (selection),static,RULE,AD000759,93.304,1,1,1,1.0,3,0.0353
S-VAL (selection),static,RULE,AD000781,141.313,0,1,1,1.0,4,0.0431
S-VAL (selection),static,RULE,AD000782,374.849,0,0,1,1.0,3,0.03
S-VAL (selection),static,RULE,AD000810,667.845,0,0,0,0.6309,3,0.0275
S-VAL (selection),static,RULE,AD000841,292.843,0,0,1,1.0,3,0.0289
S-VAL (selection),static,RULE,AD000942,72.575,1,1,1,1.0,3,0.0267
S-VAL (selection),static,RULE,AD000948,195.983,0,1,1,1.0,3,0.0267
S-VAL (selection),static,RULE,AD000969,73.828,1,1,1,1.0,3,0.0265
S-VAL (selection),static,RULE,AD000986,22.02,1,1,1,1.0,3,0.0276
S-VAL (selection),static,RULE,AD001053,111.114,0,1,1,1.0,4,0.1016
S-VAL (selection),static,RULE,AD001091,67.339,1,1,1,1.0,4,0.0408
S-VAL (selection),static,RULE,AD001122,378.993,0,0,1,1.0,3,0.0309
S-VAL (selection),static,RULE,AD001133,168.974,0,1,1,1.0,3,0.0294
S-VAL (selection),static,RULE,AD001135,184.695,0,1,1,1.0,3,0.0299
S-VAL (selection),static,RULE,AD001152,164.683,0,1,1,0.9197,4,0.0341
S-VAL (selection),static,RULE,AD001178,435.97,0,0,1,1.0,3,0.0261
S-VAL (selection),static,RULE,AD001186,406.339,0,0,1,0.7967,3,0.0251
S-VAL (selection),static,RULE,AD001200,397.126,0,0,1,1.0,4,0.0371
S-VAL (selection),static,RULE,AD001212,1630.448,0,0,0,,6,0.0475
S-VAL (selection),static,RULE,AD001223,68.118,1,1,1,1.0,3,0.0297
S-VAL (selection),static,RULE,AD001314,127.278,0,1,1,1.0,3,0.0278
S-VAL (selection),static,RULE,AD001352,194.035,0,1,1,0.9514,4,0.0398
S-VAL (selection),static,RULE,AD001363,483.889,0,0,1,1.0,3,0.0308
S-VAL (selection),static,RULE,AD001364,286.773,0,0,1,1.0,3,0.0265
S-VAL (selection),static,RULE,AD001447,151.867,0,1,1,1.0,3,0.0268
S-VAL (selection),static,RULE,AD001509,578.906,0,0,0,,3,0.0311
S-VAL (selection),static,RULE,AD001627,407.821,0,0,1,0.9197,7,0.0583
S-VAL (selection),static,RULE,AD001662,431.003,0,0,1,0.7967,3,0.028
S-VAL (selection),static,RULE,AD001726,44.471,1,1,1,1.0,3,0.0271
S-VAL (selection),static,RULE,AD001746,311.005,0,0,1,1.0,3,0.0304
S-VAL (selection),static,RULE,AD001753,85.468,1,1,1,1.0,4,0.0367
S-VAL (selection),static,RULE,AD001821,68.236,1,1,1,1.0,3,0.0272
S-VAL (selection),static,RULE,AD001880,826.704,0,0,0,,3,0.0256
S-VAL (selection),static,RULE,AD001996,200.441,0,1,1,0.9328,7,0.0609
S-VAL (selection),static,RULE,AD002067,181.338,0,1,1,1.0,3,0.0303
S-VAL (selection),static,RULE,AD002096,196.144,0,1,1,1.0,4,0.0365
S-VAL (selection),static,RULE,AD002103,525.531,0,0,0,,3,0.0319
S-VAL (selection),static,RULE,AD002194,330.334,0,0,1,1.0,3,0.0284
S-VAL (selection),static,RULE,AD002244,1110.568,0,0,0,,3,0.0272
S-VAL (selection),static,RULE,AD002270,282.725,0,0,1,0.7967,3,0.0938
S-VAL (selection),static,RULE,AD002357,226.477,0,1,1,1.0,3,0.0332
S-VAL (selection),static,RULE,AD002412,379.36,0,0,1,0.8045,5,0.0456
S-VAL (selection),static,RULE,AD002621,21.134,1,1,1,1.0,3,0.0283
S-VAL (selection),static,RULE,AD002664,133.831,0,1,1,1.0,3,0.0285
S-VAL (selection),static,RULE,AD002685,265.422,0,0,1,1.0,3,0.028
S-VAL (selection),static,RULE,AD002748,160.171,0,1,1,1.0,3,0.0275
S-VAL (selection),static,RULE,AD002751,190.385,0,1,1,1.0,3,0.0295
S-VAL (selection),static,RULE,AD002808,452.074,0,0,1,0.7967,3,0.0279
S-VAL (selection),static,RULE,AD002875,100.234,0,1,1,0.9197,4,0.035
S-VAL (selection),static,RULE,AD002936,325.301,0,0,1,0.7967,3,0.0276
S-VAL (selection),static,RULE,AD003016,664.527,0,0,0,0.6309,3,0.0291
S-VAL (selection),static,PIN_ONLY,AD000032,466.514,0,0,1,1.0,3,0.0037
S-VAL (selection),static,PIN_ONLY,AD000037,1302.431,0,0,0,0.3869,6,0.0063
S-VAL (selection),static,PIN_ONLY,AD000066,373.431,0,0,1,0.7098,3,0.0033
S-VAL (selection),static,PIN_ONLY,AD000079,165.369,0,1,1,1.0,3,0.0034
S-VAL (selection),static,PIN_ONLY,AD000173,242.711,0,1,1,1.0,3,0.0038
S-VAL (selection),static,PIN_ONLY,AD000197,460.47,0,0,1,0.7967,3,0.0035
S-VAL (selection),static,PIN_ONLY,AD000238,33.767,1,1,1,0.9942,4,0.0044
S-VAL (selection),static,PIN_ONLY,AD000258,2224.758,0,0,0,0.3869,7,0.0057
S-VAL (selection),static,PIN_ONLY,AD000355,272.932,0,0,1,1.0,3,0.0029
S-VAL (selection),static,PIN_ONLY,AD000379,728.854,0,0,0,,3,0.0029
S-VAL (selection),static,PIN_ONLY,AD000460,248.907,0,1,1,1.0,3,0.0028
S-VAL (selection),static,PIN_ONLY,AD000517,93.418,1,1,1,1.0,3,0.0031
S-VAL (selection),static,PIN_ONLY,AD000529,110.001,0,1,1,0.834,3,0.0032
S-VAL (selection),static,PIN_ONLY,AD000624,1392.849,0,0,0,,4,0.0031
S-VAL (selection),static,PIN_ONLY,AD000672,127.919,0,1,1,1.0,3,0.0029
S-VAL (selection),static,PIN_ONLY,AD000711,300.083,0,0,1,1.0,4,0.0044
S-VAL (selection),static,PIN_ONLY,AD000727,131.751,0,1,1,0.9675,4,0.0064
S-VAL (selection),static,PIN_ONLY,AD000735,273.629,0,0,1,0.7967,3,0.0037
S-VAL (selection),static,PIN_ONLY,AD000759,93.304,1,1,1,1.0,3,0.0028
S-VAL (selection),static,PIN_ONLY,AD000781,141.313,0,1,1,0.9675,4,0.0051
S-VAL (selection),static,PIN_ONLY,AD000782,374.849,0,0,1,1.0,3,0.0039
S-VAL (selection),static,PIN_ONLY,AD000810,667.845,0,0,0,0.6309,3,0.0027
S-VAL (selection),static,PIN_ONLY,AD000841,292.843,0,0,1,1.0,3,0.0032
S-VAL (selection),static,PIN_ONLY,AD000942,72.575,1,1,1,1.0,3,0.0029
S-VAL (selection),static,PIN_ONLY,AD000948,195.983,0,1,1,1.0,3,0.0039
S-VAL (selection),static,PIN_ONLY,AD000969,73.828,1,1,1,1.0,3,0.0031
S-VAL (selection),static,PIN_ONLY,AD000986,22.02,1,1,1,1.0,3,0.003
S-VAL (selection),static,PIN_ONLY,AD001053,111.114,0,1,1,1.0,4,0.0037
S-VAL (selection),static,PIN_ONLY,AD001091,67.339,1,1,1,1.0,4,0.0033
S-VAL (selection),static,PIN_ONLY,AD001122,378.993,0,0,1,1.0,3,0.0031
S-VAL (selection),static,PIN_ONLY,AD001133,168.974,0,1,1,1.0,3,0.0028
S-VAL (selection),static,PIN_ONLY,AD001135,184.695,0,1,1,1.0,3,0.0032
S-VAL (selection),static,PIN_ONLY,AD001152,164.683,0,1,1,0.8772,4,0.003
S-VAL (selection),static,PIN_ONLY,AD001178,435.97,0,0,1,1.0,3,0.0026
S-VAL (selection),static,PIN_ONLY,AD001186,406.339,0,0,1,0.7967,3,0.003
S-VAL (selection),static,PIN_ONLY,AD001200,397.126,0,0,1,0.9675,4,0.0033
S-VAL (selection),static,PIN_ONLY,AD001212,1630.448,0,0,0,,6,0.0047
S-VAL (selection),static,PIN_ONLY,AD001223,68.118,1,1,1,1.0,3,0.0028
S-VAL (selection),static,PIN_ONLY,AD001314,127.278,0,1,1,1.0,3,0.0033
S-VAL (selection),static,PIN_ONLY,AD001352,194.035,0,1,1,0.9129,4,0.0032
S-VAL (selection),static,PIN_ONLY,AD001363,483.889,0,0,1,1.0,3,0.0027
S-VAL (selection),static,PIN_ONLY,AD001364,286.773,0,0,1,1.0,3,0.0028
S-VAL (selection),static,PIN_ONLY,AD001447,151.867,0,1,1,1.0,3,0.0026
S-VAL (selection),static,PIN_ONLY,AD001509,578.906,0,0,0,,3,0.0025
S-VAL (selection),static,PIN_ONLY,AD001627,407.821,0,0,1,0.9197,7,0.0045
S-VAL (selection),static,PIN_ONLY,AD001662,431.003,0,0,1,0.7967,3,0.0031
S-VAL (selection),static,PIN_ONLY,AD001726,44.471,1,1,1,1.0,3,0.0028
S-VAL (selection),static,PIN_ONLY,AD001746,311.005,0,0,1,1.0,3,0.0032
S-VAL (selection),static,PIN_ONLY,AD001753,85.468,1,1,1,1.0,4,0.0033
S-VAL (selection),static,PIN_ONLY,AD001821,68.236,1,1,1,1.0,3,0.0029
S-VAL (selection),static,PIN_ONLY,AD001880,826.704,0,0,0,,3,0.003
S-VAL (selection),static,PIN_ONLY,AD001996,200.441,0,1,1,0.9328,7,0.0044
S-VAL (selection),static,PIN_ONLY,AD002067,181.338,0,1,1,1.0,3,0.0029
S-VAL (selection),static,PIN_ONLY,AD002096,196.144,0,1,1,1.0,4,0.0038
S-VAL (selection),static,PIN_ONLY,AD002103,525.531,0,0,0,,3,0.0032
S-VAL (selection),static,PIN_ONLY,AD002194,330.334,0,0,1,1.0,3,0.0031
S-VAL (selection),static,PIN_ONLY,AD002244,1110.568,0,0,0,,3,0.0028
S-VAL (selection),static,PIN_ONLY,AD002270,282.725,0,0,1,0.7967,3,0.0033
S-VAL (selection),static,PIN_ONLY,AD002357,226.477,0,1,1,1.0,3,0.0031
S-VAL (selection),static,PIN_ONLY,AD002412,379.36,0,0,1,0.7939,5,0.0046
S-VAL (selection),static,PIN_ONLY,AD002621,21.134,1,1,1,1.0,3,0.0027
S-VAL (selection),static,PIN_ONLY,AD002664,133.831,0,1,1,1.0,3,0.0026
S-VAL (selection),static,PIN_ONLY,AD002685,265.422,0,0,1,1.0,3,0.0027
S-VAL (selection),static,PIN_ONLY,AD002748,160.171,0,1,1,1.0,3,0.0028
S-VAL (selection),static,PIN_ONLY,AD002751,190.385,0,1,1,1.0,3,0.0025
S-VAL (selection),static,PIN_ONLY,AD002808,452.074,0,0,1,0.7967,3,0.0028
S-VAL (selection),static,PIN_ONLY,AD002875,100.234,0,1,1,0.8772,4,0.0031
S-VAL (selection),static,PIN_ONLY,AD002936,325.301,0,0,1,0.7967,3,0.0026
S-VAL (selection),static,PIN_ONLY,AD003016,664.527,0,0,0,0.6309,3,0.003
S-VAL (selection),static,LOGISTIC,AD000032,415.992,0,0,1,1.0,3,0.1802
S-VAL (selection),static,LOGISTIC,AD000037,2327.204,0,0,0,0.6309,6,0.2015
S-VAL (selection),static,LOGISTIC,AD000066,40.602,1,1,1,1.0,3,0.1858
S-VAL (selection),static,LOGISTIC,AD000079,165.369,0,1,1,1.0,3,0.2225
S-VAL (selection),static,LOGISTIC,AD000173,315.314,0,0,1,0.7967,3,0.1801
S-VAL (selection),static,LOGISTIC,AD000197,150.741,0,1,1,1.0,3,0.1856
S-VAL (selection),static,LOGISTIC,AD000238,98.622,1,1,1,1.0,4,0.1834
S-VAL (selection),static,LOGISTIC,AD000258,3985.128,0,0,0,0.6309,7,0.2019
S-VAL (selection),static,LOGISTIC,AD000355,297.037,0,0,1,1.0,3,0.1801
S-VAL (selection),static,LOGISTIC,AD000379,540.336,0,0,0,,3,0.1748
S-VAL (selection),static,LOGISTIC,AD000460,240.484,0,1,1,1.0,3,0.1763
S-VAL (selection),static,LOGISTIC,AD000517,93.418,1,1,1,1.0,3,0.1778
S-VAL (selection),static,LOGISTIC,AD000529,88.168,1,1,1,1.0,3,0.1784
S-VAL (selection),static,LOGISTIC,AD000624,2965.97,0,0,0,,4,0.1835
S-VAL (selection),static,LOGISTIC,AD000672,194.003,0,1,1,1.0,3,0.1789
S-VAL (selection),static,LOGISTIC,AD000711,1199.846,0,0,0,0.6934,4,0.1835
S-VAL (selection),static,LOGISTIC,AD000727,240.459,0,1,1,1.0,4,0.2191
S-VAL (selection),static,LOGISTIC,AD000735,273.629,0,0,1,0.7967,3,0.1851
S-VAL (selection),static,LOGISTIC,AD000759,107.132,0,1,1,0.834,3,0.1807
S-VAL (selection),static,LOGISTIC,AD000781,100.846,0,1,1,1.0,4,0.183
S-VAL (selection),static,LOGISTIC,AD000782,471.321,0,0,1,1.0,3,0.1779
S-VAL (selection),static,LOGISTIC,AD000810,490.75,0,0,1,1.0,3,0.1744
S-VAL (selection),static,LOGISTIC,AD000841,385.392,0,0,1,1.0,3,0.182
S-VAL (selection),static,LOGISTIC,AD000942,72.575,1,1,1,1.0,3,0.1759
S-VAL (selection),static,LOGISTIC,AD000948,195.983,0,1,1,1.0,3,0.2692
S-VAL (selection),static,LOGISTIC,AD000969,335.202,0,0,1,0.7098,3,0.1844
S-VAL (selection),static,LOGISTIC,AD000986,22.02,1,1,1,1.0,3,0.177
S-VAL (selection),static,LOGISTIC,AD001053,111.114,0,1,1,1.0,4,0.1825
S-VAL (selection),static,LOGISTIC,AD001091,183.541,0,1,1,0.834,4,0.1868
S-VAL (selection),static,LOGISTIC,AD001122,304.007,0,0,1,1.0,3,0.217
S-VAL (selection),static,LOGISTIC,AD001133,207.922,0,1,1,1.0,3,0.1876
S-VAL (selection),static,LOGISTIC,AD001135,211.517,0,1,1,1.0,3,0.1788
S-VAL (selection),static,LOGISTIC,AD001152,164.683,0,1,1,1.0,4,0.2207
S-VAL (selection),static,LOGISTIC,AD001178,266.681,0,0,1,1.0,3,0.1781
S-VAL (selection),static,LOGISTIC,AD001186,155.618,0,1,1,1.0,3,0.2144
S-VAL (selection),static,LOGISTIC,AD001200,430.407,0,0,1,1.0,4,0.1892
S-VAL (selection),static,LOGISTIC,AD001212,3141.705,0,0,0,,6,0.1969
S-VAL (selection),static,LOGISTIC,AD001223,107.864,0,1,1,0.834,3,0.1872
S-VAL (selection),static,LOGISTIC,AD001314,127.278,0,1,1,1.0,3,0.1787
S-VAL (selection),static,LOGISTIC,AD001352,303.062,0,0,1,0.8146,4,0.1893
S-VAL (selection),static,LOGISTIC,AD001363,372.266,0,0,1,1.0,3,0.1783
S-VAL (selection),static,LOGISTIC,AD001364,439.887,0,0,1,1.0,3,0.2657
S-VAL (selection),static,LOGISTIC,AD001447,151.867,0,1,1,1.0,3,0.2646
S-VAL (selection),static,LOGISTIC,AD001509,573.657,0,0,0,,3,0.1845
S-VAL (selection),static,LOGISTIC,AD001627,1129.1,0,0,0,0.3066,7,0.199
S-VAL (selection),static,LOGISTIC,AD001662,212.139,0,1,1,1.0,3,0.1778
S-VAL (selection),static,LOGISTIC,AD001726,44.471,1,1,1,1.0,3,0.1835
S-VAL (selection),static,LOGISTIC,AD001746,298.984,0,0,1,1.0,3,0.1843
S-VAL (selection),static,LOGISTIC,AD001753,85.468,1,1,1,1.0,4,0.1834
S-VAL (selection),static,LOGISTIC,AD001821,68.236,1,1,1,1.0,3,0.178
S-VAL (selection),static,LOGISTIC,AD001880,826.704,0,0,0,,3,0.1759
S-VAL (selection),static,LOGISTIC,AD001996,1569.095,0,0,0,0.1377,7,0.204
S-VAL (selection),static,LOGISTIC,AD002067,188.556,0,1,1,1.0,3,0.3477
S-VAL (selection),static,LOGISTIC,AD002096,196.144,0,1,1,1.0,4,0.329
S-VAL (selection),static,LOGISTIC,AD002103,505.207,0,0,0,,3,0.3327
S-VAL (selection),static,LOGISTIC,AD002194,338.502,0,0,1,1.0,3,0.4047
S-VAL (selection),static,LOGISTIC,AD002244,1276.0,0,0,0,,3,0.1886
S-VAL (selection),static,LOGISTIC,AD002270,181.447,0,1,1,1.0,3,0.3053
S-VAL (selection),static,LOGISTIC,AD002357,321.916,0,0,1,0.8213,3,0.1812
S-VAL (selection),static,LOGISTIC,AD002412,224.703,0,1,1,1.0,5,0.1966
S-VAL (selection),static,LOGISTIC,AD002621,21.134,1,1,1,1.0,3,0.1866
S-VAL (selection),static,LOGISTIC,AD002664,133.831,0,1,1,1.0,3,0.1829
S-VAL (selection),static,LOGISTIC,AD002685,424.987,0,0,1,1.0,3,0.1756
S-VAL (selection),static,LOGISTIC,AD002748,160.171,0,1,1,1.0,3,0.2098
S-VAL (selection),static,LOGISTIC,AD002751,131.817,0,1,1,1.0,3,0.1911
S-VAL (selection),static,LOGISTIC,AD002808,173.962,0,1,1,1.0,3,0.1837
S-VAL (selection),static,LOGISTIC,AD002875,100.234,0,1,1,0.9197,4,0.1888
S-VAL (selection),static,LOGISTIC,AD002936,244.459,0,1,1,1.0,3,0.1773
S-VAL (selection),static,LOGISTIC,AD003016,404.383,0,0,1,1.0,3,0.179
S-VAL (selection),static,LAMBDAMART,AD000032,466.514,0,0,1,1.0,3,0.043
S-VAL (selection),static,LAMBDAMART,AD000037,2327.204,0,0,0,0.4307,6,0.0797
S-VAL (selection),static,LAMBDAMART,AD000066,373.431,0,0,1,0.7098,3,0.0433
S-VAL (selection),static,LAMBDAMART,AD000079,165.369,0,1,1,1.0,3,0.0419
S-VAL (selection),static,LAMBDAMART,AD000173,242.711,0,1,1,1.0,3,0.0437
S-VAL (selection),static,LAMBDAMART,AD000197,460.47,0,0,1,0.7967,3,0.0418
S-VAL (selection),static,LAMBDAMART,AD000238,33.767,1,1,1,0.9942,4,0.0526
S-VAL (selection),static,LAMBDAMART,AD000258,3683.389,0,0,0,0.4307,7,0.082
S-VAL (selection),static,LAMBDAMART,AD000355,272.932,0,0,1,1.0,3,0.0425
S-VAL (selection),static,LAMBDAMART,AD000379,728.854,0,0,0,,3,0.0419
S-VAL (selection),static,LAMBDAMART,AD000460,248.907,0,1,1,1.0,3,0.0414
S-VAL (selection),static,LAMBDAMART,AD000517,93.418,1,1,1,1.0,3,0.0425
S-VAL (selection),static,LAMBDAMART,AD000529,110.001,0,1,1,0.834,3,0.0423
S-VAL (selection),static,LAMBDAMART,AD000624,1392.849,0,0,0,,4,0.0524
S-VAL (selection),static,LAMBDAMART,AD000672,127.919,0,1,1,1.0,3,0.0416
S-VAL (selection),static,LAMBDAMART,AD000711,300.083,0,0,1,1.0,4,0.0526
S-VAL (selection),static,LAMBDAMART,AD000727,131.751,0,1,1,0.9675,4,0.0525
S-VAL (selection),static,LAMBDAMART,AD000735,273.629,0,0,1,0.7967,3,0.0416
S-VAL (selection),static,LAMBDAMART,AD000759,93.304,1,1,1,1.0,3,0.0427
S-VAL (selection),static,LAMBDAMART,AD000781,141.313,0,1,1,0.9675,4,0.0531
S-VAL (selection),static,LAMBDAMART,AD000782,374.849,0,0,1,1.0,3,0.0425
S-VAL (selection),static,LAMBDAMART,AD000810,667.845,0,0,0,0.6309,3,0.0425
S-VAL (selection),static,LAMBDAMART,AD000841,292.843,0,0,1,1.0,3,0.042
S-VAL (selection),static,LAMBDAMART,AD000942,72.575,1,1,1,1.0,3,0.0418
S-VAL (selection),static,LAMBDAMART,AD000948,195.983,0,1,1,1.0,3,0.0421
S-VAL (selection),static,LAMBDAMART,AD000969,73.828,1,1,1,1.0,3,0.0422
S-VAL (selection),static,LAMBDAMART,AD000986,22.02,1,1,1,1.0,3,0.0415
S-VAL (selection),static,LAMBDAMART,AD001053,111.114,0,1,1,1.0,4,0.0518
S-VAL (selection),static,LAMBDAMART,AD001091,67.339,1,1,1,1.0,4,0.0512
S-VAL (selection),static,LAMBDAMART,AD001122,378.993,0,0,1,1.0,3,0.0415
S-VAL (selection),static,LAMBDAMART,AD001133,168.974,0,1,1,1.0,3,0.0696
S-VAL (selection),static,LAMBDAMART,AD001135,184.695,0,1,1,1.0,3,0.0446
S-VAL (selection),static,LAMBDAMART,AD001152,164.683,0,1,1,1.0,4,0.0464
S-VAL (selection),static,LAMBDAMART,AD001178,435.97,0,0,1,1.0,3,0.0402
S-VAL (selection),static,LAMBDAMART,AD001186,406.339,0,0,1,0.7967,3,0.0408
S-VAL (selection),static,LAMBDAMART,AD001200,397.126,0,0,1,0.9675,4,0.0525
S-VAL (selection),static,LAMBDAMART,AD001212,586.031,0,0,0,,6,0.1346
S-VAL (selection),static,LAMBDAMART,AD001223,68.118,1,1,1,1.0,3,0.0445
S-VAL (selection),static,LAMBDAMART,AD001314,127.278,0,1,1,1.0,3,0.0418
S-VAL (selection),static,LAMBDAMART,AD001352,194.035,0,1,1,0.9129,4,0.0517
S-VAL (selection),static,LAMBDAMART,AD001363,483.889,0,0,1,1.0,3,0.0419
S-VAL (selection),static,LAMBDAMART,AD001364,286.773,0,0,1,1.0,3,0.0413
S-VAL (selection),static,LAMBDAMART,AD001447,151.867,0,1,1,1.0,3,0.0451
S-VAL (selection),static,LAMBDAMART,AD001509,578.906,0,0,0,,3,0.0409
S-VAL (selection),static,LAMBDAMART,AD001627,407.821,0,0,1,0.9197,7,0.0799
S-VAL (selection),static,LAMBDAMART,AD001662,431.003,0,0,1,0.7967,3,0.0413
S-VAL (selection),static,LAMBDAMART,AD001726,44.471,1,1,1,1.0,3,0.0414
S-VAL (selection),static,LAMBDAMART,AD001746,311.005,0,0,1,1.0,3,0.047
S-VAL (selection),static,LAMBDAMART,AD001753,85.468,1,1,1,1.0,4,0.0537
S-VAL (selection),static,LAMBDAMART,AD001821,68.236,1,1,1,1.0,3,0.0416
S-VAL (selection),static,LAMBDAMART,AD001880,826.704,0,0,0,,3,0.0416
S-VAL (selection),static,LAMBDAMART,AD001996,200.441,0,1,1,0.9328,7,0.0896
S-VAL (selection),static,LAMBDAMART,AD002067,181.338,0,1,1,1.0,3,0.0415
S-VAL (selection),static,LAMBDAMART,AD002096,196.144,0,1,1,1.0,4,0.0517
S-VAL (selection),static,LAMBDAMART,AD002103,525.531,0,0,0,,3,0.0425
S-VAL (selection),static,LAMBDAMART,AD002194,330.334,0,0,1,1.0,3,0.1055
S-VAL (selection),static,LAMBDAMART,AD002244,1110.568,0,0,0,,3,0.0441
S-VAL (selection),static,LAMBDAMART,AD002270,282.725,0,0,1,0.7967,3,0.0416
S-VAL (selection),static,LAMBDAMART,AD002357,226.477,0,1,1,1.0,3,0.0398
S-VAL (selection),static,LAMBDAMART,AD002412,379.36,0,0,1,0.7939,5,0.0618
S-VAL (selection),static,LAMBDAMART,AD002621,21.134,1,1,1,1.0,3,0.0469
S-VAL (selection),static,LAMBDAMART,AD002664,133.831,0,1,1,1.0,3,0.041
S-VAL (selection),static,LAMBDAMART,AD002685,265.422,0,0,1,1.0,3,0.041
S-VAL (selection),static,LAMBDAMART,AD002748,160.171,0,1,1,1.0,3,0.0452
S-VAL (selection),static,LAMBDAMART,AD002751,190.385,0,1,1,1.0,3,0.0427
S-VAL (selection),static,LAMBDAMART,AD002808,452.074,0,0,1,0.7967,3,0.0413
S-VAL (selection),static,LAMBDAMART,AD002875,100.234,0,1,1,0.8772,4,0.0519
S-VAL (selection),static,LAMBDAMART,AD002936,325.301,0,0,1,0.7967,3,0.1261
S-VAL (selection),static,LAMBDAMART,AD003016,664.527,0,0,0,0.6309,3,0.0418
S-VAL (selection),static,PAIRWISE,AD000032,466.514,0,0,1,1.0,3,0.0263
S-VAL (selection),static,PAIRWISE,AD000037,2327.204,0,0,0,0.4307,6,0.047
S-VAL (selection),static,PAIRWISE,AD000066,373.431,0,0,1,0.7098,3,0.0263
S-VAL (selection),static,PAIRWISE,AD000079,165.369,0,1,1,1.0,3,0.0257
S-VAL (selection),static,PAIRWISE,AD000173,242.711,0,1,1,1.0,3,0.0269
S-VAL (selection),static,PAIRWISE,AD000197,460.47,0,0,1,0.7967,3,0.0265
S-VAL (selection),static,PAIRWISE,AD000238,33.767,1,1,1,0.9942,4,0.0322
S-VAL (selection),static,PAIRWISE,AD000258,3683.389,0,0,0,0.4307,7,0.0805
S-VAL (selection),static,PAIRWISE,AD000355,272.932,0,0,1,1.0,3,0.0264
S-VAL (selection),static,PAIRWISE,AD000379,728.854,0,0,0,,3,0.0249
S-VAL (selection),static,PAIRWISE,AD000460,248.907,0,1,1,1.0,3,0.0247
S-VAL (selection),static,PAIRWISE,AD000517,93.418,1,1,1,1.0,3,0.026
S-VAL (selection),static,PAIRWISE,AD000529,110.001,0,1,1,0.834,3,0.0254
S-VAL (selection),static,PAIRWISE,AD000624,1392.849,0,0,0,,4,0.0319
S-VAL (selection),static,PAIRWISE,AD000672,127.919,0,1,1,1.0,3,0.0256
S-VAL (selection),static,PAIRWISE,AD000711,300.083,0,0,1,1.0,4,0.0321
S-VAL (selection),static,PAIRWISE,AD000727,131.751,0,1,1,0.9675,4,0.0328
S-VAL (selection),static,PAIRWISE,AD000735,273.629,0,0,1,0.7967,3,0.0255
S-VAL (selection),static,PAIRWISE,AD000759,93.304,1,1,1,1.0,3,0.0254
S-VAL (selection),static,PAIRWISE,AD000781,141.313,0,1,1,0.9675,4,0.0328
S-VAL (selection),static,PAIRWISE,AD000782,374.849,0,0,1,1.0,3,0.0303
S-VAL (selection),static,PAIRWISE,AD000810,667.845,0,0,0,0.6309,3,0.0257
S-VAL (selection),static,PAIRWISE,AD000841,292.843,0,0,1,1.0,3,0.025
S-VAL (selection),static,PAIRWISE,AD000942,72.575,1,1,1,1.0,3,0.0247
S-VAL (selection),static,PAIRWISE,AD000948,195.983,0,1,1,1.0,3,0.053
S-VAL (selection),static,PAIRWISE,AD000969,73.828,1,1,1,1.0,3,0.0256
S-VAL (selection),static,PAIRWISE,AD000986,22.02,1,1,1,1.0,3,0.0254
S-VAL (selection),static,PAIRWISE,AD001053,111.114,0,1,1,1.0,4,0.0319
S-VAL (selection),static,PAIRWISE,AD001091,67.339,1,1,1,1.0,4,0.031
S-VAL (selection),static,PAIRWISE,AD001122,378.993,0,0,1,1.0,3,0.0257
S-VAL (selection),static,PAIRWISE,AD001133,168.974,0,1,1,1.0,3,0.0249
S-VAL (selection),static,PAIRWISE,AD001135,184.695,0,1,1,1.0,3,0.025
S-VAL (selection),static,PAIRWISE,AD001152,164.683,0,1,1,0.8772,4,0.0298
S-VAL (selection),static,PAIRWISE,AD001178,435.97,0,0,1,1.0,3,0.0245
S-VAL (selection),static,PAIRWISE,AD001186,406.339,0,0,1,0.7967,3,0.0247
S-VAL (selection),static,PAIRWISE,AD001200,397.126,0,0,1,0.9675,4,0.0311
S-VAL (selection),static,PAIRWISE,AD001212,3141.705,0,0,0,,6,0.0422
S-VAL (selection),static,PAIRWISE,AD001223,68.118,1,1,1,1.0,3,0.0247
S-VAL (selection),static,PAIRWISE,AD001314,127.278,0,1,1,1.0,3,0.0269
S-VAL (selection),static,PAIRWISE,AD001352,194.035,0,1,1,0.9129,4,0.0313
S-VAL (selection),static,PAIRWISE,AD001363,483.889,0,0,1,1.0,3,0.0251
S-VAL (selection),static,PAIRWISE,AD001364,286.773,0,0,1,1.0,3,0.025
S-VAL (selection),static,PAIRWISE,AD001447,151.867,0,1,1,1.0,3,0.0245
S-VAL (selection),static,PAIRWISE,AD001509,578.906,0,0,0,,3,0.025
S-VAL (selection),static,PAIRWISE,AD001627,407.821,0,0,1,0.9197,7,0.0492
S-VAL (selection),static,PAIRWISE,AD001662,431.003,0,0,1,0.7967,3,0.0263
S-VAL (selection),static,PAIRWISE,AD001726,44.471,1,1,1,1.0,3,0.0249
S-VAL (selection),static,PAIRWISE,AD001746,311.005,0,0,1,1.0,3,0.0259
S-VAL (selection),static,PAIRWISE,AD001753,85.468,1,1,1,1.0,4,0.0324
S-VAL (selection),static,PAIRWISE,AD001821,68.236,1,1,1,1.0,3,0.0256
S-VAL (selection),static,PAIRWISE,AD001880,826.704,0,0,0,,3,0.0252
S-VAL (selection),static,PAIRWISE,AD001996,200.441,0,1,1,0.9328,7,0.0496
S-VAL (selection),static,PAIRWISE,AD002067,181.338,0,1,1,1.0,3,0.0258
S-VAL (selection),static,PAIRWISE,AD002096,196.144,0,1,1,1.0,4,0.0313
S-VAL (selection),static,PAIRWISE,AD002103,525.531,0,0,0,,3,0.026
S-VAL (selection),static,PAIRWISE,AD002194,330.334,0,0,1,1.0,3,0.025
S-VAL (selection),static,PAIRWISE,AD002244,1110.568,0,0,0,,3,0.0255
S-VAL (selection),static,PAIRWISE,AD002270,282.725,0,0,1,0.7967,3,0.0249
S-VAL (selection),static,PAIRWISE,AD002357,226.477,0,1,1,1.0,3,0.026
S-VAL (selection),static,PAIRWISE,AD002412,379.36,0,0,1,0.7939,5,0.0377
S-VAL (selection),static,PAIRWISE,AD002621,21.134,1,1,1,1.0,3,0.0249
S-VAL (selection),static,PAIRWISE,AD002664,133.831,0,1,1,1.0,3,0.0251
S-VAL (selection),static,PAIRWISE,AD002685,265.422,0,0,1,1.0,3,0.0247
S-VAL (selection),static,PAIRWISE,AD002748,160.171,0,1,1,1.0,3,0.0254
S-VAL (selection),static,PAIRWISE,AD002751,190.385,0,1,1,1.0,3,0.0248
S-VAL (selection),static,PAIRWISE,AD002808,452.074,0,0,1,0.7967,3,0.0265
S-VAL (selection),static,PAIRWISE,AD002875,100.234,0,1,1,0.8772,4,0.0314
S-VAL (selection),static,PAIRWISE,AD002936,325.301,0,0,1,0.7967,3,0.0256
S-VAL (selection),static,PAIRWISE,AD003016,664.527,0,0,0,0.6309,3,0.0255
S-VAL (selection),static,LAMBDAMART_SHUFFLED,AD000032,2061.967,0,0,0,0.6934,3,0.1107
S-VAL (selection),static,LAMBDAMART_SHUFFLED,AD000037,2849.842,0,0,0,0.3869,6,0.1735
S-VAL (selection),static,LAMBDAMART_SHUFFLED,AD000066,373.431,0,0,1,0.5897,3,0.111
S-VAL (selection),static,LAMBDAMART_SHUFFLED,AD000079,1323.701,0,0,0,0.659,3,0.1109
S-VAL (selection),static,LAMBDAMART_SHUFFLED,AD000173,2522.884,0,0,0,0.5869,3,0.1797
S-VAL (selection),static,LAMBDAMART_SHUFFLED,AD000197,460.47,0,0,1,0.6885,3,0.1127
S-VAL (selection),static,LAMBDAMART_SHUFFLED,AD000238,308.166,0,0,1,0.6306,4,0.1362
S-VAL (selection),static,LAMBDAMART_SHUFFLED,AD000258,2876.594,0,0,0,0.0,7,0.2356
S-VAL (selection),static,LAMBDAMART_SHUFFLED,AD000355,3417.247,0,0,0,0.6934,3,0.1411
S-VAL (selection),static,LAMBDAMART_SHUFFLED,AD000379,4061.351,0,0,0,,3,0.1088
S-VAL (selection),static,LAMBDAMART_SHUFFLED,AD000460,2414.673,0,0,0,0.6934,3,0.1103
S-VAL (selection),static,LAMBDAMART_SHUFFLED,AD000517,93.418,1,1,1,1.0,3,0.1124
S-VAL (selection),static,LAMBDAMART_SHUFFLED,AD000529,3281.229,0,0,0,0.6064,3,0.1109
S-VAL (selection),static,LAMBDAMART_SHUFFLED,AD000624,940.502,0,0,0,,4,0.1344
S-VAL (selection),static,LAMBDAMART_SHUFFLED,AD000672,2474.628,0,0,0,0.6934,3,0.2251
S-VAL (selection),static,LAMBDAMART_SHUFFLED,AD000711,300.083,0,0,1,0.8772,4,0.2678
S-VAL (selection),static,LAMBDAMART_SHUFFLED,AD000727,2516.05,0,0,0,0.7328,4,0.2594
S-VAL (selection),static,LAMBDAMART_SHUFFLED,AD000735,3301.077,0,0,0,0.659,3,0.1684
S-VAL (selection),static,LAMBDAMART_SHUFFLED,AD000759,2323.205,0,0,0,0.6064,3,0.1254
S-VAL (selection),static,LAMBDAMART_SHUFFLED,AD000781,4069.881,0,0,0,0.7328,4,0.1466
S-VAL (selection),static,LAMBDAMART_SHUFFLED,AD000782,2234.94,0,0,0,0.6934,3,0.1131
S-VAL (selection),static,LAMBDAMART_SHUFFLED,AD000810,2930.613,0,0,0,0.5,3,0.1103
S-VAL (selection),static,LAMBDAMART_SHUFFLED,AD000841,2645.818,0,0,0,0.6934,3,0.1125
S-VAL (selection),static,LAMBDAMART_SHUFFLED,AD000942,3127.33,0,0,0,0.6309,3,0.1127
S-VAL (selection),static,LAMBDAMART_SHUFFLED,AD000948,195.983,0,1,1,0.9197,3,0.1103
S-VAL (selection),static,LAMBDAMART_SHUFFLED,AD000969,2668.137,0,0,0,0.6443,3,0.1107
S-VAL (selection),static,LAMBDAMART_SHUFFLED,AD000986,22.02,1,1,1,0.9828,3,0.1099
S-VAL (selection),static,LAMBDAMART_SHUFFLED,AD001053,1937.141,0,0,0,0.6509,4,0.1391
S-VAL (selection),static,LAMBDAMART_SHUFFLED,AD001091,994.452,0,0,0,0.5389,4,0.135
S-VAL (selection),static,LAMBDAMART_SHUFFLED,AD001122,3712.664,0,0,0,0.6934,3,0.1076
S-VAL (selection),static,LAMBDAMART_SHUFFLED,AD001133,2052.037,0,0,0,0.6934,3,0.1106
S-VAL (selection),static,LAMBDAMART_SHUFFLED,AD001135,3287.389,0,0,0,0.6934,3,0.1111
S-VAL (selection),static,LAMBDAMART_SHUFFLED,AD001152,164.683,0,1,1,1.0,4,0.1449
S-VAL (selection),static,LAMBDAMART_SHUFFLED,AD001178,435.97,0,0,1,0.9197,3,0.1138
S-VAL (selection),static,LAMBDAMART_SHUFFLED,AD001186,3283.314,0,0,0,0.5869,3,0.1104
S-VAL (selection),static,LAMBDAMART_SHUFFLED,AD001200,3084.278,0,0,0,0.7328,4,0.1345
S-VAL (selection),static,LAMBDAMART_SHUFFLED,AD001212,3376.91,0,0,0,,6,0.2021
S-VAL (selection),static,LAMBDAMART_SHUFFLED,AD001223,2614.866,0,0,0,0.6653,3,0.139
S-VAL (selection),static,LAMBDAMART_SHUFFLED,AD001314,2987.609,0,0,0,0.659,3,0.1294
S-VAL (selection),static,LAMBDAMART_SHUFFLED,AD001352,4205.071,0,0,0,0.709,4,0.1334
S-VAL (selection),static,LAMBDAMART_SHUFFLED,AD001363,3240.875,0,0,0,0.6934,3,0.1118
S-VAL (selection),static,LAMBDAMART_SHUFFLED,AD001364,3612.29,0,0,0,0.6934,3,0.1112
S-VAL (selection),static,LAMBDAMART_SHUFFLED,AD001447,3691.653,0,0,0,0.5869,3,0.1155
S-VAL (selection),static,LAMBDAMART_SHUFFLED,AD001509,3767.268,0,0,0,,3,0.1125
S-VAL (selection),static,LAMBDAMART_SHUFFLED,AD001627,407.821,0,0,1,0.8503,7,0.2063
S-VAL (selection),static,LAMBDAMART_SHUFFLED,AD001662,3336.778,0,0,0,0.5869,3,0.1112
S-VAL (selection),static,LAMBDAMART_SHUFFLED,AD001726,44.471,1,1,1,0.9828,3,0.1375
S-VAL (selection),static,LAMBDAMART_SHUFFLED,AD001746,3508.15,0,0,0,0.6934,3,0.112
S-VAL (selection),static,LAMBDAMART_SHUFFLED,AD001753,85.468,1,1,1,0.9738,4,0.1359
S-VAL (selection),static,LAMBDAMART_SHUFFLED,AD001821,3175.754,0,0,0,0.5413,3,0.1108
S-VAL (selection),static,LAMBDAMART_SHUFFLED,AD001880,3094.998,0,0,0,,3,0.1119
S-VAL (selection),static,LAMBDAMART_SHUFFLED,AD001996,1856.371,0,0,0,0.4131,7,0.2059
S-VAL (selection),static,LAMBDAMART_SHUFFLED,AD002067,1093.067,0,0,0,0.6934,3,0.1367
S-VAL (selection),static,LAMBDAMART_SHUFFLED,AD002096,4631.839,0,0,0,0.5317,4,0.1333
S-VAL (selection),static,LAMBDAMART_SHUFFLED,AD002103,525.531,0,0,0,,3,0.1129
S-VAL (selection),static,LAMBDAMART_SHUFFLED,AD002194,330.334,0,0,1,0.9197,3,0.1106
S-VAL (selection),static,LAMBDAMART_SHUFFLED,AD002244,2000.888,0,0,0,,3,0.1166
S-VAL (selection),static,LAMBDAMART_SHUFFLED,AD002270,2512.507,0,0,0,0.5869,3,0.1377
S-VAL (selection),static,LAMBDAMART_SHUFFLED,AD002357,268.071,0,0,1,0.8213,3,0.1135
S-VAL (selection),static,LAMBDAMART_SHUFFLED,AD002412,1791.338,0,0,0,0.5062,5,0.1628
S-VAL (selection),static,LAMBDAMART_SHUFFLED,AD002621,2768.954,0,0,0,0.6653,3,0.1121
S-VAL (selection),static,LAMBDAMART_SHUFFLED,AD002664,133.831,0,1,1,0.9639,3,0.1156
S-VAL (selection),static,LAMBDAMART_SHUFFLED,AD002685,4350.416,0,0,0,0.6934,3,0.1067
S-VAL (selection),static,LAMBDAMART_SHUFFLED,AD002748,160.171,0,1,1,0.9639,3,0.1129
S-VAL (selection),static,LAMBDAMART_SHUFFLED,AD002751,2279.231,0,0,0,0.6934,3,0.1115
S-VAL (selection),static,LAMBDAMART_SHUFFLED,AD002808,3202.539,0,0,0,0.659,3,0.1148
S-VAL (selection),static,LAMBDAMART_SHUFFLED,AD002875,1633.785,0,0,0,0.6934,4,0.1414
S-VAL (selection),static,LAMBDAMART_SHUFFLED,AD002936,2873.767,0,0,0,0.5869,3,0.1113
S-VAL (selection),static,LAMBDAMART_SHUFFLED,AD003016,2633.515,0,0,0,0.5,3,0.1132
leave-block-out (stress),static,RULE,AD000032,466.514,0,0,1,1.0,3,0.0446
leave-block-out (stress),static,RULE,AD000037,1302.431,0,0,0,0.3869,6,0.056
leave-block-out (stress),static,RULE,AD000066,373.431,0,0,1,0.7098,3,0.0337
leave-block-out (stress),static,RULE,AD000079,165.369,0,1,1,1.0,3,0.0308
leave-block-out (stress),static,RULE,AD000173,242.711,0,1,1,1.0,3,0.0305
leave-block-out (stress),static,RULE,AD000197,460.47,0,0,1,0.7967,3,0.0288
leave-block-out (stress),static,RULE,AD000238,33.767,1,1,1,1.0,4,0.0397
leave-block-out (stress),static,RULE,AD000258,2224.758,0,0,0,0.3869,7,0.0516
leave-block-out (stress),static,RULE,AD000355,272.932,0,0,1,1.0,3,0.0288
leave-block-out (stress),static,RULE,AD000379,728.854,0,0,0,,3,0.0271
leave-block-out (stress),static,RULE,AD000460,248.907,0,1,1,1.0,3,0.0316
leave-block-out (stress),static,RULE,AD000517,93.418,1,1,1,1.0,3,0.0273
leave-block-out (stress),static,RULE,AD000529,110.001,0,1,1,0.834,3,0.03
leave-block-out (stress),static,RULE,AD000624,1392.849,0,0,0,,4,0.0347
leave-block-out (stress),static,RULE,AD000711,300.083,0,0,1,1.0,4,0.0373
leave-block-out (stress),static,RULE,AD000727,131.751,0,1,1,1.0,4,0.0356
leave-block-out (stress),static,RULE,AD000759,93.304,1,1,1,1.0,3,0.0353
leave-block-out (stress),static,RULE,AD000782,374.849,0,0,1,1.0,3,0.03
leave-block-out (stress),static,RULE,AD000810,667.845,0,0,0,0.6309,3,0.0275
leave-block-out (stress),static,RULE,AD000841,292.843,0,0,1,1.0,3,0.0289
leave-block-out (stress),static,RULE,AD000942,72.575,1,1,1,1.0,3,0.0267
leave-block-out (stress),static,RULE,AD000948,195.983,0,1,1,1.0,3,0.0267
leave-block-out (stress),static,RULE,AD000969,73.828,1,1,1,1.0,3,0.0265
leave-block-out (stress),static,RULE,AD000986,22.02,1,1,1,1.0,3,0.0276
leave-block-out (stress),static,RULE,AD001053,111.114,0,1,1,1.0,4,0.1016
leave-block-out (stress),static,RULE,AD001091,67.339,1,1,1,1.0,4,0.0408
leave-block-out (stress),static,RULE,AD001122,378.993,0,0,1,1.0,3,0.0309
leave-block-out (stress),static,RULE,AD001133,168.974,0,1,1,1.0,3,0.0294
leave-block-out (stress),static,RULE,AD001135,184.695,0,1,1,1.0,3,0.0299
leave-block-out (stress),static,RULE,AD001152,164.683,0,1,1,0.9197,4,0.0341
leave-block-out (stress),static,RULE,AD001178,435.97,0,0,1,1.0,3,0.0261
leave-block-out (stress),static,RULE,AD001186,406.339,0,0,1,0.7967,3,0.0251
leave-block-out (stress),static,RULE,AD001200,397.126,0,0,1,1.0,4,0.0371
leave-block-out (stress),static,RULE,AD001212,1630.448,0,0,0,,6,0.0475
leave-block-out (stress),static,RULE,AD001314,127.278,0,1,1,1.0,3,0.0278
leave-block-out (stress),static,RULE,AD001352,194.035,0,1,1,0.9514,4,0.0398
leave-block-out (stress),static,RULE,AD001363,483.889,0,0,1,1.0,3,0.0308
leave-block-out (stress),static,RULE,AD001364,286.773,0,0,1,1.0,3,0.0265
leave-block-out (stress),static,RULE,AD001447,151.867,0,1,1,1.0,3,0.0268
leave-block-out (stress),static,RULE,AD001509,578.906,0,0,0,,3,0.0311
leave-block-out (stress),static,RULE,AD001627,407.821,0,0,1,0.9197,7,0.0583
leave-block-out (stress),static,RULE,AD001662,431.003,0,0,1,0.7967,3,0.028
leave-block-out (stress),static,RULE,AD001726,44.471,1,1,1,1.0,3,0.0271
leave-block-out (stress),static,RULE,AD001746,311.005,0,0,1,1.0,3,0.0304
leave-block-out (stress),static,RULE,AD001753,85.468,1,1,1,1.0,4,0.0367
leave-block-out (stress),static,RULE,AD001821,68.236,1,1,1,1.0,3,0.0272
leave-block-out (stress),static,RULE,AD001880,826.704,0,0,0,,3,0.0256
leave-block-out (stress),static,RULE,AD001996,200.441,0,1,1,0.9328,7,0.0609
leave-block-out (stress),static,RULE,AD002103,525.531,0,0,0,,3,0.0319
leave-block-out (stress),static,RULE,AD002194,330.334,0,0,1,1.0,3,0.0284
leave-block-out (stress),static,RULE,AD002270,282.725,0,0,1,0.7967,3,0.0938
leave-block-out (stress),static,RULE,AD002357,226.477,0,1,1,1.0,3,0.0332
leave-block-out (stress),static,RULE,AD002412,379.36,0,0,1,0.8045,5,0.0456
leave-block-out (stress),static,RULE,AD002621,21.134,1,1,1,1.0,3,0.0283
leave-block-out (stress),static,RULE,AD002664,133.831,0,1,1,1.0,3,0.0285
leave-block-out (stress),static,RULE,AD002685,265.422,0,0,1,1.0,3,0.028
leave-block-out (stress),static,RULE,AD002748,160.171,0,1,1,1.0,3,0.0275
leave-block-out (stress),static,RULE,AD002751,190.385,0,1,1,1.0,3,0.0295
leave-block-out (stress),static,RULE,AD002808,452.074,0,0,1,0.7967,3,0.0279
leave-block-out (stress),static,RULE,AD002875,100.234,0,1,1,0.9197,4,0.035
leave-block-out (stress),static,RULE,AD002936,325.301,0,0,1,0.7967,3,0.0276
leave-block-out (stress),static,RULE,AD003016,664.527,0,0,0,0.6309,3,0.0291
leave-block-out (stress),static,PIN_ONLY,AD000032,466.514,0,0,1,1.0,3,0.0037
leave-block-out (stress),static,PIN_ONLY,AD000037,1302.431,0,0,0,0.3869,6,0.0063
leave-block-out (stress),static,PIN_ONLY,AD000066,373.431,0,0,1,0.7098,3,0.0033
leave-block-out (stress),static,PIN_ONLY,AD000079,165.369,0,1,1,1.0,3,0.0034
leave-block-out (stress),static,PIN_ONLY,AD000173,242.711,0,1,1,1.0,3,0.0038
leave-block-out (stress),static,PIN_ONLY,AD000197,460.47,0,0,1,0.7967,3,0.0035
leave-block-out (stress),static,PIN_ONLY,AD000238,33.767,1,1,1,0.9942,4,0.0044
leave-block-out (stress),static,PIN_ONLY,AD000258,2224.758,0,0,0,0.3869,7,0.0057
leave-block-out (stress),static,PIN_ONLY,AD000355,272.932,0,0,1,1.0,3,0.0029
leave-block-out (stress),static,PIN_ONLY,AD000379,728.854,0,0,0,,3,0.0029
leave-block-out (stress),static,PIN_ONLY,AD000460,248.907,0,1,1,1.0,3,0.0028
leave-block-out (stress),static,PIN_ONLY,AD000517,93.418,1,1,1,1.0,3,0.0031
leave-block-out (stress),static,PIN_ONLY,AD000529,110.001,0,1,1,0.834,3,0.0032
leave-block-out (stress),static,PIN_ONLY,AD000624,1392.849,0,0,0,,4,0.0031
leave-block-out (stress),static,PIN_ONLY,AD000711,300.083,0,0,1,1.0,4,0.0044
leave-block-out (stress),static,PIN_ONLY,AD000727,131.751,0,1,1,0.9675,4,0.0064
leave-block-out (stress),static,PIN_ONLY,AD000759,93.304,1,1,1,1.0,3,0.0028
leave-block-out (stress),static,PIN_ONLY,AD000782,374.849,0,0,1,1.0,3,0.0039
leave-block-out (stress),static,PIN_ONLY,AD000810,667.845,0,0,0,0.6309,3,0.0027
leave-block-out (stress),static,PIN_ONLY,AD000841,292.843,0,0,1,1.0,3,0.0032
leave-block-out (stress),static,PIN_ONLY,AD000942,72.575,1,1,1,1.0,3,0.0029
leave-block-out (stress),static,PIN_ONLY,AD000948,195.983,0,1,1,1.0,3,0.0039
leave-block-out (stress),static,PIN_ONLY,AD000969,73.828,1,1,1,1.0,3,0.0031
leave-block-out (stress),static,PIN_ONLY,AD000986,22.02,1,1,1,1.0,3,0.003
leave-block-out (stress),static,PIN_ONLY,AD001053,111.114,0,1,1,1.0,4,0.0037
leave-block-out (stress),static,PIN_ONLY,AD001091,67.339,1,1,1,1.0,4,0.0033
leave-block-out (stress),static,PIN_ONLY,AD001122,378.993,0,0,1,1.0,3,0.0031
leave-block-out (stress),static,PIN_ONLY,AD001133,168.974,0,1,1,1.0,3,0.0028
leave-block-out (stress),static,PIN_ONLY,AD001135,184.695,0,1,1,1.0,3,0.0032
leave-block-out (stress),static,PIN_ONLY,AD001152,164.683,0,1,1,0.8772,4,0.003
leave-block-out (stress),static,PIN_ONLY,AD001178,435.97,0,0,1,1.0,3,0.0026
leave-block-out (stress),static,PIN_ONLY,AD001186,406.339,0,0,1,0.7967,3,0.003
leave-block-out (stress),static,PIN_ONLY,AD001200,397.126,0,0,1,0.9675,4,0.0033
leave-block-out (stress),static,PIN_ONLY,AD001212,1630.448,0,0,0,,6,0.0047
leave-block-out (stress),static,PIN_ONLY,AD001314,127.278,0,1,1,1.0,3,0.0033
leave-block-out (stress),static,PIN_ONLY,AD001352,194.035,0,1,1,0.9129,4,0.0032
leave-block-out (stress),static,PIN_ONLY,AD001363,483.889,0,0,1,1.0,3,0.0027
leave-block-out (stress),static,PIN_ONLY,AD001364,286.773,0,0,1,1.0,3,0.0028
leave-block-out (stress),static,PIN_ONLY,AD001447,151.867,0,1,1,1.0,3,0.0026
leave-block-out (stress),static,PIN_ONLY,AD001509,578.906,0,0,0,,3,0.0025
leave-block-out (stress),static,PIN_ONLY,AD001627,407.821,0,0,1,0.9197,7,0.0045
leave-block-out (stress),static,PIN_ONLY,AD001662,431.003,0,0,1,0.7967,3,0.0031
leave-block-out (stress),static,PIN_ONLY,AD001726,44.471,1,1,1,1.0,3,0.0028
leave-block-out (stress),static,PIN_ONLY,AD001746,311.005,0,0,1,1.0,3,0.0032
leave-block-out (stress),static,PIN_ONLY,AD001753,85.468,1,1,1,1.0,4,0.0033
leave-block-out (stress),static,PIN_ONLY,AD001821,68.236,1,1,1,1.0,3,0.0029
leave-block-out (stress),static,PIN_ONLY,AD001880,826.704,0,0,0,,3,0.003
leave-block-out (stress),static,PIN_ONLY,AD001996,200.441,0,1,1,0.9328,7,0.0044
leave-block-out (stress),static,PIN_ONLY,AD002103,525.531,0,0,0,,3,0.0032
leave-block-out (stress),static,PIN_ONLY,AD002194,330.334,0,0,1,1.0,3,0.0031
leave-block-out (stress),static,PIN_ONLY,AD002270,282.725,0,0,1,0.7967,3,0.0033
leave-block-out (stress),static,PIN_ONLY,AD002357,226.477,0,1,1,1.0,3,0.0031
leave-block-out (stress),static,PIN_ONLY,AD002412,379.36,0,0,1,0.7939,5,0.0046
leave-block-out (stress),static,PIN_ONLY,AD002621,21.134,1,1,1,1.0,3,0.0027
leave-block-out (stress),static,PIN_ONLY,AD002664,133.831,0,1,1,1.0,3,0.0026
leave-block-out (stress),static,PIN_ONLY,AD002685,265.422,0,0,1,1.0,3,0.0027
leave-block-out (stress),static,PIN_ONLY,AD002748,160.171,0,1,1,1.0,3,0.0028
leave-block-out (stress),static,PIN_ONLY,AD002751,190.385,0,1,1,1.0,3,0.0025
leave-block-out (stress),static,PIN_ONLY,AD002808,452.074,0,0,1,0.7967,3,0.0028
leave-block-out (stress),static,PIN_ONLY,AD002875,100.234,0,1,1,0.8772,4,0.0031
leave-block-out (stress),static,PIN_ONLY,AD002936,325.301,0,0,1,0.7967,3,0.0026
leave-block-out (stress),static,PIN_ONLY,AD003016,664.527,0,0,0,0.6309,3,0.003
leave-block-out (stress),static,LOGISTIC,AD000032,415.992,0,0,1,1.0,3,0.1802
leave-block-out (stress),static,LOGISTIC,AD000037,2327.204,0,0,0,0.6309,6,0.2015
leave-block-out (stress),static,LOGISTIC,AD000066,40.602,1,1,1,1.0,3,0.1858
leave-block-out (stress),static,LOGISTIC,AD000079,165.369,0,1,1,1.0,3,0.2225
leave-block-out (stress),static,LOGISTIC,AD000173,315.314,0,0,1,0.7967,3,0.1801
leave-block-out (stress),static,LOGISTIC,AD000197,150.741,0,1,1,1.0,3,0.1856
leave-block-out (stress),static,LOGISTIC,AD000238,98.622,1,1,1,1.0,4,0.1834
leave-block-out (stress),static,LOGISTIC,AD000258,3985.128,0,0,0,0.6309,7,0.2019
leave-block-out (stress),static,LOGISTIC,AD000355,297.037,0,0,1,1.0,3,0.1801
leave-block-out (stress),static,LOGISTIC,AD000379,540.336,0,0,0,,3,0.1748
leave-block-out (stress),static,LOGISTIC,AD000460,240.484,0,1,1,1.0,3,0.1763
leave-block-out (stress),static,LOGISTIC,AD000517,93.418,1,1,1,1.0,3,0.1778
leave-block-out (stress),static,LOGISTIC,AD000529,88.168,1,1,1,1.0,3,0.1784
leave-block-out (stress),static,LOGISTIC,AD000624,2965.97,0,0,0,,4,0.1835
leave-block-out (stress),static,LOGISTIC,AD000711,1199.846,0,0,0,0.6934,4,0.1835
leave-block-out (stress),static,LOGISTIC,AD000727,240.459,0,1,1,1.0,4,0.2191
leave-block-out (stress),static,LOGISTIC,AD000759,107.132,0,1,1,0.834,3,0.1807
leave-block-out (stress),static,LOGISTIC,AD000782,471.321,0,0,1,1.0,3,0.1779
leave-block-out (stress),static,LOGISTIC,AD000810,490.75,0,0,1,1.0,3,0.1744
leave-block-out (stress),static,LOGISTIC,AD000841,385.392,0,0,1,1.0,3,0.182
leave-block-out (stress),static,LOGISTIC,AD000942,72.575,1,1,1,1.0,3,0.1759
leave-block-out (stress),static,LOGISTIC,AD000948,195.983,0,1,1,1.0,3,0.2692
leave-block-out (stress),static,LOGISTIC,AD000969,335.202,0,0,1,0.7098,3,0.1844
leave-block-out (stress),static,LOGISTIC,AD000986,22.02,1,1,1,1.0,3,0.177
leave-block-out (stress),static,LOGISTIC,AD001053,111.114,0,1,1,1.0,4,0.1825
leave-block-out (stress),static,LOGISTIC,AD001091,183.541,0,1,1,0.834,4,0.1868
leave-block-out (stress),static,LOGISTIC,AD001122,304.007,0,0,1,1.0,3,0.217
leave-block-out (stress),static,LOGISTIC,AD001133,207.922,0,1,1,1.0,3,0.1876
leave-block-out (stress),static,LOGISTIC,AD001135,211.517,0,1,1,1.0,3,0.1788
leave-block-out (stress),static,LOGISTIC,AD001152,164.683,0,1,1,1.0,4,0.2207
leave-block-out (stress),static,LOGISTIC,AD001178,266.681,0,0,1,1.0,3,0.1781
leave-block-out (stress),static,LOGISTIC,AD001186,155.618,0,1,1,1.0,3,0.2144
leave-block-out (stress),static,LOGISTIC,AD001200,430.407,0,0,1,1.0,4,0.1892
leave-block-out (stress),static,LOGISTIC,AD001212,3141.705,0,0,0,,6,0.1969
leave-block-out (stress),static,LOGISTIC,AD001314,127.278,0,1,1,1.0,3,0.1787
leave-block-out (stress),static,LOGISTIC,AD001352,303.062,0,0,1,0.8146,4,0.1893
leave-block-out (stress),static,LOGISTIC,AD001363,372.266,0,0,1,1.0,3,0.1783
leave-block-out (stress),static,LOGISTIC,AD001364,439.887,0,0,1,1.0,3,0.2657
leave-block-out (stress),static,LOGISTIC,AD001447,151.867,0,1,1,1.0,3,0.2646
leave-block-out (stress),static,LOGISTIC,AD001509,573.657,0,0,0,,3,0.1845
leave-block-out (stress),static,LOGISTIC,AD001627,1129.1,0,0,0,0.3066,7,0.199
leave-block-out (stress),static,LOGISTIC,AD001662,212.139,0,1,1,1.0,3,0.1778
leave-block-out (stress),static,LOGISTIC,AD001726,44.471,1,1,1,1.0,3,0.1835
leave-block-out (stress),static,LOGISTIC,AD001746,298.984,0,0,1,1.0,3,0.1843
leave-block-out (stress),static,LOGISTIC,AD001753,85.468,1,1,1,1.0,4,0.1834
leave-block-out (stress),static,LOGISTIC,AD001821,68.236,1,1,1,1.0,3,0.178
leave-block-out (stress),static,LOGISTIC,AD001880,826.704,0,0,0,,3,0.1759
leave-block-out (stress),static,LOGISTIC,AD001996,1569.095,0,0,0,0.1377,7,0.204
leave-block-out (stress),static,LOGISTIC,AD002103,505.207,0,0,0,,3,0.3327
leave-block-out (stress),static,LOGISTIC,AD002194,338.502,0,0,1,1.0,3,0.4047
leave-block-out (stress),static,LOGISTIC,AD002270,181.447,0,1,1,1.0,3,0.3053
leave-block-out (stress),static,LOGISTIC,AD002357,321.916,0,0,1,0.8213,3,0.1812
leave-block-out (stress),static,LOGISTIC,AD002412,224.703,0,1,1,1.0,5,0.1966
leave-block-out (stress),static,LOGISTIC,AD002621,21.134,1,1,1,1.0,3,0.1866
leave-block-out (stress),static,LOGISTIC,AD002664,133.831,0,1,1,1.0,3,0.1829
leave-block-out (stress),static,LOGISTIC,AD002685,424.987,0,0,1,1.0,3,0.1756
leave-block-out (stress),static,LOGISTIC,AD002748,160.171,0,1,1,1.0,3,0.2098
leave-block-out (stress),static,LOGISTIC,AD002751,131.817,0,1,1,1.0,3,0.1911
leave-block-out (stress),static,LOGISTIC,AD002808,173.962,0,1,1,1.0,3,0.1837
leave-block-out (stress),static,LOGISTIC,AD002875,100.234,0,1,1,0.9197,4,0.1888
leave-block-out (stress),static,LOGISTIC,AD002936,244.459,0,1,1,1.0,3,0.1773
leave-block-out (stress),static,LOGISTIC,AD003016,404.383,0,0,1,1.0,3,0.179
leave-block-out (stress),static,LAMBDAMART,AD000032,466.514,0,0,1,1.0,3,0.043
leave-block-out (stress),static,LAMBDAMART,AD000037,2327.204,0,0,0,0.4307,6,0.0797
leave-block-out (stress),static,LAMBDAMART,AD000066,373.431,0,0,1,0.7098,3,0.0433
leave-block-out (stress),static,LAMBDAMART,AD000079,165.369,0,1,1,1.0,3,0.0419
leave-block-out (stress),static,LAMBDAMART,AD000173,242.711,0,1,1,1.0,3,0.0437
leave-block-out (stress),static,LAMBDAMART,AD000197,460.47,0,0,1,0.7967,3,0.0418
leave-block-out (stress),static,LAMBDAMART,AD000238,33.767,1,1,1,0.9942,4,0.0526
leave-block-out (stress),static,LAMBDAMART,AD000258,3683.389,0,0,0,0.4307,7,0.082
leave-block-out (stress),static,LAMBDAMART,AD000355,272.932,0,0,1,1.0,3,0.0425
leave-block-out (stress),static,LAMBDAMART,AD000379,728.854,0,0,0,,3,0.0419
leave-block-out (stress),static,LAMBDAMART,AD000460,248.907,0,1,1,1.0,3,0.0414
leave-block-out (stress),static,LAMBDAMART,AD000517,93.418,1,1,1,1.0,3,0.0425
leave-block-out (stress),static,LAMBDAMART,AD000529,110.001,0,1,1,0.834,3,0.0423
leave-block-out (stress),static,LAMBDAMART,AD000624,1392.849,0,0,0,,4,0.0524
leave-block-out (stress),static,LAMBDAMART,AD000711,300.083,0,0,1,1.0,4,0.0526
leave-block-out (stress),static,LAMBDAMART,AD000727,131.751,0,1,1,0.9675,4,0.0525
leave-block-out (stress),static,LAMBDAMART,AD000759,93.304,1,1,1,1.0,3,0.0427
leave-block-out (stress),static,LAMBDAMART,AD000782,374.849,0,0,1,1.0,3,0.0425
leave-block-out (stress),static,LAMBDAMART,AD000810,667.845,0,0,0,0.6309,3,0.0425
leave-block-out (stress),static,LAMBDAMART,AD000841,292.843,0,0,1,1.0,3,0.042
leave-block-out (stress),static,LAMBDAMART,AD000942,72.575,1,1,1,1.0,3,0.0418
leave-block-out (stress),static,LAMBDAMART,AD000948,195.983,0,1,1,1.0,3,0.0421
leave-block-out (stress),static,LAMBDAMART,AD000969,73.828,1,1,1,1.0,3,0.0422
leave-block-out (stress),static,LAMBDAMART,AD000986,22.02,1,1,1,1.0,3,0.0415
leave-block-out (stress),static,LAMBDAMART,AD001053,111.114,0,1,1,1.0,4,0.0518
leave-block-out (stress),static,LAMBDAMART,AD001091,67.339,1,1,1,1.0,4,0.0512
leave-block-out (stress),static,LAMBDAMART,AD001122,378.993,0,0,1,1.0,3,0.0415
leave-block-out (stress),static,LAMBDAMART,AD001133,168.974,0,1,1,1.0,3,0.0696
leave-block-out (stress),static,LAMBDAMART,AD001135,184.695,0,1,1,1.0,3,0.0446
leave-block-out (stress),static,LAMBDAMART,AD001152,164.683,0,1,1,1.0,4,0.0464
leave-block-out (stress),static,LAMBDAMART,AD001178,435.97,0,0,1,1.0,3,0.0402
leave-block-out (stress),static,LAMBDAMART,AD001186,406.339,0,0,1,0.7967,3,0.0408
leave-block-out (stress),static,LAMBDAMART,AD001200,397.126,0,0,1,0.9675,4,0.0525
leave-block-out (stress),static,LAMBDAMART,AD001212,586.031,0,0,0,,6,0.1346
leave-block-out (stress),static,LAMBDAMART,AD001314,127.278,0,1,1,1.0,3,0.0418
leave-block-out (stress),static,LAMBDAMART,AD001352,194.035,0,1,1,0.9129,4,0.0517
leave-block-out (stress),static,LAMBDAMART,AD001363,483.889,0,0,1,1.0,3,0.0419
leave-block-out (stress),static,LAMBDAMART,AD001364,286.773,0,0,1,1.0,3,0.0413
leave-block-out (stress),static,LAMBDAMART,AD001447,151.867,0,1,1,1.0,3,0.0451
leave-block-out (stress),static,LAMBDAMART,AD001509,578.906,0,0,0,,3,0.0409
leave-block-out (stress),static,LAMBDAMART,AD001627,407.821,0,0,1,0.9197,7,0.0799
leave-block-out (stress),static,LAMBDAMART,AD001662,431.003,0,0,1,0.7967,3,0.0413
leave-block-out (stress),static,LAMBDAMART,AD001726,44.471,1,1,1,1.0,3,0.0414
leave-block-out (stress),static,LAMBDAMART,AD001746,311.005,0,0,1,1.0,3,0.047
leave-block-out (stress),static,LAMBDAMART,AD001753,85.468,1,1,1,1.0,4,0.0537
leave-block-out (stress),static,LAMBDAMART,AD001821,68.236,1,1,1,1.0,3,0.0416
leave-block-out (stress),static,LAMBDAMART,AD001880,826.704,0,0,0,,3,0.0416
leave-block-out (stress),static,LAMBDAMART,AD001996,200.441,0,1,1,0.9328,7,0.0896
leave-block-out (stress),static,LAMBDAMART,AD002103,525.531,0,0,0,,3,0.0425
leave-block-out (stress),static,LAMBDAMART,AD002194,330.334,0,0,1,1.0,3,0.1055
leave-block-out (stress),static,LAMBDAMART,AD002270,282.725,0,0,1,0.7967,3,0.0416
leave-block-out (stress),static,LAMBDAMART,AD002357,226.477,0,1,1,1.0,3,0.0398
leave-block-out (stress),static,LAMBDAMART,AD002412,379.36,0,0,1,0.7939,5,0.0618
leave-block-out (stress),static,LAMBDAMART,AD002621,21.134,1,1,1,1.0,3,0.0469
leave-block-out (stress),static,LAMBDAMART,AD002664,133.831,0,1,1,1.0,3,0.041
leave-block-out (stress),static,LAMBDAMART,AD002685,265.422,0,0,1,1.0,3,0.041
leave-block-out (stress),static,LAMBDAMART,AD002748,160.171,0,1,1,1.0,3,0.0452
leave-block-out (stress),static,LAMBDAMART,AD002751,190.385,0,1,1,1.0,3,0.0427
leave-block-out (stress),static,LAMBDAMART,AD002808,452.074,0,0,1,0.7967,3,0.0413
leave-block-out (stress),static,LAMBDAMART,AD002875,100.234,0,1,1,0.8772,4,0.0519
leave-block-out (stress),static,LAMBDAMART,AD002936,325.301,0,0,1,0.7967,3,0.1261
leave-block-out (stress),static,LAMBDAMART,AD003016,664.527,0,0,0,0.6309,3,0.0418
leave-block-out (stress),static,PAIRWISE,AD000032,466.514,0,0,1,1.0,3,0.0263
leave-block-out (stress),static,PAIRWISE,AD000037,2327.204,0,0,0,0.4307,6,0.047
leave-block-out (stress),static,PAIRWISE,AD000066,373.431,0,0,1,0.7098,3,0.0263
leave-block-out (stress),static,PAIRWISE,AD000079,165.369,0,1,1,1.0,3,0.0257
leave-block-out (stress),static,PAIRWISE,AD000173,242.711,0,1,1,1.0,3,0.0269
leave-block-out (stress),static,PAIRWISE,AD000197,460.47,0,0,1,0.7967,3,0.0265
leave-block-out (stress),static,PAIRWISE,AD000238,33.767,1,1,1,0.9942,4,0.0322
leave-block-out (stress),static,PAIRWISE,AD000258,3683.389,0,0,0,0.4307,7,0.0805
leave-block-out (stress),static,PAIRWISE,AD000355,272.932,0,0,1,1.0,3,0.0264
leave-block-out (stress),static,PAIRWISE,AD000379,728.854,0,0,0,,3,0.0249
leave-block-out (stress),static,PAIRWISE,AD000460,248.907,0,1,1,1.0,3,0.0247
leave-block-out (stress),static,PAIRWISE,AD000517,93.418,1,1,1,1.0,3,0.026
leave-block-out (stress),static,PAIRWISE,AD000529,110.001,0,1,1,0.834,3,0.0254
leave-block-out (stress),static,PAIRWISE,AD000624,1392.849,0,0,0,,4,0.0319
leave-block-out (stress),static,PAIRWISE,AD000711,300.083,0,0,1,1.0,4,0.0321
leave-block-out (stress),static,PAIRWISE,AD000727,131.751,0,1,1,0.9675,4,0.0328
leave-block-out (stress),static,PAIRWISE,AD000759,93.304,1,1,1,1.0,3,0.0254
leave-block-out (stress),static,PAIRWISE,AD000782,374.849,0,0,1,1.0,3,0.0303
leave-block-out (stress),static,PAIRWISE,AD000810,667.845,0,0,0,0.6309,3,0.0257
leave-block-out (stress),static,PAIRWISE,AD000841,292.843,0,0,1,1.0,3,0.025
leave-block-out (stress),static,PAIRWISE,AD000942,72.575,1,1,1,1.0,3,0.0247
leave-block-out (stress),static,PAIRWISE,AD000948,195.983,0,1,1,1.0,3,0.053
leave-block-out (stress),static,PAIRWISE,AD000969,73.828,1,1,1,1.0,3,0.0256
leave-block-out (stress),static,PAIRWISE,AD000986,22.02,1,1,1,1.0,3,0.0254
leave-block-out (stress),static,PAIRWISE,AD001053,111.114,0,1,1,1.0,4,0.0319
leave-block-out (stress),static,PAIRWISE,AD001091,67.339,1,1,1,1.0,4,0.031
leave-block-out (stress),static,PAIRWISE,AD001122,378.993,0,0,1,1.0,3,0.0257
leave-block-out (stress),static,PAIRWISE,AD001133,168.974,0,1,1,1.0,3,0.0249
leave-block-out (stress),static,PAIRWISE,AD001135,184.695,0,1,1,1.0,3,0.025
leave-block-out (stress),static,PAIRWISE,AD001152,164.683,0,1,1,0.8772,4,0.0298
leave-block-out (stress),static,PAIRWISE,AD001178,435.97,0,0,1,1.0,3,0.0245
leave-block-out (stress),static,PAIRWISE,AD001186,406.339,0,0,1,0.7967,3,0.0247
leave-block-out (stress),static,PAIRWISE,AD001200,397.126,0,0,1,0.9675,4,0.0311
leave-block-out (stress),static,PAIRWISE,AD001212,3141.705,0,0,0,,6,0.0422
leave-block-out (stress),static,PAIRWISE,AD001314,127.278,0,1,1,1.0,3,0.0269
leave-block-out (stress),static,PAIRWISE,AD001352,194.035,0,1,1,0.9129,4,0.0313
leave-block-out (stress),static,PAIRWISE,AD001363,483.889,0,0,1,1.0,3,0.0251
leave-block-out (stress),static,PAIRWISE,AD001364,286.773,0,0,1,1.0,3,0.025
leave-block-out (stress),static,PAIRWISE,AD001447,151.867,0,1,1,1.0,3,0.0245
leave-block-out (stress),static,PAIRWISE,AD001509,578.906,0,0,0,,3,0.025
leave-block-out (stress),static,PAIRWISE,AD001627,407.821,0,0,1,0.9197,7,0.0492
leave-block-out (stress),static,PAIRWISE,AD001662,431.003,0,0,1,0.7967,3,0.0263
leave-block-out (stress),static,PAIRWISE,AD001726,44.471,1,1,1,1.0,3,0.0249
leave-block-out (stress),static,PAIRWISE,AD001746,311.005,0,0,1,1.0,3,0.0259
leave-block-out (stress),static,PAIRWISE,AD001753,85.468,1,1,1,1.0,4,0.0324
leave-block-out (stress),static,PAIRWISE,AD001821,68.236,1,1,1,1.0,3,0.0256
leave-block-out (stress),static,PAIRWISE,AD001880,826.704,0,0,0,,3,0.0252
leave-block-out (stress),static,PAIRWISE,AD001996,200.441,0,1,1,0.9328,7,0.0496
leave-block-out (stress),static,PAIRWISE,AD002103,525.531,0,0,0,,3,0.026
leave-block-out (stress),static,PAIRWISE,AD002194,330.334,0,0,1,1.0,3,0.025
leave-block-out (stress),static,PAIRWISE,AD002270,282.725,0,0,1,0.7967,3,0.0249
leave-block-out (stress),static,PAIRWISE,AD002357,226.477,0,1,1,1.0,3,0.026
leave-block-out (stress),static,PAIRWISE,AD002412,379.36,0,0,1,0.7939,5,0.0377
leave-block-out (stress),static,PAIRWISE,AD002621,21.134,1,1,1,1.0,3,0.0249
leave-block-out (stress),static,PAIRWISE,AD002664,133.831,0,1,1,1.0,3,0.0251
leave-block-out (stress),static,PAIRWISE,AD002685,265.422,0,0,1,1.0,3,0.0247
leave-block-out (stress),static,PAIRWISE,AD002748,160.171,0,1,1,1.0,3,0.0254
leave-block-out (stress),static,PAIRWISE,AD002751,190.385,0,1,1,1.0,3,0.0248
leave-block-out (stress),static,PAIRWISE,AD002808,452.074,0,0,1,0.7967,3,0.0265
leave-block-out (stress),static,PAIRWISE,AD002875,100.234,0,1,1,0.8772,4,0.0314
leave-block-out (stress),static,PAIRWISE,AD002936,325.301,0,0,1,0.7967,3,0.0256
leave-block-out (stress),static,PAIRWISE,AD003016,664.527,0,0,0,0.6309,3,0.0255
leave-block-out (stress),static,LAMBDAMART_SHUFFLED,AD000032,2061.967,0,0,0,0.6934,3,0.1107
leave-block-out (stress),static,LAMBDAMART_SHUFFLED,AD000037,2849.842,0,0,0,0.3869,6,0.1735
leave-block-out (stress),static,LAMBDAMART_SHUFFLED,AD000066,373.431,0,0,1,0.5897,3,0.111
leave-block-out (stress),static,LAMBDAMART_SHUFFLED,AD000079,1323.701,0,0,0,0.659,3,0.1109
leave-block-out (stress),static,LAMBDAMART_SHUFFLED,AD000173,2522.884,0,0,0,0.5869,3,0.1797
leave-block-out (stress),static,LAMBDAMART_SHUFFLED,AD000197,460.47,0,0,1,0.6885,3,0.1127
leave-block-out (stress),static,LAMBDAMART_SHUFFLED,AD000238,308.166,0,0,1,0.6306,4,0.1362
leave-block-out (stress),static,LAMBDAMART_SHUFFLED,AD000258,2876.594,0,0,0,0.0,7,0.2356
leave-block-out (stress),static,LAMBDAMART_SHUFFLED,AD000355,3417.247,0,0,0,0.6934,3,0.1411
leave-block-out (stress),static,LAMBDAMART_SHUFFLED,AD000379,4061.351,0,0,0,,3,0.1088
leave-block-out (stress),static,LAMBDAMART_SHUFFLED,AD000460,2414.673,0,0,0,0.6934,3,0.1103
leave-block-out (stress),static,LAMBDAMART_SHUFFLED,AD000517,93.418,1,1,1,1.0,3,0.1124
leave-block-out (stress),static,LAMBDAMART_SHUFFLED,AD000529,3281.229,0,0,0,0.6064,3,0.1109
leave-block-out (stress),static,LAMBDAMART_SHUFFLED,AD000624,940.502,0,0,0,,4,0.1344
leave-block-out (stress),static,LAMBDAMART_SHUFFLED,AD000711,300.083,0,0,1,0.8772,4,0.2678
leave-block-out (stress),static,LAMBDAMART_SHUFFLED,AD000727,2516.05,0,0,0,0.7328,4,0.2594
leave-block-out (stress),static,LAMBDAMART_SHUFFLED,AD000759,2323.205,0,0,0,0.6064,3,0.1254
leave-block-out (stress),static,LAMBDAMART_SHUFFLED,AD000782,2234.94,0,0,0,0.6934,3,0.1131
leave-block-out (stress),static,LAMBDAMART_SHUFFLED,AD000810,2930.613,0,0,0,0.5,3,0.1103
leave-block-out (stress),static,LAMBDAMART_SHUFFLED,AD000841,2645.818,0,0,0,0.6934,3,0.1125
leave-block-out (stress),static,LAMBDAMART_SHUFFLED,AD000942,3127.33,0,0,0,0.6309,3,0.1127
leave-block-out (stress),static,LAMBDAMART_SHUFFLED,AD000948,195.983,0,1,1,0.9197,3,0.1103
leave-block-out (stress),static,LAMBDAMART_SHUFFLED,AD000969,2668.137,0,0,0,0.6443,3,0.1107
leave-block-out (stress),static,LAMBDAMART_SHUFFLED,AD000986,22.02,1,1,1,0.9828,3,0.1099
leave-block-out (stress),static,LAMBDAMART_SHUFFLED,AD001053,1937.141,0,0,0,0.6509,4,0.1391
leave-block-out (stress),static,LAMBDAMART_SHUFFLED,AD001091,994.452,0,0,0,0.5389,4,0.135
leave-block-out (stress),static,LAMBDAMART_SHUFFLED,AD001122,3712.664,0,0,0,0.6934,3,0.1076
leave-block-out (stress),static,LAMBDAMART_SHUFFLED,AD001133,2052.037,0,0,0,0.6934,3,0.1106
leave-block-out (stress),static,LAMBDAMART_SHUFFLED,AD001135,3287.389,0,0,0,0.6934,3,0.1111
leave-block-out (stress),static,LAMBDAMART_SHUFFLED,AD001152,164.683,0,1,1,1.0,4,0.1449
leave-block-out (stress),static,LAMBDAMART_SHUFFLED,AD001178,435.97,0,0,1,0.9197,3,0.1138
leave-block-out (stress),static,LAMBDAMART_SHUFFLED,AD001186,3283.314,0,0,0,0.5869,3,0.1104
leave-block-out (stress),static,LAMBDAMART_SHUFFLED,AD001200,3084.278,0,0,0,0.7328,4,0.1345
leave-block-out (stress),static,LAMBDAMART_SHUFFLED,AD001212,3376.91,0,0,0,,6,0.2021
leave-block-out (stress),static,LAMBDAMART_SHUFFLED,AD001314,2987.609,0,0,0,0.659,3,0.1294
leave-block-out (stress),static,LAMBDAMART_SHUFFLED,AD001352,4205.071,0,0,0,0.709,4,0.1334
leave-block-out (stress),static,LAMBDAMART_SHUFFLED,AD001363,3240.875,0,0,0,0.6934,3,0.1118
leave-block-out (stress),static,LAMBDAMART_SHUFFLED,AD001364,3612.29,0,0,0,0.6934,3,0.1112
leave-block-out (stress),static,LAMBDAMART_SHUFFLED,AD001447,3691.653,0,0,0,0.5869,3,0.1155
leave-block-out (stress),static,LAMBDAMART_SHUFFLED,AD001509,3767.268,0,0,0,,3,0.1125
leave-block-out (stress),static,LAMBDAMART_SHUFFLED,AD001627,407.821,0,0,1,0.8503,7,0.2063
leave-block-out (stress),static,LAMBDAMART_SHUFFLED,AD001662,3336.778,0,0,0,0.5869,3,0.1112
leave-block-out (stress),static,LAMBDAMART_SHUFFLED,AD001726,44.471,1,1,1,0.9828,3,0.1375
leave-block-out (stress),static,LAMBDAMART_SHUFFLED,AD001746,3508.15,0,0,0,0.6934,3,0.112
leave-block-out (stress),static,LAMBDAMART_SHUFFLED,AD001753,85.468,1,1,1,0.9738,4,0.1359
leave-block-out (stress),static,LAMBDAMART_SHUFFLED,AD001821,3175.754,0,0,0,0.5413,3,0.1108
leave-block-out (stress),static,LAMBDAMART_SHUFFLED,AD001880,3094.998,0,0,0,,3,0.1119
leave-block-out (stress),static,LAMBDAMART_SHUFFLED,AD001996,1856.371,0,0,0,0.4131,7,0.2059
leave-block-out (stress),static,LAMBDAMART_SHUFFLED,AD002103,525.531,0,0,0,,3,0.1129
leave-block-out (stress),static,LAMBDAMART_SHUFFLED,AD002194,330.334,0,0,1,0.9197,3,0.1106
leave-block-out (stress),static,LAMBDAMART_SHUFFLED,AD002270,2512.507,0,0,0,0.5869,3,0.1377
leave-block-out (stress),static,LAMBDAMART_SHUFFLED,AD002357,268.071,0,0,1,0.8213,3,0.1135
leave-block-out (stress),static,LAMBDAMART_SHUFFLED,AD002412,1791.338,0,0,0,0.5062,5,0.1628
leave-block-out (stress),static,LAMBDAMART_SHUFFLED,AD002621,2768.954,0,0,0,0.6653,3,0.1121
leave-block-out (stress),static,LAMBDAMART_SHUFFLED,AD002664,133.831,0,1,1,0.9639,3,0.1156
leave-block-out (stress),static,LAMBDAMART_SHUFFLED,AD002685,4350.416,0,0,0,0.6934,3,0.1067
leave-block-out (stress),static,LAMBDAMART_SHUFFLED,AD002748,160.171,0,1,1,0.9639,3,0.1129
leave-block-out (stress),static,LAMBDAMART_SHUFFLED,AD002751,2279.231,0,0,0,0.6934,3,0.1115
leave-block-out (stress),static,LAMBDAMART_SHUFFLED,AD002808,3202.539,0,0,0,0.659,3,0.1148
leave-block-out (stress),static,LAMBDAMART_SHUFFLED,AD002875,1633.785,0,0,0,0.6934,4,0.1414
leave-block-out (stress),static,LAMBDAMART_SHUFFLED,AD002936,2873.767,0,0,0,0.5869,3,0.1113
leave-block-out (stress),static,LAMBDAMART_SHUFFLED,AD003016,2633.515,0,0,0,0.5,3,0.1132
"S_TRAIN+S_VAL (pool, out-of-fold)",static (out-of-fold),RULE,AD000001,108.593,0,1,1,0.834,3,
"S_TRAIN+S_VAL (pool, out-of-fold)",static (out-of-fold),RULE,AD000012,121.264,0,1,1,1.0,3,
"S_TRAIN+S_VAL (pool, out-of-fold)",static (out-of-fold),RULE,AD000023,381.158,0,0,1,1.0,3,
"S_TRAIN+S_VAL (pool, out-of-fold)",static (out-of-fold),RULE,AD000027,319.555,0,0,1,0.7967,3,
"S_TRAIN+S_VAL (pool, out-of-fold)",static (out-of-fold),RULE,AD000032,466.514,0,0,1,1.0,3,
"S_TRAIN+S_VAL (pool, out-of-fold)",static (out-of-fold),RULE,AD000037,1302.431,0,0,0,0.3869,6,
"S_TRAIN+S_VAL (pool, out-of-fold)",static (out-of-fold),RULE,AD000047,560.169,0,0,0,0.6309,3,
"S_TRAIN+S_VAL (pool, out-of-fold)",static (out-of-fold),RULE,AD000049,348.54,0,0,1,1.0,3,
"S_TRAIN+S_VAL (pool, out-of-fold)",static (out-of-fold),RULE,AD000062,171.811,0,1,1,0.834,3,
"S_TRAIN+S_VAL (pool, out-of-fold)",static (out-of-fold),RULE,AD000066,373.431,0,0,1,0.7098,3,
"S_TRAIN+S_VAL (pool, out-of-fold)",static (out-of-fold),RULE,AD000068,187.628,0,1,1,1.0,3,
"S_TRAIN+S_VAL (pool, out-of-fold)",static (out-of-fold),RULE,AD000069,764.138,0,0,0,,3,
"S_TRAIN+S_VAL (pool, out-of-fold)",static (out-of-fold),RULE,AD000079,165.369,0,1,1,1.0,3,
"S_TRAIN+S_VAL (pool, out-of-fold)",static (out-of-fold),RULE,AD000088,56.43,1,1,1,1.0,3,
"S_TRAIN+S_VAL (pool, out-of-fold)",static (out-of-fold),RULE,AD000094,75.701,1,1,1,0.9839,5,
"S_TRAIN+S_VAL (pool, out-of-fold)",static (out-of-fold),RULE,AD000096,355.067,0,0,1,1.0,3,
"S_TRAIN+S_VAL (pool, out-of-fold)",static (out-of-fold),RULE,AD000105,586.055,0,0,0,0.6309,3,
"S_TRAIN+S_VAL (pool, out-of-fold)",static (out-of-fold),RULE,AD000114,74.165,1,1,1,1.0,3,
"S_TRAIN+S_VAL (pool, out-of-fold)",static (out-of-fold),RULE,AD000129,630.789,0,0,0,,4,
"S_TRAIN+S_VAL (pool, out-of-fold)",static (out-of-fold),RULE,AD000138,156.387,0,1,1,0.834,3,
"S_TRAIN+S_VAL (pool, out-of-fold)",static (out-of-fold),RULE,AD000142,145.525,0,1,1,1.0,3,
"S_TRAIN+S_VAL (pool, out-of-fold)",static (out-of-fold),RULE,AD000155,44.643,1,1,1,1.0,3,
"S_TRAIN+S_VAL (pool, out-of-fold)",static (out-of-fold),RULE,AD000172,304.109,0,0,1,1.0,3,
"S_TRAIN+S_VAL (pool, out-of-fold)",static (out-of-fold),RULE,AD000173,242.711,0,1,1,1.0,3,
"S_TRAIN+S_VAL (pool, out-of-fold)",static (out-of-fold),RULE,AD000176,343.193,0,0,1,1.0,3,
"S_TRAIN+S_VAL (pool, out-of-fold)",static (out-of-fold),RULE,AD000197,460.47,0,0,1,0.7967,3,
"S_TRAIN+S_VAL (pool, out-of-fold)",static (out-of-fold),RULE,AD000198,399.858,0,0,1,0.7967,3,
"S_TRAIN+S_VAL (pool, out-of-fold)",static (out-of-fold),RULE,AD000204,131.042,0,1,1,1.0,3,
"S_TRAIN+S_VAL (pool, out-of-fold)",static (out-of-fold),RULE,AD000223,297.433,0,0,1,1.0,3,
"S_TRAIN+S_VAL (pool, out-of-fold)",static (out-of-fold),RULE,AD000238,33.767,1,1,1,1.0,4,
"S_TRAIN+S_VAL (pool, out-of-fold)",static (out-of-fold),RULE,AD000253,166.756,0,1,1,1.0,3,
"S_TRAIN+S_VAL (pool, out-of-fold)",static (out-of-fold),RULE,AD000258,2224.758,0,0,0,0.3869,7,
"S_TRAIN+S_VAL (pool, out-of-fold)",static (out-of-fold),RULE,AD000260,244.712,0,1,1,1.0,3,
"S_TRAIN+S_VAL (pool, out-of-fold)",static (out-of-fold),RULE,AD000309,254.285,0,0,1,1.0,3,
"S_TRAIN+S_VAL (pool, out-of-fold)",static (out-of-fold),RULE,AD000316,57.073,1,1,1,1.0,3,
"S_TRAIN+S_VAL (pool, out-of-fold)",static (out-of-fold),RULE,AD000323,79.699,1,1,1,1.0,3,
"S_TRAIN+S_VAL (pool, out-of-fold)",static (out-of-fold),RULE,AD000337,30.585,1,1,1,1.0,3,
"S_TRAIN+S_VAL (pool, out-of-fold)",static (out-of-fold),RULE,AD000338,338.916,0,0,1,1.0,3,
"S_TRAIN+S_VAL (pool, out-of-fold)",static (out-of-fold),RULE,AD000354,138.668,0,1,1,1.0,3,
"S_TRAIN+S_VAL (pool, out-of-fold)",static (out-of-fold),RULE,AD000355,272.932,0,0,1,1.0,3,
"S_TRAIN+S_VAL (pool, out-of-fold)",static (out-of-fold),RULE,AD000360,364.144,0,0,1,1.0,3,
"S_TRAIN+S_VAL (pool, out-of-fold)",static (out-of-fold),RULE,AD000369,121.08,0,1,1,1.0,3,
"S_TRAIN+S_VAL (pool, out-of-fold)",static (out-of-fold),RULE,AD000379,728.854,0,0,0,,3,
"S_TRAIN+S_VAL (pool, out-of-fold)",static (out-of-fold),RULE,AD000387,302.318,0,0,1,1.0,3,
"S_TRAIN+S_VAL (pool, out-of-fold)",static (out-of-fold),RULE,AD000397,263.528,0,0,1,0.7098,3,
"S_TRAIN+S_VAL (pool, out-of-fold)",static (out-of-fold),RULE,AD000412,226.165,0,1,1,1.0,3,
"S_TRAIN+S_VAL (pool, out-of-fold)",static (out-of-fold),RULE,AD000424,146.899,0,1,1,1.0,3,
"S_TRAIN+S_VAL (pool, out-of-fold)",static (out-of-fold),RULE,AD000430,170.972,0,1,1,1.0,3,
"S_TRAIN+S_VAL (pool, out-of-fold)",static (out-of-fold),RULE,AD000433,2045.598,0,0,0,,4,
"S_TRAIN+S_VAL (pool, out-of-fold)",static (out-of-fold),RULE,AD000451,384.221,0,0,1,1.0,3,
"S_TRAIN+S_VAL (pool, out-of-fold)",static (out-of-fold),RULE,AD000460,248.907,0,1,1,1.0,3,
"S_TRAIN+S_VAL (pool, out-of-fold)",static (out-of-fold),RULE,AD000475,387.754,0,0,1,0.7967,3,
"S_TRAIN+S_VAL (pool, out-of-fold)",static (out-of-fold),RULE,AD000517,93.418,1,1,1,1.0,3,
"S_TRAIN+S_VAL (pool, out-of-fold)",static (out-of-fold),RULE,AD000524,149.958,0,1,1,1.0,3,
"S_TRAIN+S_VAL (pool, out-of-fold)",static (out-of-fold),RULE,AD000526,852.128,0,0,0,,3,
"S_TRAIN+S_VAL (pool, out-of-fold)",static (out-of-fold),RULE,AD000529,110.001,0,1,1,0.834,3,
"S_TRAIN+S_VAL (pool, out-of-fold)",static (out-of-fold),RULE,AD000541,274.462,0,0,1,1.0,3,
"S_TRAIN+S_VAL (pool, out-of-fold)",static (out-of-fold),RULE,AD000560,412.681,0,0,1,1.0,3,
"S_TRAIN+S_VAL (pool, out-of-fold)",static (out-of-fold),RULE,AD000589,337.894,0,0,1,1.0,3,
"S_TRAIN+S_VAL (pool, out-of-fold)",static (out-of-fold),RULE,AD000602,319.707,0,0,1,1.0,3,
"S_TRAIN+S_VAL (pool, out-of-fold)",static (out-of-fold),RULE,AD000608,297.686,0,0,1,1.0,4,
"S_TRAIN+S_VAL (pool, out-of-fold)",static (out-of-fold),RULE,AD000613,331.051,0,0,1,1.0,4,
"S_TRAIN+S_VAL (pool, out-of-fold)",static (out-of-fold),RULE,AD000624,1392.849,0,0,0,,4,
"S_TRAIN+S_VAL (pool, out-of-fold)",static (out-of-fold),RULE,AD000630,219.042,0,1,1,1.0,3,
"S_TRAIN+S_VAL (pool, out-of-fold)",static (out-of-fold),RULE,AD000631,278.238,0,0,1,1.0,4,
"S_TRAIN+S_VAL (pool, out-of-fold)",static (out-of-fold),RULE,AD000634,670.439,0,0,0,,3,
"S_TRAIN+S_VAL (pool, out-of-fold)",static (out-of-fold),RULE,AD000639,126.421,0,1,1,0.834,3,
"S_TRAIN+S_VAL (pool, out-of-fold)",static (out-of-fold),RULE,AD000652,166.513,0,1,1,1.0,3,
"S_TRAIN+S_VAL (pool, out-of-fold)",static (out-of-fold),RULE,AD000658,535.327,0,0,0,0.6309,3,
"S_TRAIN+S_VAL (pool, out-of-fold)",static (out-of-fold),RULE,AD000667,620.642,0,0,0,0.6309,3,
"S_TRAIN+S_VAL (pool, out-of-fold)",static (out-of-fold),RULE,AD000668,110.386,0,1,1,1.0,3,
"S_TRAIN+S_VAL (pool, out-of-fold)",static (out-of-fold),RULE,AD000672,127.919,0,1,1,1.0,3,
"S_TRAIN+S_VAL (pool, out-of-fold)",static (out-of-fold),RULE,AD000710,464.85,0,0,1,1.0,3,
"S_TRAIN+S_VAL (pool, out-of-fold)",static (out-of-fold),RULE,AD000711,300.083,0,0,1,1.0,4,
"S_TRAIN+S_VAL (pool, out-of-fold)",static (out-of-fold),RULE,AD000722,360.067,0,0,1,1.0,3,
"S_TRAIN+S_VAL (pool, out-of-fold)",static (out-of-fold),RULE,AD000727,131.751,0,1,1,1.0,4,
"S_TRAIN+S_VAL (pool, out-of-fold)",static (out-of-fold),RULE,AD000733,245.596,0,1,1,1.0,3,
"S_TRAIN+S_VAL (pool, out-of-fold)",static (out-of-fold),RULE,AD000735,273.629,0,0,1,0.7967,3,
"S_TRAIN+S_VAL (pool, out-of-fold)",static (out-of-fold),RULE,AD000741,122.761,0,1,1,1.0,3,
"S_TRAIN+S_VAL (pool, out-of-fold)",static (out-of-fold),RULE,AD000753,374.894,0,0,1,1.0,3,
"S_TRAIN+S_VAL (pool, out-of-fold)",static (out-of-fold),RULE,AD000756,221.641,0,1,1,1.0,3,
"S_TRAIN+S_VAL (pool, out-of-fold)",static (out-of-fold),RULE,AD000759,93.304,1,1,1,1.0,3,
"S_TRAIN+S_VAL (pool, out-of-fold)",static (out-of-fold),RULE,AD000779,1270.469,0,0,0,,3,
"S_TRAIN+S_VAL (pool, out-of-fold)",static (out-of-fold),RULE,AD000781,141.313,0,1,1,1.0,4,
"S_TRAIN+S_VAL (pool, out-of-fold)",static (out-of-fold),RULE,AD000782,374.849,0,0,1,1.0,3,
"S_TRAIN+S_VAL (pool, out-of-fold)",static (out-of-fold),RULE,AD000785,1029.123,0,0,0,0.3869,6,
"S_TRAIN+S_VAL (pool, out-of-fold)",static (out-of-fold),RULE,AD000787,16.819,1,1,1,1.0,3,
"S_TRAIN+S_VAL (pool, out-of-fold)",static (out-of-fold),RULE,AD000808,401.552,0,0,1,0.7579,4,
"S_TRAIN+S_VAL (pool, out-of-fold)",static (out-of-fold),RULE,AD000809,496.101,0,0,1,1.0,3,
"S_TRAIN+S_VAL (pool, out-of-fold)",static (out-of-fold),RULE,AD000810,667.845,0,0,0,0.6309,3,
"S_TRAIN+S_VAL (pool, out-of-fold)",static (out-of-fold),RULE,AD000817,233.947,0,1,1,1.0,3,
"S_TRAIN+S_VAL (pool, out-of-fold)",static (out-of-fold),RULE,AD000825,55.1,1,1,1,1.0,3,
"S_TRAIN+S_VAL (pool, out-of-fold)",static (out-of-fold),RULE,AD000836,396.888,0,0,1,1.0,4,
"S_TRAIN+S_VAL (pool, out-of-fold)",static (out-of-fold),RULE,AD000841,292.843,0,0,1,1.0,3,
"S_TRAIN+S_VAL (pool, out-of-fold)",static (out-of-fold),RULE,AD000850,316.332,0,0,1,0.7967,3,
"S_TRAIN+S_VAL (pool, out-of-fold)",static (out-of-fold),RULE,AD000854,608.084,0,0,0,0.6309,3,
"S_TRAIN+S_VAL (pool, out-of-fold)",static (out-of-fold),RULE,AD000869,229.127,0,1,1,0.7592,4,
"S_TRAIN+S_VAL (pool, out-of-fold)",static (out-of-fold),RULE,AD000904,265.391,0,0,1,1.0,3,
"S_TRAIN+S_VAL (pool, out-of-fold)",static (out-of-fold),RULE,AD000924,343.702,0,0,1,1.0,6,
"S_TRAIN+S_VAL (pool, out-of-fold)",static (out-of-fold),RULE,AD000936,364.652,0,0,1,1.0,3,
"S_TRAIN+S_VAL (pool, out-of-fold)",static (out-of-fold),RULE,AD000942,72.575,1,1,1,1.0,3,
"S_TRAIN+S_VAL (pool, out-of-fold)",static (out-of-fold),RULE,AD000948,195.983,0,1,1,1.0,3,
"S_TRAIN+S_VAL (pool, out-of-fold)",static (out-of-fold),RULE,AD000950,430.427,0,0,1,1.0,3,
"S_TRAIN+S_VAL (pool, out-of-fold)",static (out-of-fold),RULE,AD000969,73.828,1,1,1,1.0,3,
"S_TRAIN+S_VAL (pool, out-of-fold)",static (out-of-fold),RULE,AD000986,22.02,1,1,1,1.0,3,
"S_TRAIN+S_VAL (pool, out-of-fold)",static (out-of-fold),RULE,AD001031,142.05,0,1,1,1.0,3,
"S_TRAIN+S_VAL (pool, out-of-fold)",static (out-of-fold),RULE,AD001035,614.284,0,0,0,,3,
"S_TRAIN+S_VAL (pool, out-of-fold)",static (out-of-fold),RULE,AD001040,110.505,0,1,1,1.0,3,
"S_TRAIN+S_VAL (pool, out-of-fold)",static (out-of-fold),RULE,AD001042,27.237,1,1,1,1.0,3,
"S_TRAIN+S_VAL (pool, out-of-fold)",static (out-of-fold),RULE,AD001045,260.787,0,0,1,1.0,3,
"S_TRAIN+S_VAL (pool, out-of-fold)",static (out-of-fold),RULE,AD001053,111.114,0,1,1,1.0,4,
"S_TRAIN+S_VAL (pool, out-of-fold)",static (out-of-fold),RULE,AD001080,190.432,0,1,1,1.0,7,
"S_TRAIN+S_VAL (pool, out-of-fold)",static (out-of-fold),RULE,AD001091,67.339,1,1,1,1.0,4,
"S_TRAIN+S_VAL (pool, out-of-fold)",static (out-of-fold),RULE,AD001105,459.324,0,0,1,1.0,3,
"S_TRAIN+S_VAL (pool, out-of-fold)",static (out-of-fold),RULE,AD001116,28.827,1,1,1,1.0,4,
"S_TRAIN+S_VAL (pool, out-of-fold)",static (out-of-fold),RULE,AD001121,115.333,0,1,1,1.0,4,
"S_TRAIN+S_VAL (pool, out-of-fold)",static (out-of-fold),RULE,AD001122,378.993,0,0,1,1.0,3,
"S_TRAIN+S_VAL (pool, out-of-fold)",static (out-of-fold),RULE,AD001127,229.544,0,1,1,1.0,3,
"S_TRAIN+S_VAL (pool, out-of-fold)",static (out-of-fold),RULE,AD001130,118.209,0,1,1,1.0,3,
"S_TRAIN+S_VAL (pool, out-of-fold)",static (out-of-fold),RULE,AD001133,168.974,0,1,1,1.0,3,
"S_TRAIN+S_VAL (pool, out-of-fold)",static (out-of-fold),RULE,AD001135,184.695,0,1,1,1.0,3,
"S_TRAIN+S_VAL (pool, out-of-fold)",static (out-of-fold),RULE,AD001145,47.432,1,1,1,1.0,3,
"S_TRAIN+S_VAL (pool, out-of-fold)",static (out-of-fold),RULE,AD001152,164.683,0,1,1,0.9197,4,
"S_TRAIN+S_VAL (pool, out-of-fold)",static (out-of-fold),RULE,AD001156,140.057,0,1,1,0.879,6,
"S_TRAIN+S_VAL (pool, out-of-fold)",static (out-of-fold),RULE,AD001170,165.887,0,1,1,1.0,3,
"S_TRAIN+S_VAL (pool, out-of-fold)",static (out-of-fold),RULE,AD001178,435.97,0,0,1,1.0,3,
"S_TRAIN+S_VAL (pool, out-of-fold)",static (out-of-fold),RULE,AD001186,406.339,0,0,1,0.7967,3,
"S_TRAIN+S_VAL (pool, out-of-fold)",static (out-of-fold),RULE,AD001200,397.126,0,0,1,1.0,4,
"S_TRAIN+S_VAL (pool, out-of-fold)",static (out-of-fold),RULE,AD001212,1630.448,0,0,0,,6,
"S_TRAIN+S_VAL (pool, out-of-fold)",static (out-of-fold),RULE,AD001223,68.118,1,1,1,1.0,3,
"S_TRAIN+S_VAL (pool, out-of-fold)",static (out-of-fold),RULE,AD001232,139.564,0,1,1,1.0,3,
"S_TRAIN+S_VAL (pool, out-of-fold)",static (out-of-fold),RULE,AD001236,460.182,0,0,1,1.0,3,
"S_TRAIN+S_VAL (pool, out-of-fold)",static (out-of-fold),RULE,AD001254,177.545,0,1,1,1.0,4,
"S_TRAIN+S_VAL (pool, out-of-fold)",static (out-of-fold),RULE,AD001268,452.607,0,0,1,1.0,3,
"S_TRAIN+S_VAL (pool, out-of-fold)",static (out-of-fold),RULE,AD001272,437.513,0,0,1,1.0,3,
"S_TRAIN+S_VAL (pool, out-of-fold)",static (out-of-fold),RULE,AD001294,1623.747,0,0,0,0.5,8,
"S_TRAIN+S_VAL (pool, out-of-fold)",static (out-of-fold),RULE,AD001314,127.278,0,1,1,1.0,3,
"S_TRAIN+S_VAL (pool, out-of-fold)",static (out-of-fold),RULE,AD001324,17.056,1,1,1,1.0,3,
"S_TRAIN+S_VAL (pool, out-of-fold)",static (out-of-fold),RULE,AD001339,356.319,0,0,1,1.0,4,
"S_TRAIN+S_VAL (pool, out-of-fold)",static (out-of-fold),RULE,AD001352,194.035,0,1,1,0.9514,4,
"S_TRAIN+S_VAL (pool, out-of-fold)",static (out-of-fold),RULE,AD001357,271.159,0,0,1,0.7967,3,
"S_TRAIN+S_VAL (pool, out-of-fold)",static (out-of-fold),RULE,AD001363,483.889,0,0,1,1.0,3,
"S_TRAIN+S_VAL (pool, out-of-fold)",static (out-of-fold),RULE,AD001364,286.773,0,0,1,1.0,3,
"S_TRAIN+S_VAL (pool, out-of-fold)",static (out-of-fold),RULE,AD001380,169.53,0,1,1,1.0,3,
"S_TRAIN+S_VAL (pool, out-of-fold)",static (out-of-fold),RULE,AD001408,494.721,0,0,1,0.7967,3,
"S_TRAIN+S_VAL (pool, out-of-fold)",static (out-of-fold),RULE,AD001416,60.559,1,1,1,1.0,3,
"S_TRAIN+S_VAL (pool, out-of-fold)",static (out-of-fold),RULE,AD001422,362.907,0,0,1,1.0,3,
"S_TRAIN+S_VAL (pool, out-of-fold)",static (out-of-fold),RULE,AD001447,151.867,0,1,1,1.0,3,
"S_TRAIN+S_VAL (pool, out-of-fold)",static (out-of-fold),RULE,AD001462,429.362,0,0,1,1.0,4,
"S_TRAIN+S_VAL (pool, out-of-fold)",static (out-of-fold),RULE,AD001465,473.339,0,0,1,1.0,3,
"S_TRAIN+S_VAL (pool, out-of-fold)",static (out-of-fold),RULE,AD001479,669.168,0,0,0,,3,
"S_TRAIN+S_VAL (pool, out-of-fold)",static (out-of-fold),RULE,AD001495,472.797,0,0,1,0.8772,7,
"S_TRAIN+S_VAL (pool, out-of-fold)",static (out-of-fold),RULE,AD001499,92.125,1,1,1,1.0,3,
"S_TRAIN+S_VAL (pool, out-of-fold)",static (out-of-fold),RULE,AD001505,99.561,1,1,1,1.0,3,
"S_TRAIN+S_VAL (pool, out-of-fold)",static (out-of-fold),RULE,AD001509,578.906,0,0,0,,3,
"S_TRAIN+S_VAL (pool, out-of-fold)",static (out-of-fold),RULE,AD001521,419.052,0,0,1,1.0,3,
"S_TRAIN+S_VAL (pool, out-of-fold)",static (out-of-fold),RULE,AD001523,354.348,0,0,1,1.0,3,
"S_TRAIN+S_VAL (pool, out-of-fold)",static (out-of-fold),RULE,AD001539,154.721,0,1,1,1.0,3,
"S_TRAIN+S_VAL (pool, out-of-fold)",static (out-of-fold),RULE,AD001540,170.946,0,1,1,1.0,3,
"S_TRAIN+S_VAL (pool, out-of-fold)",static (out-of-fold),RULE,AD001551,779.139,0,0,0,,3,
"S_TRAIN+S_VAL (pool, out-of-fold)",static (out-of-fold),RULE,AD001554,142.904,0,1,1,1.0,3,
"S_TRAIN+S_VAL (pool, out-of-fold)",static (out-of-fold),RULE,AD001555,323.581,0,0,1,0.7967,3,
"S_TRAIN+S_VAL (pool, out-of-fold)",static (out-of-fold),RULE,AD001578,117.904,0,1,1,1.0,3,
"S_TRAIN+S_VAL (pool, out-of-fold)",static (out-of-fold),RULE,AD001581,121.891,0,1,1,1.0,3,
"S_TRAIN+S_VAL (pool, out-of-fold)",static (out-of-fold),RULE,AD001587,424.637,0,0,1,1.0,3,
"S_TRAIN+S_VAL (pool, out-of-fold)",static (out-of-fold),RULE,AD001619,104.472,0,1,1,1.0,3,
"S_TRAIN+S_VAL (pool, out-of-fold)",static (out-of-fold),RULE,AD001627,407.821,0,0,1,0.9197,7,
"S_TRAIN+S_VAL (pool, out-of-fold)",static (out-of-fold),RULE,AD001638,319.686,0,0,1,1.0,3,
"S_TRAIN+S_VAL (pool, out-of-fold)",static (out-of-fold),RULE,AD001647,152.158,0,1,1,1.0,3,
"S_TRAIN+S_VAL (pool, out-of-fold)",static (out-of-fold),RULE,AD001662,431.003,0,0,1,0.7967,3,
"S_TRAIN+S_VAL (pool, out-of-fold)",static (out-of-fold),RULE,AD001689,115.462,0,1,1,1.0,3,
"S_TRAIN+S_VAL (pool, out-of-fold)",static (out-of-fold),RULE,AD001697,148.802,0,1,1,1.0,3,
"S_TRAIN+S_VAL (pool, out-of-fold)",static (out-of-fold),RULE,AD001700,23.483,1,1,1,1.0,3,
"S_TRAIN+S_VAL (pool, out-of-fold)",static (out-of-fold),RULE,AD001713,2.163,1,1,1,1.0,3,
"S_TRAIN+S_VAL (pool, out-of-fold)",static (out-of-fold),RULE,AD001722,1332.773,0,0,0,0.5,4,
"S_TRAIN+S_VAL (pool, out-of-fold)",static (out-of-fold),RULE,AD001726,44.471,1,1,1,1.0,3,
"S_TRAIN+S_VAL (pool, out-of-fold)",static (out-of-fold),RULE,AD001731,85.387,1,1,1,1.0,3,
"S_TRAIN+S_VAL (pool, out-of-fold)",static (out-of-fold),RULE,AD001738,262.395,0,0,1,1.0,3,
"S_TRAIN+S_VAL (pool, out-of-fold)",static (out-of-fold),RULE,AD001741,159.227,0,1,1,1.0,3,
"S_TRAIN+S_VAL (pool, out-of-fold)",static (out-of-fold),RULE,AD001742,320.581,0,0,1,1.0,3,
"S_TRAIN+S_VAL (pool, out-of-fold)",static (out-of-fold),RULE,AD001746,311.005,0,0,1,1.0,3,
"S_TRAIN+S_VAL (pool, out-of-fold)",static (out-of-fold),RULE,AD001753,85.468,1,1,1,1.0,4,
"S_TRAIN+S_VAL (pool, out-of-fold)",static (out-of-fold),RULE,AD001760,376.147,0,0,1,1.0,3,
"S_TRAIN+S_VAL (pool, out-of-fold)",static (out-of-fold),RULE,AD001767,188.518,0,1,1,1.0,3,
"S_TRAIN+S_VAL (pool, out-of-fold)",static (out-of-fold),RULE,AD001779,139.212,0,1,1,1.0,3,
"S_TRAIN+S_VAL (pool, out-of-fold)",static (out-of-fold),RULE,AD001788,364.04,0,0,1,0.7579,4,
"S_TRAIN+S_VAL (pool, out-of-fold)",static (out-of-fold),RULE,AD001792,68.019,1,1,1,0.9173,7,
"S_TRAIN+S_VAL (pool, out-of-fold)",static (out-of-fold),RULE,AD001794,304.36,0,0,1,1.0,3,
"S_TRAIN+S_VAL (pool, out-of-fold)",static (out-of-fold),RULE,AD001812,428.837,0,0,1,0.7579,4,
"S_TRAIN+S_VAL (pool, out-of-fold)",static (out-of-fold),RULE,AD001815,365.02,0,0,1,1.0,3,
"S_TRAIN+S_VAL (pool, out-of-fold)",static (out-of-fold),RULE,AD001821,68.236,1,1,1,1.0,3,
"S_TRAIN+S_VAL (pool, out-of-fold)",static (out-of-fold),RULE,AD001879,258.424,0,0,1,1.0,3,
"S_TRAIN+S_VAL (pool, out-of-fold)",static (out-of-fold),RULE,AD001880,826.704,0,0,0,,3,
"S_TRAIN+S_VAL (pool, out-of-fold)",static (out-of-fold),RULE,AD001891,441.467,0,0,1,1.0,4,
"S_TRAIN+S_VAL (pool, out-of-fold)",static (out-of-fold),RULE,AD001923,181.824,0,1,1,1.0,3,
"S_TRAIN+S_VAL (pool, out-of-fold)",static (out-of-fold),RULE,AD001937,40.553,1,1,1,1.0,3,
"S_TRAIN+S_VAL (pool, out-of-fold)",static (out-of-fold),RULE,AD001954,497.427,0,0,1,1.0,3,
"S_TRAIN+S_VAL (pool, out-of-fold)",static (out-of-fold),RULE,AD001972,64.154,1,1,1,1.0,3,
"S_TRAIN+S_VAL (pool, out-of-fold)",static (out-of-fold),RULE,AD001973,1495.194,0,0,0,0.3869,6,
"S_TRAIN+S_VAL (pool, out-of-fold)",static (out-of-fold),RULE,AD001995,148.268,0,1,1,1.0,3,
"S_TRAIN+S_VAL (pool, out-of-fold)",static (out-of-fold),RULE,AD001996,200.441,0,1,1,0.9328,7,
"S_TRAIN+S_VAL (pool, out-of-fold)",static (out-of-fold),RULE,AD002027,258.132,0,0,1,0.7967,3,
"S_TRAIN+S_VAL (pool, out-of-fold)",static (out-of-fold),RULE,AD002045,176.434,0,1,1,1.0,3,
"S_TRAIN+S_VAL (pool, out-of-fold)",static (out-of-fold),RULE,AD002057,1224.483,0,0,0,,2,
"S_TRAIN+S_VAL (pool, out-of-fold)",static (out-of-fold),RULE,AD002060,163.64,0,1,1,1.0,3,
"S_TRAIN+S_VAL (pool, out-of-fold)",static (out-of-fold),RULE,AD002061,148.318,0,1,1,1.0,3,
"S_TRAIN+S_VAL (pool, out-of-fold)",static (out-of-fold),RULE,AD002067,181.338,0,1,1,1.0,3,
"S_TRAIN+S_VAL (pool, out-of-fold)",static (out-of-fold),RULE,AD002069,148.362,0,1,1,1.0,4,
"S_TRAIN+S_VAL (pool, out-of-fold)",static (out-of-fold),RULE,AD002070,1838.564,0,0,0,,3,
"S_TRAIN+S_VAL (pool, out-of-fold)",static (out-of-fold),RULE,AD002074,45.414,1,1,1,1.0,3,
"S_TRAIN+S_VAL (pool, out-of-fold)",static (out-of-fold),RULE,AD002089,274.665,0,0,1,0.7579,3,
"S_TRAIN+S_VAL (pool, out-of-fold)",static (out-of-fold),RULE,AD002096,196.144,0,1,1,1.0,4,
"S_TRAIN+S_VAL (pool, out-of-fold)",static (out-of-fold),RULE,AD002103,525.531,0,0,0,,3,
"S_TRAIN+S_VAL (pool, out-of-fold)",static (out-of-fold),RULE,AD002112,73.237,1,1,1,1.0,4,
"S_TRAIN+S_VAL (pool, out-of-fold)",static (out-of-fold),RULE,AD002123,259.821,0,0,1,0.8213,3,
"S_TRAIN+S_VAL (pool, out-of-fold)",static (out-of-fold),RULE,AD002131,213.082,0,1,1,1.0,3,
"S_TRAIN+S_VAL (pool, out-of-fold)",static (out-of-fold),RULE,AD002134,95.892,1,1,1,1.0,3,
"S_TRAIN+S_VAL (pool, out-of-fold)",static (out-of-fold),RULE,AD002138,186.074,0,1,1,0.9514,4,
"S_TRAIN+S_VAL (pool, out-of-fold)",static (out-of-fold),RULE,AD002154,318.425,0,0,1,1.0,3,
"S_TRAIN+S_VAL (pool, out-of-fold)",static (out-of-fold),RULE,AD002176,440.986,0,0,1,1.0,3,
"S_TRAIN+S_VAL (pool, out-of-fold)",static (out-of-fold),RULE,AD002181,36.676,1,1,1,1.0,3,
"S_TRAIN+S_VAL (pool, out-of-fold)",static (out-of-fold),RULE,AD002194,330.334,0,0,1,1.0,3,
"S_TRAIN+S_VAL (pool, out-of-fold)",static (out-of-fold),RULE,AD002197,50.408,1,1,1,0.9733,4,
"S_TRAIN+S_VAL (pool, out-of-fold)",static (out-of-fold),RULE,AD002244,1110.568,0,0,0,,3,
"S_TRAIN+S_VAL (pool, out-of-fold)",static (out-of-fold),RULE,AD002245,100.242,0,1,1,1.0,3,
"S_TRAIN+S_VAL (pool, out-of-fold)",static (out-of-fold),RULE,AD002251,488.531,0,0,1,1.0,3,
"S_TRAIN+S_VAL (pool, out-of-fold)",static (out-of-fold),RULE,AD002253,376.755,0,0,1,1.0,3,
"S_TRAIN+S_VAL (pool, out-of-fold)",static (out-of-fold),RULE,AD002270,282.725,0,0,1,0.7967,3,
"S_TRAIN+S_VAL (pool, out-of-fold)",static (out-of-fold),RULE,AD002299,360.794,0,0,1,1.0,3,
"S_TRAIN+S_VAL (pool, out-of-fold)",static (out-of-fold),RULE,AD002332,1527.992,0,0,0,0.5,6,
"S_TRAIN+S_VAL (pool, out-of-fold)",static (out-of-fold),RULE,AD002333,627.699,0,0,0,0.6309,7,
"S_TRAIN+S_VAL (pool, out-of-fold)",static (out-of-fold),RULE,AD002357,226.477,0,1,1,1.0,3,
"S_TRAIN+S_VAL (pool, out-of-fold)",static (out-of-fold),RULE,AD002362,45.404,1,1,1,1.0,3,
"S_TRAIN+S_VAL (pool, out-of-fold)",static (out-of-fold),RULE,AD002412,379.36,0,0,1,0.8045,5,
"S_TRAIN+S_VAL (pool, out-of-fold)",static (out-of-fold),RULE,AD002415,2668.133,0,0,0,0.3869,5,
"S_TRAIN+S_VAL (pool, out-of-fold)",static (out-of-fold),RULE,AD002416,1613.944,0,0,0,,3,
"S_TRAIN+S_VAL (pool, out-of-fold)",static (out-of-fold),RULE,AD002424,42.104,1,1,1,1.0,3,
"S_TRAIN+S_VAL (pool, out-of-fold)",static (out-of-fold),RULE,AD002458,371.058,0,0,1,0.631,5,
"S_TRAIN+S_VAL (pool, out-of-fold)",static (out-of-fold),RULE,AD002466,288.353,0,0,1,1.0,3,
"S_TRAIN+S_VAL (pool, out-of-fold)",static (out-of-fold),RULE,AD002485,1488.776,0,0,0,0.2641,8,
"S_TRAIN+S_VAL (pool, out-of-fold)",static (out-of-fold),RULE,AD002490,419.0,0,0,1,1.0,3,
"S_TRAIN+S_VAL (pool, out-of-fold)",static (out-of-fold),RULE,AD002499,187.103,0,1,1,1.0,3,
"S_TRAIN+S_VAL (pool, out-of-fold)",static (out-of-fold),RULE,AD002504,185.528,0,1,1,1.0,3,
"S_TRAIN+S_VAL (pool, out-of-fold)",static (out-of-fold),RULE,AD002509,135.661,0,1,1,1.0,3,
"S_TRAIN+S_VAL (pool, out-of-fold)",static (out-of-fold),RULE,AD002535,373.48,0,0,1,1.0,5,
"S_TRAIN+S_VAL (pool, out-of-fold)",static (out-of-fold),RULE,AD002566,184.765,0,1,1,1.0,4,
"S_TRAIN+S_VAL (pool, out-of-fold)",static (out-of-fold),RULE,AD002579,289.137,0,0,1,1.0,3,
"S_TRAIN+S_VAL (pool, out-of-fold)",static (out-of-fold),RULE,AD002583,309.94,0,0,1,1.0,3,
"S_TRAIN+S_VAL (pool, out-of-fold)",static (out-of-fold),RULE,AD002606,85.555,1,1,1,1.0,3,
"S_TRAIN+S_VAL (pool, out-of-fold)",static (out-of-fold),RULE,AD002621,21.134,1,1,1,1.0,3,
"S_TRAIN+S_VAL (pool, out-of-fold)",static (out-of-fold),RULE,AD002633,106.349,0,1,1,1.0,3,
"S_TRAIN+S_VAL (pool, out-of-fold)",static (out-of-fold),RULE,AD002637,118.022,0,1,1,0.834,5,
"S_TRAIN+S_VAL (pool, out-of-fold)",static (out-of-fold),RULE,AD002661,316.701,0,0,1,0.9197,6,
"S_TRAIN+S_VAL (pool, out-of-fold)",static (out-of-fold),RULE,AD002663,1280.649,0,0,0,,3,
"S_TRAIN+S_VAL (pool, out-of-fold)",static (out-of-fold),RULE,AD002664,133.831,0,1,1,1.0,3,
"S_TRAIN+S_VAL (pool, out-of-fold)",static (out-of-fold),RULE,AD002673,229.151,0,1,1,1.0,3,
"S_TRAIN+S_VAL (pool, out-of-fold)",static (out-of-fold),RULE,AD002685,265.422,0,0,1,1.0,3,
"S_TRAIN+S_VAL (pool, out-of-fold)",static (out-of-fold),RULE,AD002691,1631.933,0,0,0,0.4307,6,
"S_TRAIN+S_VAL (pool, out-of-fold)",static (out-of-fold),RULE,AD002696,624.376,0,0,0,,4,
"S_TRAIN+S_VAL (pool, out-of-fold)",static (out-of-fold),RULE,AD002711,794.753,0,0,0,,3,
"S_TRAIN+S_VAL (pool, out-of-fold)",static (out-of-fold),RULE,AD002728,585.363,0,0,0,0.5296,5,
"S_TRAIN+S_VAL (pool, out-of-fold)",static (out-of-fold),RULE,AD002737,188.476,0,1,1,1.0,4,
"S_TRAIN+S_VAL (pool, out-of-fold)",static (out-of-fold),RULE,AD002748,160.171,0,1,1,1.0,3,
"S_TRAIN+S_VAL (pool, out-of-fold)",static (out-of-fold),RULE,AD002751,190.385,0,1,1,1.0,3,
"S_TRAIN+S_VAL (pool, out-of-fold)",static (out-of-fold),RULE,AD002763,167.829,0,1,1,1.0,3,
"S_TRAIN+S_VAL (pool, out-of-fold)",static (out-of-fold),RULE,AD002764,19.454,1,1,1,1.0,3,
"S_TRAIN+S_VAL (pool, out-of-fold)",static (out-of-fold),RULE,AD002796,2968.077,0,0,0,,2,
"S_TRAIN+S_VAL (pool, out-of-fold)",static (out-of-fold),RULE,AD002802,251.194,0,0,1,1.0,3,
"S_TRAIN+S_VAL (pool, out-of-fold)",static (out-of-fold),RULE,AD002808,452.074,0,0,1,0.7967,3,
"S_TRAIN+S_VAL (pool, out-of-fold)",static (out-of-fold),RULE,AD002809,197.466,0,1,1,1.0,3,
"S_TRAIN+S_VAL (pool, out-of-fold)",static (out-of-fold),RULE,AD002819,1095.517,0,0,0,0.6309,5,
"S_TRAIN+S_VAL (pool, out-of-fold)",static (out-of-fold),RULE,AD002821,212.317,0,1,1,1.0,4,
"S_TRAIN+S_VAL (pool, out-of-fold)",static (out-of-fold),RULE,AD002849,468.026,0,0,1,1.0,3,
"S_TRAIN+S_VAL (pool, out-of-fold)",static (out-of-fold),RULE,AD002858,520.022,0,0,0,,3,
"S_TRAIN+S_VAL (pool, out-of-fold)",static (out-of-fold),RULE,AD002870,265.251,0,0,1,0.7967,3,
"S_TRAIN+S_VAL (pool, out-of-fold)",static (out-of-fold),RULE,AD002875,100.234,0,1,1,0.9197,4,
"S_TRAIN+S_VAL (pool, out-of-fold)",static (out-of-fold),RULE,AD002880,240.254,0,1,1,1.0,3,
"S_TRAIN+S_VAL (pool, out-of-fold)",static (out-of-fold),RULE,AD002882,1632.287,0,0,0,0.5,6,
"S_TRAIN+S_VAL (pool, out-of-fold)",static (out-of-fold),RULE,AD002911,216.162,0,1,1,1.0,3,
"S_TRAIN+S_VAL (pool, out-of-fold)",static (out-of-fold),RULE,AD002936,325.301,0,0,1,0.7967,3,
"S_TRAIN+S_VAL (pool, out-of-fold)",static (out-of-fold),RULE,AD002962,476.419,0,0,1,1.0,3,
"S_TRAIN+S_VAL (pool, out-of-fold)",static (out-of-fold),RULE,AD002966,542.382,0,0,0,,3,
"S_TRAIN+S_VAL (pool, out-of-fold)",static (out-of-fold),RULE,AD002996,183.498,0,1,1,1.0,3,
"S_TRAIN+S_VAL (pool, out-of-fold)",static (out-of-fold),RULE,AD003014,106.823,0,1,1,1.0,5,
"S_TRAIN+S_VAL (pool, out-of-fold)",static (out-of-fold),RULE,AD003016,664.527,0,0,0,0.6309,3,
"S_TRAIN+S_VAL (pool, out-of-fold)",static (out-of-fold),RULE,AD003041,99.139,1,1,1,1.0,4,
"S_TRAIN+S_VAL (pool, out-of-fold)",static (out-of-fold),RULE,AD003050,203.889,0,1,1,1.0,3,
"S_TRAIN+S_VAL (pool, out-of-fold)",static (out-of-fold),RULE,AD003060,215.219,0,1,1,1.0,3,
"S_TRAIN+S_VAL (pool, out-of-fold)",static (out-of-fold),RULE,AD003067,301.886,0,0,1,1.0,3,
"S_TRAIN+S_VAL (pool, out-of-fold)",static (out-of-fold),RULE,AD003074,818.656,0,0,0,0.3869,6,
"S_TRAIN+S_VAL (pool, out-of-fold)",static (out-of-fold),RULE,AD003077,318.999,0,0,1,1.0,3,
"S_TRAIN+S_VAL (pool, out-of-fold)",static (out-of-fold),RULE,AD003085,16.682,1,1,1,1.0,3,
"S_TRAIN+S_VAL (pool, out-of-fold)",static (out-of-fold),LAMBDAMART,AD000001,108.593,0,1,1,0.7309,3,
"S_TRAIN+S_VAL (pool, out-of-fold)",static (out-of-fold),LAMBDAMART,AD000012,121.264,0,1,1,1.0,3,
"S_TRAIN+S_VAL (pool, out-of-fold)",static (out-of-fold),LAMBDAMART,AD000023,381.158,0,0,1,1.0,3,
"S_TRAIN+S_VAL (pool, out-of-fold)",static (out-of-fold),LAMBDAMART,AD000027,319.555,0,0,1,0.7967,3,
"S_TRAIN+S_VAL (pool, out-of-fold)",static (out-of-fold),LAMBDAMART,AD000032,466.514,0,0,1,1.0,3,
"S_TRAIN+S_VAL (pool, out-of-fold)",static (out-of-fold),LAMBDAMART,AD000037,2327.204,0,0,0,0.4307,6,
"S_TRAIN+S_VAL (pool, out-of-fold)",static (out-of-fold),LAMBDAMART,AD000047,560.169,0,0,0,0.6309,3,
"S_TRAIN+S_VAL (pool, out-of-fold)",static (out-of-fold),LAMBDAMART,AD000049,348.54,0,0,1,0.9197,3,
"S_TRAIN+S_VAL (pool, out-of-fold)",static (out-of-fold),LAMBDAMART,AD000062,171.811,0,1,1,0.834,3,
"S_TRAIN+S_VAL (pool, out-of-fold)",static (out-of-fold),LAMBDAMART,AD000066,373.431,0,0,1,0.7098,3,
"S_TRAIN+S_VAL (pool, out-of-fold)",static (out-of-fold),LAMBDAMART,AD000068,187.628,0,1,1,0.9639,3,
"S_TRAIN+S_VAL (pool, out-of-fold)",static (out-of-fold),LAMBDAMART,AD000069,764.138,0,0,0,,3,
"S_TRAIN+S_VAL (pool, out-of-fold)",static (out-of-fold),LAMBDAMART,AD000079,165.369,0,1,1,1.0,3,
"S_TRAIN+S_VAL (pool, out-of-fold)",static (out-of-fold),LAMBDAMART,AD000088,56.43,1,1,1,0.9558,3,
"S_TRAIN+S_VAL (pool, out-of-fold)",static (out-of-fold),LAMBDAMART,AD000094,75.701,1,1,1,0.9737,5,
"S_TRAIN+S_VAL (pool, out-of-fold)",static (out-of-fold),LAMBDAMART,AD000096,355.067,0,0,1,1.0,3,
"S_TRAIN+S_VAL (pool, out-of-fold)",static (out-of-fold),LAMBDAMART,AD000105,586.055,0,0,0,0.6309,3,
"S_TRAIN+S_VAL (pool, out-of-fold)",static (out-of-fold),LAMBDAMART,AD000114,74.165,1,1,1,1.0,3,
"S_TRAIN+S_VAL (pool, out-of-fold)",static (out-of-fold),LAMBDAMART,AD000129,630.789,0,0,0,,4,
"S_TRAIN+S_VAL (pool, out-of-fold)",static (out-of-fold),LAMBDAMART,AD000138,156.387,0,1,1,0.834,3,
"S_TRAIN+S_VAL (pool, out-of-fold)",static (out-of-fold),LAMBDAMART,AD000142,145.525,0,1,1,1.0,3,
"S_TRAIN+S_VAL (pool, out-of-fold)",static (out-of-fold),LAMBDAMART,AD000155,44.643,1,1,1,1.0,3,
"S_TRAIN+S_VAL (pool, out-of-fold)",static (out-of-fold),LAMBDAMART,AD000172,304.109,0,0,1,1.0,3,
"S_TRAIN+S_VAL (pool, out-of-fold)",static (out-of-fold),LAMBDAMART,AD000173,242.711,0,1,1,1.0,3,
"S_TRAIN+S_VAL (pool, out-of-fold)",static (out-of-fold),LAMBDAMART,AD000176,343.193,0,0,1,1.0,3,
"S_TRAIN+S_VAL (pool, out-of-fold)",static (out-of-fold),LAMBDAMART,AD000197,460.47,0,0,1,0.6885,3,
"S_TRAIN+S_VAL (pool, out-of-fold)",static (out-of-fold),LAMBDAMART,AD000198,399.858,0,0,1,0.6885,3,
"S_TRAIN+S_VAL (pool, out-of-fold)",static (out-of-fold),LAMBDAMART,AD000204,131.042,0,1,1,1.0,3,
"S_TRAIN+S_VAL (pool, out-of-fold)",static (out-of-fold),LAMBDAMART,AD000223,297.433,0,0,1,1.0,3,
"S_TRAIN+S_VAL (pool, out-of-fold)",static (out-of-fold),LAMBDAMART,AD000238,33.767,1,1,1,0.9942,4,
"S_TRAIN+S_VAL (pool, out-of-fold)",static (out-of-fold),LAMBDAMART,AD000253,166.756,0,1,1,1.0,3,
"S_TRAIN+S_VAL (pool, out-of-fold)",static (out-of-fold),LAMBDAMART,AD000258,3683.389,0,0,0,0.4307,7,
"S_TRAIN+S_VAL (pool, out-of-fold)",static (out-of-fold),LAMBDAMART,AD000260,244.712,0,1,1,1.0,3,
"S_TRAIN+S_VAL (pool, out-of-fold)",static (out-of-fold),LAMBDAMART,AD000309,254.285,0,0,1,1.0,3,
"S_TRAIN+S_VAL (pool, out-of-fold)",static (out-of-fold),LAMBDAMART,AD000316,57.073,1,1,1,1.0,3,
"S_TRAIN+S_VAL (pool, out-of-fold)",static (out-of-fold),LAMBDAMART,AD000323,79.699,1,1,1,1.0,3,
"S_TRAIN+S_VAL (pool, out-of-fold)",static (out-of-fold),LAMBDAMART,AD000337,30.585,1,1,1,1.0,3,
"S_TRAIN+S_VAL (pool, out-of-fold)",static (out-of-fold),LAMBDAMART,AD000338,338.916,0,0,1,1.0,3,
"S_TRAIN+S_VAL (pool, out-of-fold)",static (out-of-fold),LAMBDAMART,AD000354,138.668,0,1,1,1.0,3,
"S_TRAIN+S_VAL (pool, out-of-fold)",static (out-of-fold),LAMBDAMART,AD000355,272.932,0,0,1,1.0,3,
"S_TRAIN+S_VAL (pool, out-of-fold)",static (out-of-fold),LAMBDAMART,AD000360,364.144,0,0,1,1.0,3,
"S_TRAIN+S_VAL (pool, out-of-fold)",static (out-of-fold),LAMBDAMART,AD000369,121.08,0,1,1,1.0,3,
"S_TRAIN+S_VAL (pool, out-of-fold)",static (out-of-fold),LAMBDAMART,AD000379,728.854,0,0,0,,3,
"S_TRAIN+S_VAL (pool, out-of-fold)",static (out-of-fold),LAMBDAMART,AD000387,302.318,0,0,1,1.0,3,
"S_TRAIN+S_VAL (pool, out-of-fold)",static (out-of-fold),LAMBDAMART,AD000397,263.528,0,0,1,0.7098,3,
"S_TRAIN+S_VAL (pool, out-of-fold)",static (out-of-fold),LAMBDAMART,AD000412,226.165,0,1,1,1.0,3,
"S_TRAIN+S_VAL (pool, out-of-fold)",static (out-of-fold),LAMBDAMART,AD000424,146.899,0,1,1,1.0,3,
"S_TRAIN+S_VAL (pool, out-of-fold)",static (out-of-fold),LAMBDAMART,AD000430,170.972,0,1,1,1.0,3,
"S_TRAIN+S_VAL (pool, out-of-fold)",static (out-of-fold),LAMBDAMART,AD000433,523.238,0,0,0,,4,
"S_TRAIN+S_VAL (pool, out-of-fold)",static (out-of-fold),LAMBDAMART,AD000451,384.221,0,0,1,1.0,3,
"S_TRAIN+S_VAL (pool, out-of-fold)",static (out-of-fold),LAMBDAMART,AD000460,248.907,0,1,1,1.0,3,
"S_TRAIN+S_VAL (pool, out-of-fold)",static (out-of-fold),LAMBDAMART,AD000475,387.754,0,0,1,0.7967,3,
"S_TRAIN+S_VAL (pool, out-of-fold)",static (out-of-fold),LAMBDAMART,AD000517,93.418,1,1,1,1.0,3,
"S_TRAIN+S_VAL (pool, out-of-fold)",static (out-of-fold),LAMBDAMART,AD000524,149.958,0,1,1,1.0,3,
"S_TRAIN+S_VAL (pool, out-of-fold)",static (out-of-fold),LAMBDAMART,AD000526,852.128,0,0,0,,3,
"S_TRAIN+S_VAL (pool, out-of-fold)",static (out-of-fold),LAMBDAMART,AD000529,110.001,0,1,1,0.834,3,
"S_TRAIN+S_VAL (pool, out-of-fold)",static (out-of-fold),LAMBDAMART,AD000541,274.462,0,0,1,1.0,3,
"S_TRAIN+S_VAL (pool, out-of-fold)",static (out-of-fold),LAMBDAMART,AD000560,412.681,0,0,1,1.0,3,
"S_TRAIN+S_VAL (pool, out-of-fold)",static (out-of-fold),LAMBDAMART,AD000589,337.894,0,0,1,1.0,3,
"S_TRAIN+S_VAL (pool, out-of-fold)",static (out-of-fold),LAMBDAMART,AD000602,319.707,0,0,1,1.0,3,
"S_TRAIN+S_VAL (pool, out-of-fold)",static (out-of-fold),LAMBDAMART,AD000608,297.686,0,0,1,0.9197,4,
"S_TRAIN+S_VAL (pool, out-of-fold)",static (out-of-fold),LAMBDAMART,AD000613,331.051,0,0,1,0.8772,4,
"S_TRAIN+S_VAL (pool, out-of-fold)",static (out-of-fold),LAMBDAMART,AD000624,1392.849,0,0,0,,4,
"S_TRAIN+S_VAL (pool, out-of-fold)",static (out-of-fold),LAMBDAMART,AD000630,219.042,0,1,1,0.9197,3,
"S_TRAIN+S_VAL (pool, out-of-fold)",static (out-of-fold),LAMBDAMART,AD000631,278.238,0,0,1,1.0,4,
"S_TRAIN+S_VAL (pool, out-of-fold)",static (out-of-fold),LAMBDAMART,AD000634,670.439,0,0,0,,3,
"S_TRAIN+S_VAL (pool, out-of-fold)",static (out-of-fold),LAMBDAMART,AD000639,126.421,0,1,1,0.834,3,
"S_TRAIN+S_VAL (pool, out-of-fold)",static (out-of-fold),LAMBDAMART,AD000652,166.513,0,1,1,1.0,3,
"S_TRAIN+S_VAL (pool, out-of-fold)",static (out-of-fold),LAMBDAMART,AD000658,535.327,0,0,0,0.6309,3,
"S_TRAIN+S_VAL (pool, out-of-fold)",static (out-of-fold),LAMBDAMART,AD000667,620.642,0,0,0,0.6309,3,
"S_TRAIN+S_VAL (pool, out-of-fold)",static (out-of-fold),LAMBDAMART,AD000668,110.386,0,1,1,1.0,3,
"S_TRAIN+S_VAL (pool, out-of-fold)",static (out-of-fold),LAMBDAMART,AD000672,127.919,0,1,1,1.0,3,
"S_TRAIN+S_VAL (pool, out-of-fold)",static (out-of-fold),LAMBDAMART,AD000710,464.85,0,0,1,1.0,3,
"S_TRAIN+S_VAL (pool, out-of-fold)",static (out-of-fold),LAMBDAMART,AD000711,300.083,0,0,1,0.9197,4,
"S_TRAIN+S_VAL (pool, out-of-fold)",static (out-of-fold),LAMBDAMART,AD000722,360.067,0,0,1,1.0,3,
"S_TRAIN+S_VAL (pool, out-of-fold)",static (out-of-fold),LAMBDAMART,AD000727,131.751,0,1,1,0.9675,4,
"S_TRAIN+S_VAL (pool, out-of-fold)",static (out-of-fold),LAMBDAMART,AD000733,245.596,0,1,1,1.0,3,
"S_TRAIN+S_VAL (pool, out-of-fold)",static (out-of-fold),LAMBDAMART,AD000735,273.629,0,0,1,0.6885,3,
"S_TRAIN+S_VAL (pool, out-of-fold)",static (out-of-fold),LAMBDAMART,AD000741,122.761,0,1,1,1.0,3,
"S_TRAIN+S_VAL (pool, out-of-fold)",static (out-of-fold),LAMBDAMART,AD000753,374.894,0,0,1,1.0,3,
"S_TRAIN+S_VAL (pool, out-of-fold)",static (out-of-fold),LAMBDAMART,AD000756,221.641,0,1,1,0.9197,3,
"S_TRAIN+S_VAL (pool, out-of-fold)",static (out-of-fold),LAMBDAMART,AD000759,93.304,1,1,1,1.0,3,
"S_TRAIN+S_VAL (pool, out-of-fold)",static (out-of-fold),LAMBDAMART,AD000779,1270.469,0,0,0,,3,
"S_TRAIN+S_VAL (pool, out-of-fold)",static (out-of-fold),LAMBDAMART,AD000781,141.313,0,1,1,0.9675,4,
"S_TRAIN+S_VAL (pool, out-of-fold)",static (out-of-fold),LAMBDAMART,AD000782,374.849,0,0,1,0.9197,3,
"S_TRAIN+S_VAL (pool, out-of-fold)",static (out-of-fold),LAMBDAMART,AD000785,2444.405,0,0,0,0.4307,6,
"S_TRAIN+S_VAL (pool, out-of-fold)",static (out-of-fold),LAMBDAMART,AD000787,16.819,1,1,1,1.0,3,
"S_TRAIN+S_VAL (pool, out-of-fold)",static (out-of-fold),LAMBDAMART,AD000808,401.552,0,0,1,0.7076,4,
"S_TRAIN+S_VAL (pool, out-of-fold)",static (out-of-fold),LAMBDAMART,AD000809,496.101,0,0,1,1.0,3,
"S_TRAIN+S_VAL (pool, out-of-fold)",static (out-of-fold),LAMBDAMART,AD000810,667.845,0,0,0,0.6309,3,
"S_TRAIN+S_VAL (pool, out-of-fold)",static (out-of-fold),LAMBDAMART,AD000817,233.947,0,1,1,1.0,3,
"S_TRAIN+S_VAL (pool, out-of-fold)",static (out-of-fold),LAMBDAMART,AD000825,55.1,1,1,1,1.0,3,
"S_TRAIN+S_VAL (pool, out-of-fold)",static (out-of-fold),LAMBDAMART,AD000836,396.888,0,0,1,0.9675,4,
"S_TRAIN+S_VAL (pool, out-of-fold)",static (out-of-fold),LAMBDAMART,AD000841,292.843,0,0,1,1.0,3,
"S_TRAIN+S_VAL (pool, out-of-fold)",static (out-of-fold),LAMBDAMART,AD000850,316.332,0,0,1,0.7967,3,
"S_TRAIN+S_VAL (pool, out-of-fold)",static (out-of-fold),LAMBDAMART,AD000854,608.084,0,0,0,0.5,3,
"S_TRAIN+S_VAL (pool, out-of-fold)",static (out-of-fold),LAMBDAMART,AD000869,229.127,0,1,1,0.7075,4,
"S_TRAIN+S_VAL (pool, out-of-fold)",static (out-of-fold),LAMBDAMART,AD000904,265.391,0,0,1,1.0,3,
"S_TRAIN+S_VAL (pool, out-of-fold)",static (out-of-fold),LAMBDAMART,AD000924,343.702,0,0,1,0.8503,6,
"S_TRAIN+S_VAL (pool, out-of-fold)",static (out-of-fold),LAMBDAMART,AD000936,364.652,0,0,1,0.9197,3,
"S_TRAIN+S_VAL (pool, out-of-fold)",static (out-of-fold),LAMBDAMART,AD000942,72.575,1,1,1,1.0,3,
"S_TRAIN+S_VAL (pool, out-of-fold)",static (out-of-fold),LAMBDAMART,AD000948,195.983,0,1,1,1.0,3,
"S_TRAIN+S_VAL (pool, out-of-fold)",static (out-of-fold),LAMBDAMART,AD000950,430.427,0,0,1,1.0,3,
"S_TRAIN+S_VAL (pool, out-of-fold)",static (out-of-fold),LAMBDAMART,AD000969,73.828,1,1,1,1.0,3,
"S_TRAIN+S_VAL (pool, out-of-fold)",static (out-of-fold),LAMBDAMART,AD000986,22.02,1,1,1,1.0,3,
"S_TRAIN+S_VAL (pool, out-of-fold)",static (out-of-fold),LAMBDAMART,AD001031,142.05,0,1,1,1.0,3,
"S_TRAIN+S_VAL (pool, out-of-fold)",static (out-of-fold),LAMBDAMART,AD001035,614.284,0,0,0,,3,
"S_TRAIN+S_VAL (pool, out-of-fold)",static (out-of-fold),LAMBDAMART,AD001040,110.505,0,1,1,1.0,3,
"S_TRAIN+S_VAL (pool, out-of-fold)",static (out-of-fold),LAMBDAMART,AD001042,27.237,1,1,1,1.0,3,
"S_TRAIN+S_VAL (pool, out-of-fold)",static (out-of-fold),LAMBDAMART,AD001045,260.787,0,0,1,1.0,3,
"S_TRAIN+S_VAL (pool, out-of-fold)",static (out-of-fold),LAMBDAMART,AD001053,111.114,0,1,1,1.0,4,
"S_TRAIN+S_VAL (pool, out-of-fold)",static (out-of-fold),LAMBDAMART,AD001080,190.432,0,1,1,1.0,7,
"S_TRAIN+S_VAL (pool, out-of-fold)",static (out-of-fold),LAMBDAMART,AD001091,67.339,1,1,1,1.0,4,
"S_TRAIN+S_VAL (pool, out-of-fold)",static (out-of-fold),LAMBDAMART,AD001105,459.324,0,0,1,1.0,3,
"S_TRAIN+S_VAL (pool, out-of-fold)",static (out-of-fold),LAMBDAMART,AD001116,28.827,1,1,1,1.0,4,
"S_TRAIN+S_VAL (pool, out-of-fold)",static (out-of-fold),LAMBDAMART,AD001121,115.333,0,1,1,1.0,4,
"S_TRAIN+S_VAL (pool, out-of-fold)",static (out-of-fold),LAMBDAMART,AD001122,378.993,0,0,1,1.0,3,
"S_TRAIN+S_VAL (pool, out-of-fold)",static (out-of-fold),LAMBDAMART,AD001127,229.544,0,1,1,1.0,3,
"S_TRAIN+S_VAL (pool, out-of-fold)",static (out-of-fold),LAMBDAMART,AD001130,118.209,0,1,1,1.0,3,
"S_TRAIN+S_VAL (pool, out-of-fold)",static (out-of-fold),LAMBDAMART,AD001133,168.974,0,1,1,1.0,3,
"S_TRAIN+S_VAL (pool, out-of-fold)",static (out-of-fold),LAMBDAMART,AD001135,184.695,0,1,1,1.0,3,
"S_TRAIN+S_VAL (pool, out-of-fold)",static (out-of-fold),LAMBDAMART,AD001145,47.432,1,1,1,1.0,3,
"S_TRAIN+S_VAL (pool, out-of-fold)",static (out-of-fold),LAMBDAMART,AD001152,164.683,0,1,1,0.8772,4,
"S_TRAIN+S_VAL (pool, out-of-fold)",static (out-of-fold),LAMBDAMART,AD001156,140.057,0,1,1,0.879,6,
"S_TRAIN+S_VAL (pool, out-of-fold)",static (out-of-fold),LAMBDAMART,AD001170,165.887,0,1,1,1.0,3,
"S_TRAIN+S_VAL (pool, out-of-fold)",static (out-of-fold),LAMBDAMART,AD001178,435.97,0,0,1,1.0,3,
"S_TRAIN+S_VAL (pool, out-of-fold)",static (out-of-fold),LAMBDAMART,AD001186,406.339,0,0,1,0.7967,3,
"S_TRAIN+S_VAL (pool, out-of-fold)",static (out-of-fold),LAMBDAMART,AD001200,397.126,0,0,1,0.9675,4,
"S_TRAIN+S_VAL (pool, out-of-fold)",static (out-of-fold),LAMBDAMART,AD001212,3141.705,0,0,0,,6,
"S_TRAIN+S_VAL (pool, out-of-fold)",static (out-of-fold),LAMBDAMART,AD001223,68.118,1,1,1,1.0,3,
"S_TRAIN+S_VAL (pool, out-of-fold)",static (out-of-fold),LAMBDAMART,AD001232,139.564,0,1,1,1.0,3,
"S_TRAIN+S_VAL (pool, out-of-fold)",static (out-of-fold),LAMBDAMART,AD001236,460.182,0,0,1,1.0,3,
"S_TRAIN+S_VAL (pool, out-of-fold)",static (out-of-fold),LAMBDAMART,AD001254,177.545,0,1,1,1.0,4,
"S_TRAIN+S_VAL (pool, out-of-fold)",static (out-of-fold),LAMBDAMART,AD001268,452.607,0,0,1,1.0,3,
"S_TRAIN+S_VAL (pool, out-of-fold)",static (out-of-fold),LAMBDAMART,AD001272,437.513,0,0,1,1.0,3,
"S_TRAIN+S_VAL (pool, out-of-fold)",static (out-of-fold),LAMBDAMART,AD001294,1665.282,0,0,0,0.6309,8,
"S_TRAIN+S_VAL (pool, out-of-fold)",static (out-of-fold),LAMBDAMART,AD001314,127.278,0,1,1,1.0,3,
"S_TRAIN+S_VAL (pool, out-of-fold)",static (out-of-fold),LAMBDAMART,AD001324,17.056,1,1,1,1.0,3,
"S_TRAIN+S_VAL (pool, out-of-fold)",static (out-of-fold),LAMBDAMART,AD001339,356.319,0,0,1,1.0,4,
"S_TRAIN+S_VAL (pool, out-of-fold)",static (out-of-fold),LAMBDAMART,AD001352,194.035,0,1,1,0.9129,4,
"S_TRAIN+S_VAL (pool, out-of-fold)",static (out-of-fold),LAMBDAMART,AD001357,271.159,0,0,1,0.7967,3,
"S_TRAIN+S_VAL (pool, out-of-fold)",static (out-of-fold),LAMBDAMART,AD001363,483.889,0,0,1,1.0,3,
"S_TRAIN+S_VAL (pool, out-of-fold)",static (out-of-fold),LAMBDAMART,AD001364,286.773,0,0,1,0.9197,3,
"S_TRAIN+S_VAL (pool, out-of-fold)",static (out-of-fold),LAMBDAMART,AD001380,169.53,0,1,1,1.0,3,
"S_TRAIN+S_VAL (pool, out-of-fold)",static (out-of-fold),LAMBDAMART,AD001408,494.721,0,0,1,0.6885,3,
"S_TRAIN+S_VAL (pool, out-of-fold)",static (out-of-fold),LAMBDAMART,AD001416,60.559,1,1,1,1.0,3,
"S_TRAIN+S_VAL (pool, out-of-fold)",static (out-of-fold),LAMBDAMART,AD001422,362.907,0,0,1,1.0,3,
"S_TRAIN+S_VAL (pool, out-of-fold)",static (out-of-fold),LAMBDAMART,AD001447,151.867,0,1,1,1.0,3,
"S_TRAIN+S_VAL (pool, out-of-fold)",static (out-of-fold),LAMBDAMART,AD001462,429.362,0,0,1,1.0,4,
"S_TRAIN+S_VAL (pool, out-of-fold)",static (out-of-fold),LAMBDAMART,AD001465,473.339,0,0,1,1.0,3,
"S_TRAIN+S_VAL (pool, out-of-fold)",static (out-of-fold),LAMBDAMART,AD001479,669.168,0,0,0,,3,
"S_TRAIN+S_VAL (pool, out-of-fold)",static (out-of-fold),LAMBDAMART,AD001495,472.797,0,0,1,0.8503,7,
"S_TRAIN+S_VAL (pool, out-of-fold)",static (out-of-fold),LAMBDAMART,AD001499,92.125,1,1,1,0.9828,3,
"S_TRAIN+S_VAL (pool, out-of-fold)",static (out-of-fold),LAMBDAMART,AD001505,99.561,1,1,1,1.0,3,
"S_TRAIN+S_VAL (pool, out-of-fold)",static (out-of-fold),LAMBDAMART,AD001509,578.906,0,0,0,,3,
"S_TRAIN+S_VAL (pool, out-of-fold)",static (out-of-fold),LAMBDAMART,AD001521,419.052,0,0,1,1.0,3,
"S_TRAIN+S_VAL (pool, out-of-fold)",static (out-of-fold),LAMBDAMART,AD001523,354.348,0,0,1,1.0,3,
"S_TRAIN+S_VAL (pool, out-of-fold)",static (out-of-fold),LAMBDAMART,AD001539,154.721,0,1,1,1.0,3,
"S_TRAIN+S_VAL (pool, out-of-fold)",static (out-of-fold),LAMBDAMART,AD001540,170.946,0,1,1,1.0,3,
"S_TRAIN+S_VAL (pool, out-of-fold)",static (out-of-fold),LAMBDAMART,AD001551,779.139,0,0,0,,3,
"S_TRAIN+S_VAL (pool, out-of-fold)",static (out-of-fold),LAMBDAMART,AD001554,142.904,0,1,1,1.0,3,
"S_TRAIN+S_VAL (pool, out-of-fold)",static (out-of-fold),LAMBDAMART,AD001555,323.581,0,0,1,0.7967,3,
"S_TRAIN+S_VAL (pool, out-of-fold)",static (out-of-fold),LAMBDAMART,AD001578,117.904,0,1,1,1.0,3,
"S_TRAIN+S_VAL (pool, out-of-fold)",static (out-of-fold),LAMBDAMART,AD001581,121.891,0,1,1,1.0,3,
"S_TRAIN+S_VAL (pool, out-of-fold)",static (out-of-fold),LAMBDAMART,AD001587,424.637,0,0,1,1.0,3,
"S_TRAIN+S_VAL (pool, out-of-fold)",static (out-of-fold),LAMBDAMART,AD001619,104.472,0,1,1,1.0,3,
"S_TRAIN+S_VAL (pool, out-of-fold)",static (out-of-fold),LAMBDAMART,AD001627,407.821,0,0,1,0.8772,7,
"S_TRAIN+S_VAL (pool, out-of-fold)",static (out-of-fold),LAMBDAMART,AD001638,319.686,0,0,1,1.0,3,
"S_TRAIN+S_VAL (pool, out-of-fold)",static (out-of-fold),LAMBDAMART,AD001647,152.158,0,1,1,1.0,3,
"S_TRAIN+S_VAL (pool, out-of-fold)",static (out-of-fold),LAMBDAMART,AD001662,431.003,0,0,1,0.7967,3,
"S_TRAIN+S_VAL (pool, out-of-fold)",static (out-of-fold),LAMBDAMART,AD001689,115.462,0,1,1,1.0,3,
"S_TRAIN+S_VAL (pool, out-of-fold)",static (out-of-fold),LAMBDAMART,AD001697,148.802,0,1,1,1.0,3,
"S_TRAIN+S_VAL (pool, out-of-fold)",static (out-of-fold),LAMBDAMART,AD001700,23.483,1,1,1,1.0,3,
"S_TRAIN+S_VAL (pool, out-of-fold)",static (out-of-fold),LAMBDAMART,AD001713,2.163,1,1,1,1.0,3,
"S_TRAIN+S_VAL (pool, out-of-fold)",static (out-of-fold),LAMBDAMART,AD001722,2774.071,0,0,0,0.5,4,
"S_TRAIN+S_VAL (pool, out-of-fold)",static (out-of-fold),LAMBDAMART,AD001726,44.471,1,1,1,1.0,3,
"S_TRAIN+S_VAL (pool, out-of-fold)",static (out-of-fold),LAMBDAMART,AD001731,85.387,1,1,1,1.0,3,
"S_TRAIN+S_VAL (pool, out-of-fold)",static (out-of-fold),LAMBDAMART,AD001738,262.395,0,0,1,0.9197,3,
"S_TRAIN+S_VAL (pool, out-of-fold)",static (out-of-fold),LAMBDAMART,AD001741,159.227,0,1,1,1.0,3,
"S_TRAIN+S_VAL (pool, out-of-fold)",static (out-of-fold),LAMBDAMART,AD001742,320.581,0,0,1,1.0,3,
"S_TRAIN+S_VAL (pool, out-of-fold)",static (out-of-fold),LAMBDAMART,AD001746,311.005,0,0,1,1.0,3,
"S_TRAIN+S_VAL (pool, out-of-fold)",static (out-of-fold),LAMBDAMART,AD001753,85.468,1,1,1,1.0,4,
"S_TRAIN+S_VAL (pool, out-of-fold)",static (out-of-fold),LAMBDAMART,AD001760,376.147,0,0,1,1.0,3,
"S_TRAIN+S_VAL (pool, out-of-fold)",static (out-of-fold),LAMBDAMART,AD001767,188.518,0,1,1,1.0,3,
"S_TRAIN+S_VAL (pool, out-of-fold)",static (out-of-fold),LAMBDAMART,AD001779,139.212,0,1,1,1.0,3,
"S_TRAIN+S_VAL (pool, out-of-fold)",static (out-of-fold),LAMBDAMART,AD001788,364.04,0,0,1,0.7076,4,
"S_TRAIN+S_VAL (pool, out-of-fold)",static (out-of-fold),LAMBDAMART,AD001792,68.019,1,1,1,0.9173,7,
"S_TRAIN+S_VAL (pool, out-of-fold)",static (out-of-fold),LAMBDAMART,AD001794,304.36,0,0,1,1.0,3,
"S_TRAIN+S_VAL (pool, out-of-fold)",static (out-of-fold),LAMBDAMART,AD001812,428.837,0,0,1,0.7076,4,
"S_TRAIN+S_VAL (pool, out-of-fold)",static (out-of-fold),LAMBDAMART,AD001815,365.02,0,0,1,1.0,3,
"S_TRAIN+S_VAL (pool, out-of-fold)",static (out-of-fold),LAMBDAMART,AD001821,68.236,1,1,1,1.0,3,
"S_TRAIN+S_VAL (pool, out-of-fold)",static (out-of-fold),LAMBDAMART,AD001879,258.424,0,0,1,1.0,3,
"S_TRAIN+S_VAL (pool, out-of-fold)",static (out-of-fold),LAMBDAMART,AD001880,826.704,0,0,0,,3,
"S_TRAIN+S_VAL (pool, out-of-fold)",static (out-of-fold),LAMBDAMART,AD001891,441.467,0,0,1,0.9675,4,
"S_TRAIN+S_VAL (pool, out-of-fold)",static (out-of-fold),LAMBDAMART,AD001923,181.824,0,1,1,1.0,3,
"S_TRAIN+S_VAL (pool, out-of-fold)",static (out-of-fold),LAMBDAMART,AD001937,40.553,1,1,1,1.0,3,
"S_TRAIN+S_VAL (pool, out-of-fold)",static (out-of-fold),LAMBDAMART,AD001954,497.427,0,0,1,1.0,3,
"S_TRAIN+S_VAL (pool, out-of-fold)",static (out-of-fold),LAMBDAMART,AD001972,64.154,1,1,1,1.0,3,
"S_TRAIN+S_VAL (pool, out-of-fold)",static (out-of-fold),LAMBDAMART,AD001973,1199.855,0,0,0,0.4307,6,
"S_TRAIN+S_VAL (pool, out-of-fold)",static (out-of-fold),LAMBDAMART,AD001995,148.268,0,1,1,1.0,3,
"S_TRAIN+S_VAL (pool, out-of-fold)",static (out-of-fold),LAMBDAMART,AD001996,200.441,0,1,1,0.8262,7,
"S_TRAIN+S_VAL (pool, out-of-fold)",static (out-of-fold),LAMBDAMART,AD002027,258.132,0,0,1,0.7967,3,
"S_TRAIN+S_VAL (pool, out-of-fold)",static (out-of-fold),LAMBDAMART,AD002045,176.434,0,1,1,0.9639,3,
"S_TRAIN+S_VAL (pool, out-of-fold)",static (out-of-fold),LAMBDAMART,AD002057,1224.483,0,0,0,,2,
"S_TRAIN+S_VAL (pool, out-of-fold)",static (out-of-fold),LAMBDAMART,AD002060,163.64,0,1,1,1.0,3,
"S_TRAIN+S_VAL (pool, out-of-fold)",static (out-of-fold),LAMBDAMART,AD002061,148.318,0,1,1,1.0,3,
"S_TRAIN+S_VAL (pool, out-of-fold)",static (out-of-fold),LAMBDAMART,AD002067,181.338,0,1,1,1.0,3,
"S_TRAIN+S_VAL (pool, out-of-fold)",static (out-of-fold),LAMBDAMART,AD002069,148.362,0,1,1,0.9675,4,
"S_TRAIN+S_VAL (pool, out-of-fold)",static (out-of-fold),LAMBDAMART,AD002070,1838.564,0,0,0,,3,
"S_TRAIN+S_VAL (pool, out-of-fold)",static (out-of-fold),LAMBDAMART,AD002074,45.414,1,1,1,1.0,3,
"S_TRAIN+S_VAL (pool, out-of-fold)",static (out-of-fold),LAMBDAMART,AD002089,274.665,0,0,1,0.7579,3,
"S_TRAIN+S_VAL (pool, out-of-fold)",static (out-of-fold),LAMBDAMART,AD002096,196.144,0,1,1,1.0,4,
"S_TRAIN+S_VAL (pool, out-of-fold)",static (out-of-fold),LAMBDAMART,AD002103,525.531,0,0,0,,3,
"S_TRAIN+S_VAL (pool, out-of-fold)",static (out-of-fold),LAMBDAMART,AD002112,73.237,1,1,1,1.0,4,
"S_TRAIN+S_VAL (pool, out-of-fold)",static (out-of-fold),LAMBDAMART,AD002123,259.821,0,0,1,0.8213,3,
"S_TRAIN+S_VAL (pool, out-of-fold)",static (out-of-fold),LAMBDAMART,AD002131,213.082,0,1,1,1.0,3,
"S_TRAIN+S_VAL (pool, out-of-fold)",static (out-of-fold),LAMBDAMART,AD002134,95.892,1,1,1,1.0,3,
"S_TRAIN+S_VAL (pool, out-of-fold)",static (out-of-fold),LAMBDAMART,AD002138,186.074,0,1,1,0.9129,4,
"S_TRAIN+S_VAL (pool, out-of-fold)",static (out-of-fold),LAMBDAMART,AD002154,318.425,0,0,1,1.0,3,
"S_TRAIN+S_VAL (pool, out-of-fold)",static (out-of-fold),LAMBDAMART,AD002176,440.986,0,0,1,1.0,3,
"S_TRAIN+S_VAL (pool, out-of-fold)",static (out-of-fold),LAMBDAMART,AD002181,36.676,1,1,1,1.0,3,
"S_TRAIN+S_VAL (pool, out-of-fold)",static (out-of-fold),LAMBDAMART,AD002194,330.334,0,0,1,0.9197,3,
"S_TRAIN+S_VAL (pool, out-of-fold)",static (out-of-fold),LAMBDAMART,AD002197,50.408,1,1,1,0.9592,4,
"S_TRAIN+S_VAL (pool, out-of-fold)",static (out-of-fold),LAMBDAMART,AD002244,1110.568,0,0,0,,3,
"S_TRAIN+S_VAL (pool, out-of-fold)",static (out-of-fold),LAMBDAMART,AD002245,100.242,0,1,1,1.0,3,
"S_TRAIN+S_VAL (pool, out-of-fold)",static (out-of-fold),LAMBDAMART,AD002251,488.531,0,0,1,1.0,3,
"S_TRAIN+S_VAL (pool, out-of-fold)",static (out-of-fold),LAMBDAMART,AD002253,376.755,0,0,1,1.0,3,
"S_TRAIN+S_VAL (pool, out-of-fold)",static (out-of-fold),LAMBDAMART,AD002270,282.725,0,0,1,0.7967,3,
"S_TRAIN+S_VAL (pool, out-of-fold)",static (out-of-fold),LAMBDAMART,AD002299,360.794,0,0,1,1.0,3,
"S_TRAIN+S_VAL (pool, out-of-fold)",static (out-of-fold),LAMBDAMART,AD002332,2662.163,0,0,0,0.6309,6,
"S_TRAIN+S_VAL (pool, out-of-fold)",static (out-of-fold),LAMBDAMART,AD002333,627.699,0,0,0,0.6309,7,
"S_TRAIN+S_VAL (pool, out-of-fold)",static (out-of-fold),LAMBDAMART,AD002357,226.477,0,1,1,1.0,3,
"S_TRAIN+S_VAL (pool, out-of-fold)",static (out-of-fold),LAMBDAMART,AD002362,45.404,1,1,1,1.0,3,
"S_TRAIN+S_VAL (pool, out-of-fold)",static (out-of-fold),LAMBDAMART,AD002412,379.36,0,0,1,0.7939,5,
"S_TRAIN+S_VAL (pool, out-of-fold)",static (out-of-fold),LAMBDAMART,AD002415,2668.133,0,0,0,0.5,5,
"S_TRAIN+S_VAL (pool, out-of-fold)",static (out-of-fold),LAMBDAMART,AD002416,1613.944,0,0,0,,3,
"S_TRAIN+S_VAL (pool, out-of-fold)",static (out-of-fold),LAMBDAMART,AD002424,42.104,1,1,1,1.0,3,
"S_TRAIN+S_VAL (pool, out-of-fold)",static (out-of-fold),LAMBDAMART,AD002458,371.058,0,0,1,0.5714,5,
"S_TRAIN+S_VAL (pool, out-of-fold)",static (out-of-fold),LAMBDAMART,AD002466,288.353,0,0,1,1.0,3,
"S_TRAIN+S_VAL (pool, out-of-fold)",static (out-of-fold),LAMBDAMART,AD002485,2002.022,0,0,0,0.3066,8,
"S_TRAIN+S_VAL (pool, out-of-fold)",static (out-of-fold),LAMBDAMART,AD002490,419.0,0,0,1,1.0,3,
"S_TRAIN+S_VAL (pool, out-of-fold)",static (out-of-fold),LAMBDAMART,AD002499,187.103,0,1,1,1.0,3,
"S_TRAIN+S_VAL (pool, out-of-fold)",static (out-of-fold),LAMBDAMART,AD002504,185.528,0,1,1,0.9639,3,
"S_TRAIN+S_VAL (pool, out-of-fold)",static (out-of-fold),LAMBDAMART,AD002509,135.661,0,1,1,1.0,3,
"S_TRAIN+S_VAL (pool, out-of-fold)",static (out-of-fold),LAMBDAMART,AD002535,373.48,0,0,1,1.0,5,
"S_TRAIN+S_VAL (pool, out-of-fold)",static (out-of-fold),LAMBDAMART,AD002566,184.765,0,1,1,0.9871,4,
"S_TRAIN+S_VAL (pool, out-of-fold)",static (out-of-fold),LAMBDAMART,AD002579,289.137,0,0,1,1.0,3,
"S_TRAIN+S_VAL (pool, out-of-fold)",static (out-of-fold),LAMBDAMART,AD002583,309.94,0,0,1,1.0,3,
"S_TRAIN+S_VAL (pool, out-of-fold)",static (out-of-fold),LAMBDAMART,AD002606,85.555,1,1,1,1.0,3,
"S_TRAIN+S_VAL (pool, out-of-fold)",static (out-of-fold),LAMBDAMART,AD002621,21.134,1,1,1,1.0,3,
"S_TRAIN+S_VAL (pool, out-of-fold)",static (out-of-fold),LAMBDAMART,AD002633,106.349,0,1,1,0.9197,3,
"S_TRAIN+S_VAL (pool, out-of-fold)",static (out-of-fold),LAMBDAMART,AD002637,118.022,0,1,1,0.834,5,
"S_TRAIN+S_VAL (pool, out-of-fold)",static (out-of-fold),LAMBDAMART,AD002661,316.701,0,0,1,0.9197,6,
"S_TRAIN+S_VAL (pool, out-of-fold)",static (out-of-fold),LAMBDAMART,AD002663,1280.649,0,0,0,,3,
"S_TRAIN+S_VAL (pool, out-of-fold)",static (out-of-fold),LAMBDAMART,AD002664,133.831,0,1,1,0.9639,3,
"S_TRAIN+S_VAL (pool, out-of-fold)",static (out-of-fold),LAMBDAMART,AD002673,229.151,0,1,1,1.0,3,
"S_TRAIN+S_VAL (pool, out-of-fold)",static (out-of-fold),LAMBDAMART,AD002685,265.422,0,0,1,1.0,3,
"S_TRAIN+S_VAL (pool, out-of-fold)",static (out-of-fold),LAMBDAMART,AD002691,2811.077,0,0,0,0.5,6,
"S_TRAIN+S_VAL (pool, out-of-fold)",static (out-of-fold),LAMBDAMART,AD002696,544.383,0,0,0,,4,
"S_TRAIN+S_VAL (pool, out-of-fold)",static (out-of-fold),LAMBDAMART,AD002711,794.753,0,0,0,,3,
"S_TRAIN+S_VAL (pool, out-of-fold)",static (out-of-fold),LAMBDAMART,AD002728,585.363,0,0,0,0.4934,5,
"S_TRAIN+S_VAL (pool, out-of-fold)",static (out-of-fold),LAMBDAMART,AD002737,188.476,0,1,1,0.9871,4,
"S_TRAIN+S_VAL (pool, out-of-fold)",static (out-of-fold),LAMBDAMART,AD002748,160.171,0,1,1,1.0,3,
"S_TRAIN+S_VAL (pool, out-of-fold)",static (out-of-fold),LAMBDAMART,AD002751,190.385,0,1,1,1.0,3,
"S_TRAIN+S_VAL (pool, out-of-fold)",static (out-of-fold),LAMBDAMART,AD002763,167.829,0,1,1,1.0,3,
"S_TRAIN+S_VAL (pool, out-of-fold)",static (out-of-fold),LAMBDAMART,AD002764,19.454,1,1,1,1.0,3,
"S_TRAIN+S_VAL (pool, out-of-fold)",static (out-of-fold),LAMBDAMART,AD002796,2968.077,0,0,0,,2,
"S_TRAIN+S_VAL (pool, out-of-fold)",static (out-of-fold),LAMBDAMART,AD002802,251.194,0,0,1,1.0,3,
"S_TRAIN+S_VAL (pool, out-of-fold)",static (out-of-fold),LAMBDAMART,AD002808,452.074,0,0,1,0.7967,3,
"S_TRAIN+S_VAL (pool, out-of-fold)",static (out-of-fold),LAMBDAMART,AD002809,197.466,0,1,1,1.0,3,
"S_TRAIN+S_VAL (pool, out-of-fold)",static (out-of-fold),LAMBDAMART,AD002819,406.75,0,0,1,1.0,5,
"S_TRAIN+S_VAL (pool, out-of-fold)",static (out-of-fold),LAMBDAMART,AD002821,212.317,0,1,1,1.0,4,
"S_TRAIN+S_VAL (pool, out-of-fold)",static (out-of-fold),LAMBDAMART,AD002849,468.026,0,0,1,1.0,3,
"S_TRAIN+S_VAL (pool, out-of-fold)",static (out-of-fold),LAMBDAMART,AD002858,520.022,0,0,0,,3,
"S_TRAIN+S_VAL (pool, out-of-fold)",static (out-of-fold),LAMBDAMART,AD002870,265.251,0,0,1,0.7967,3,
"S_TRAIN+S_VAL (pool, out-of-fold)",static (out-of-fold),LAMBDAMART,AD002875,100.234,0,1,1,0.8772,4,
"S_TRAIN+S_VAL (pool, out-of-fold)",static (out-of-fold),LAMBDAMART,AD002880,240.254,0,1,1,1.0,3,
"S_TRAIN+S_VAL (pool, out-of-fold)",static (out-of-fold),LAMBDAMART,AD002882,995.562,0,0,0,0.6309,6,
"S_TRAIN+S_VAL (pool, out-of-fold)",static (out-of-fold),LAMBDAMART,AD002911,216.162,0,1,1,1.0,3,
"S_TRAIN+S_VAL (pool, out-of-fold)",static (out-of-fold),LAMBDAMART,AD002936,325.301,0,0,1,0.6885,3,
"S_TRAIN+S_VAL (pool, out-of-fold)",static (out-of-fold),LAMBDAMART,AD002962,476.419,0,0,1,1.0,3,
"S_TRAIN+S_VAL (pool, out-of-fold)",static (out-of-fold),LAMBDAMART,AD002966,542.382,0,0,0,,3,
"S_TRAIN+S_VAL (pool, out-of-fold)",static (out-of-fold),LAMBDAMART,AD002996,183.498,0,1,1,1.0,3,
"S_TRAIN+S_VAL (pool, out-of-fold)",static (out-of-fold),LAMBDAMART,AD003014,106.823,0,1,1,0.9448,5,
"S_TRAIN+S_VAL (pool, out-of-fold)",static (out-of-fold),LAMBDAMART,AD003016,664.527,0,0,0,0.6309,3,
"S_TRAIN+S_VAL (pool, out-of-fold)",static (out-of-fold),LAMBDAMART,AD003041,99.139,1,1,1,0.9915,4,
"S_TRAIN+S_VAL (pool, out-of-fold)",static (out-of-fold),LAMBDAMART,AD003050,203.889,0,1,1,1.0,3,
"S_TRAIN+S_VAL (pool, out-of-fold)",static (out-of-fold),LAMBDAMART,AD003060,215.219,0,1,1,1.0,3,
"S_TRAIN+S_VAL (pool, out-of-fold)",static (out-of-fold),LAMBDAMART,AD003067,301.886,0,0,1,1.0,3,
"S_TRAIN+S_VAL (pool, out-of-fold)",static (out-of-fold),LAMBDAMART,AD003074,818.656,0,0,0,0.0,6,
"S_TRAIN+S_VAL (pool, out-of-fold)",static (out-of-fold),LAMBDAMART,AD003077,318.999,0,0,1,1.0,3,
"S_TRAIN+S_VAL (pool, out-of-fold)",static (out-of-fold),LAMBDAMART,AD003085,16.682,1,1,1,1.0,3,
"S_TRAIN+S_VAL (pool, out-of-fold)",static (out-of-fold),PAIRWISE,AD000001,108.593,0,1,1,0.834,3,
"S_TRAIN+S_VAL (pool, out-of-fold)",static (out-of-fold),PAIRWISE,AD000012,121.264,0,1,1,1.0,3,
"S_TRAIN+S_VAL (pool, out-of-fold)",static (out-of-fold),PAIRWISE,AD000023,381.158,0,0,1,1.0,3,
"S_TRAIN+S_VAL (pool, out-of-fold)",static (out-of-fold),PAIRWISE,AD000027,319.555,0,0,1,0.7967,3,
"S_TRAIN+S_VAL (pool, out-of-fold)",static (out-of-fold),PAIRWISE,AD000032,466.514,0,0,1,1.0,3,
"S_TRAIN+S_VAL (pool, out-of-fold)",static (out-of-fold),PAIRWISE,AD000037,2849.842,0,0,0,0.3869,6,
"S_TRAIN+S_VAL (pool, out-of-fold)",static (out-of-fold),PAIRWISE,AD000047,560.169,0,0,0,0.6309,3,
"S_TRAIN+S_VAL (pool, out-of-fold)",static (out-of-fold),PAIRWISE,AD000049,348.54,0,0,1,1.0,3,
"S_TRAIN+S_VAL (pool, out-of-fold)",static (out-of-fold),PAIRWISE,AD000062,171.811,0,1,1,0.834,3,
"S_TRAIN+S_VAL (pool, out-of-fold)",static (out-of-fold),PAIRWISE,AD000066,373.431,0,0,1,0.5897,3,
"S_TRAIN+S_VAL (pool, out-of-fold)",static (out-of-fold),PAIRWISE,AD000068,187.628,0,1,1,1.0,3,
"S_TRAIN+S_VAL (pool, out-of-fold)",static (out-of-fold),PAIRWISE,AD000069,764.138,0,0,0,,3,
"S_TRAIN+S_VAL (pool, out-of-fold)",static (out-of-fold),PAIRWISE,AD000079,165.369,0,1,1,0.9639,3,
"S_TRAIN+S_VAL (pool, out-of-fold)",static (out-of-fold),PAIRWISE,AD000088,56.43,1,1,1,1.0,3,
"S_TRAIN+S_VAL (pool, out-of-fold)",static (out-of-fold),PAIRWISE,AD000094,75.701,1,1,1,0.9737,5,
"S_TRAIN+S_VAL (pool, out-of-fold)",static (out-of-fold),PAIRWISE,AD000096,355.067,0,0,1,1.0,3,
"S_TRAIN+S_VAL (pool, out-of-fold)",static (out-of-fold),PAIRWISE,AD000105,586.055,0,0,0,0.6309,3,
"S_TRAIN+S_VAL (pool, out-of-fold)",static (out-of-fold),PAIRWISE,AD000114,74.165,1,1,1,1.0,3,
"S_TRAIN+S_VAL (pool, out-of-fold)",static (out-of-fold),PAIRWISE,AD000129,630.789,0,0,0,,4,
"S_TRAIN+S_VAL (pool, out-of-fold)",static (out-of-fold),PAIRWISE,AD000138,156.387,0,1,1,0.834,3,
"S_TRAIN+S_VAL (pool, out-of-fold)",static (out-of-fold),PAIRWISE,AD000142,145.525,0,1,1,1.0,3,
"S_TRAIN+S_VAL (pool, out-of-fold)",static (out-of-fold),PAIRWISE,AD000155,44.643,1,1,1,1.0,3,
"S_TRAIN+S_VAL (pool, out-of-fold)",static (out-of-fold),PAIRWISE,AD000172,304.109,0,0,1,0.9197,3,
"S_TRAIN+S_VAL (pool, out-of-fold)",static (out-of-fold),PAIRWISE,AD000173,242.711,0,1,1,1.0,3,
"S_TRAIN+S_VAL (pool, out-of-fold)",static (out-of-fold),PAIRWISE,AD000176,343.193,0,0,1,1.0,3,
"S_TRAIN+S_VAL (pool, out-of-fold)",static (out-of-fold),PAIRWISE,AD000197,460.47,0,0,1,0.7967,3,
"S_TRAIN+S_VAL (pool, out-of-fold)",static (out-of-fold),PAIRWISE,AD000198,399.858,0,0,1,0.7967,3,
"S_TRAIN+S_VAL (pool, out-of-fold)",static (out-of-fold),PAIRWISE,AD000204,131.042,0,1,1,1.0,3,
"S_TRAIN+S_VAL (pool, out-of-fold)",static (out-of-fold),PAIRWISE,AD000223,297.433,0,0,1,1.0,3,
"S_TRAIN+S_VAL (pool, out-of-fold)",static (out-of-fold),PAIRWISE,AD000238,33.767,1,1,1,0.9942,4,
"S_TRAIN+S_VAL (pool, out-of-fold)",static (out-of-fold),PAIRWISE,AD000253,166.756,0,1,1,1.0,3,
"S_TRAIN+S_VAL (pool, out-of-fold)",static (out-of-fold),PAIRWISE,AD000258,2876.594,0,0,0,0.3869,7,
"S_TRAIN+S_VAL (pool, out-of-fold)",static (out-of-fold),PAIRWISE,AD000260,244.712,0,1,1,1.0,3,
"S_TRAIN+S_VAL (pool, out-of-fold)",static (out-of-fold),PAIRWISE,AD000309,254.285,0,0,1,1.0,3,
"S_TRAIN+S_VAL (pool, out-of-fold)",static (out-of-fold),PAIRWISE,AD000316,57.073,1,1,1,1.0,3,
"S_TRAIN+S_VAL (pool, out-of-fold)",static (out-of-fold),PAIRWISE,AD000323,79.699,1,1,1,1.0,3,
"S_TRAIN+S_VAL (pool, out-of-fold)",static (out-of-fold),PAIRWISE,AD000337,30.585,1,1,1,1.0,3,
"S_TRAIN+S_VAL (pool, out-of-fold)",static (out-of-fold),PAIRWISE,AD000338,338.916,0,0,1,1.0,3,
"S_TRAIN+S_VAL (pool, out-of-fold)",static (out-of-fold),PAIRWISE,AD000354,138.668,0,1,1,1.0,3,
"S_TRAIN+S_VAL (pool, out-of-fold)",static (out-of-fold),PAIRWISE,AD000355,272.932,0,0,1,1.0,3,
"S_TRAIN+S_VAL (pool, out-of-fold)",static (out-of-fold),PAIRWISE,AD000360,364.144,0,0,1,1.0,3,
"S_TRAIN+S_VAL (pool, out-of-fold)",static (out-of-fold),PAIRWISE,AD000369,121.08,0,1,1,1.0,3,
"S_TRAIN+S_VAL (pool, out-of-fold)",static (out-of-fold),PAIRWISE,AD000379,728.854,0,0,0,,3,
"S_TRAIN+S_VAL (pool, out-of-fold)",static (out-of-fold),PAIRWISE,AD000387,302.318,0,0,1,1.0,3,
"S_TRAIN+S_VAL (pool, out-of-fold)",static (out-of-fold),PAIRWISE,AD000397,263.528,0,0,1,0.7098,3,
"S_TRAIN+S_VAL (pool, out-of-fold)",static (out-of-fold),PAIRWISE,AD000412,226.165,0,1,1,1.0,3,
"S_TRAIN+S_VAL (pool, out-of-fold)",static (out-of-fold),PAIRWISE,AD000424,146.899,0,1,1,1.0,3,
"S_TRAIN+S_VAL (pool, out-of-fold)",static (out-of-fold),PAIRWISE,AD000430,170.972,0,1,1,1.0,3,
"S_TRAIN+S_VAL (pool, out-of-fold)",static (out-of-fold),PAIRWISE,AD000433,4338.838,0,0,0,,4,
"S_TRAIN+S_VAL (pool, out-of-fold)",static (out-of-fold),PAIRWISE,AD000451,384.221,0,0,1,1.0,3,
"S_TRAIN+S_VAL (pool, out-of-fold)",static (out-of-fold),PAIRWISE,AD000460,248.907,0,1,1,1.0,3,
"S_TRAIN+S_VAL (pool, out-of-fold)",static (out-of-fold),PAIRWISE,AD000475,387.754,0,0,1,0.7967,3,
"S_TRAIN+S_VAL (pool, out-of-fold)",static (out-of-fold),PAIRWISE,AD000517,93.418,1,1,1,1.0,3,
"S_TRAIN+S_VAL (pool, out-of-fold)",static (out-of-fold),PAIRWISE,AD000524,149.958,0,1,1,1.0,3,
"S_TRAIN+S_VAL (pool, out-of-fold)",static (out-of-fold),PAIRWISE,AD000526,852.128,0,0,0,,3,
"S_TRAIN+S_VAL (pool, out-of-fold)",static (out-of-fold),PAIRWISE,AD000529,110.001,0,1,1,0.834,3,
"S_TRAIN+S_VAL (pool, out-of-fold)",static (out-of-fold),PAIRWISE,AD000541,274.462,0,0,1,0.9197,3,
"S_TRAIN+S_VAL (pool, out-of-fold)",static (out-of-fold),PAIRWISE,AD000560,412.681,0,0,1,1.0,3,
"S_TRAIN+S_VAL (pool, out-of-fold)",static (out-of-fold),PAIRWISE,AD000589,337.894,0,0,1,1.0,3,
"S_TRAIN+S_VAL (pool, out-of-fold)",static (out-of-fold),PAIRWISE,AD000602,319.707,0,0,1,1.0,3,
"S_TRAIN+S_VAL (pool, out-of-fold)",static (out-of-fold),PAIRWISE,AD000608,297.686,0,0,1,1.0,4,
"S_TRAIN+S_VAL (pool, out-of-fold)",static (out-of-fold),PAIRWISE,AD000613,331.051,0,0,1,1.0,4,
"S_TRAIN+S_VAL (pool, out-of-fold)",static (out-of-fold),PAIRWISE,AD000624,1392.849,0,0,0,,4,
"S_TRAIN+S_VAL (pool, out-of-fold)",static (out-of-fold),PAIRWISE,AD000630,219.042,0,1,1,1.0,3,
"S_TRAIN+S_VAL (pool, out-of-fold)",static (out-of-fold),PAIRWISE,AD000631,278.238,0,0,1,1.0,4,
"S_TRAIN+S_VAL (pool, out-of-fold)",static (out-of-fold),PAIRWISE,AD000634,670.439,0,0,0,,3,
"S_TRAIN+S_VAL (pool, out-of-fold)",static (out-of-fold),PAIRWISE,AD000639,126.421,0,1,1,0.7309,3,
"S_TRAIN+S_VAL (pool, out-of-fold)",static (out-of-fold),PAIRWISE,AD000652,166.513,0,1,1,1.0,3,
"S_TRAIN+S_VAL (pool, out-of-fold)",static (out-of-fold),PAIRWISE,AD000658,535.327,0,0,0,0.6309,3,
"S_TRAIN+S_VAL (pool, out-of-fold)",static (out-of-fold),PAIRWISE,AD000667,620.642,0,0,0,0.6309,3,
"S_TRAIN+S_VAL (pool, out-of-fold)",static (out-of-fold),PAIRWISE,AD000668,110.386,0,1,1,1.0,3,
"S_TRAIN+S_VAL (pool, out-of-fold)",static (out-of-fold),PAIRWISE,AD000672,127.919,0,1,1,1.0,3,
"S_TRAIN+S_VAL (pool, out-of-fold)",static (out-of-fold),PAIRWISE,AD000710,464.85,0,0,1,0.9197,3,
"S_TRAIN+S_VAL (pool, out-of-fold)",static (out-of-fold),PAIRWISE,AD000711,300.083,0,0,1,1.0,4,
"S_TRAIN+S_VAL (pool, out-of-fold)",static (out-of-fold),PAIRWISE,AD000722,360.067,0,0,1,1.0,3,
"S_TRAIN+S_VAL (pool, out-of-fold)",static (out-of-fold),PAIRWISE,AD000727,131.751,0,1,1,0.9675,4,
"S_TRAIN+S_VAL (pool, out-of-fold)",static (out-of-fold),PAIRWISE,AD000733,245.596,0,1,1,1.0,3,
"S_TRAIN+S_VAL (pool, out-of-fold)",static (out-of-fold),PAIRWISE,AD000735,273.629,0,0,1,0.7967,3,
"S_TRAIN+S_VAL (pool, out-of-fold)",static (out-of-fold),PAIRWISE,AD000741,122.761,0,1,1,1.0,3,
"S_TRAIN+S_VAL (pool, out-of-fold)",static (out-of-fold),PAIRWISE,AD000753,374.894,0,0,1,1.0,3,
"S_TRAIN+S_VAL (pool, out-of-fold)",static (out-of-fold),PAIRWISE,AD000756,221.641,0,1,1,1.0,3,
"S_TRAIN+S_VAL (pool, out-of-fold)",static (out-of-fold),PAIRWISE,AD000759,93.304,1,1,1,1.0,3,
"S_TRAIN+S_VAL (pool, out-of-fold)",static (out-of-fold),PAIRWISE,AD000779,1270.469,0,0,0,,3,
"S_TRAIN+S_VAL (pool, out-of-fold)",static (out-of-fold),PAIRWISE,AD000781,141.313,0,1,1,0.9675,4,
"S_TRAIN+S_VAL (pool, out-of-fold)",static (out-of-fold),PAIRWISE,AD000782,374.849,0,0,1,1.0,3,
"S_TRAIN+S_VAL (pool, out-of-fold)",static (out-of-fold),PAIRWISE,AD000785,3038.112,0,0,0,0.3869,6,
"S_TRAIN+S_VAL (pool, out-of-fold)",static (out-of-fold),PAIRWISE,AD000787,16.819,1,1,1,1.0,3,
"S_TRAIN+S_VAL (pool, out-of-fold)",static (out-of-fold),PAIRWISE,AD000808,401.552,0,0,1,0.7076,4,
"S_TRAIN+S_VAL (pool, out-of-fold)",static (out-of-fold),PAIRWISE,AD000809,496.101,0,0,1,1.0,3,
"S_TRAIN+S_VAL (pool, out-of-fold)",static (out-of-fold),PAIRWISE,AD000810,667.845,0,0,0,0.6309,3,
"S_TRAIN+S_VAL (pool, out-of-fold)",static (out-of-fold),PAIRWISE,AD000817,233.947,0,1,1,1.0,3,
"S_TRAIN+S_VAL (pool, out-of-fold)",static (out-of-fold),PAIRWISE,AD000825,55.1,1,1,1,1.0,3,
"S_TRAIN+S_VAL (pool, out-of-fold)",static (out-of-fold),PAIRWISE,AD000836,396.888,0,0,1,0.9675,4,
"S_TRAIN+S_VAL (pool, out-of-fold)",static (out-of-fold),PAIRWISE,AD000841,292.843,0,0,1,1.0,3,
"S_TRAIN+S_VAL (pool, out-of-fold)",static (out-of-fold),PAIRWISE,AD000850,316.332,0,0,1,0.7967,3,
"S_TRAIN+S_VAL (pool, out-of-fold)",static (out-of-fold),PAIRWISE,AD000854,608.084,0,0,0,0.6309,3,
"S_TRAIN+S_VAL (pool, out-of-fold)",static (out-of-fold),PAIRWISE,AD000869,229.127,0,1,1,0.7075,4,
"S_TRAIN+S_VAL (pool, out-of-fold)",static (out-of-fold),PAIRWISE,AD000904,265.391,0,0,1,1.0,3,
"S_TRAIN+S_VAL (pool, out-of-fold)",static (out-of-fold),PAIRWISE,AD000924,343.702,0,0,1,0.8503,6,
"S_TRAIN+S_VAL (pool, out-of-fold)",static (out-of-fold),PAIRWISE,AD000936,364.652,0,0,1,1.0,3,
"S_TRAIN+S_VAL (pool, out-of-fold)",static (out-of-fold),PAIRWISE,AD000942,72.575,1,1,1,1.0,3,
"S_TRAIN+S_VAL (pool, out-of-fold)",static (out-of-fold),PAIRWISE,AD000948,195.983,0,1,1,1.0,3,
"S_TRAIN+S_VAL (pool, out-of-fold)",static (out-of-fold),PAIRWISE,AD000950,430.427,0,0,1,1.0,3,
"S_TRAIN+S_VAL (pool, out-of-fold)",static (out-of-fold),PAIRWISE,AD000969,73.828,1,1,1,0.9828,3,
"S_TRAIN+S_VAL (pool, out-of-fold)",static (out-of-fold),PAIRWISE,AD000986,22.02,1,1,1,1.0,3,
"S_TRAIN+S_VAL (pool, out-of-fold)",static (out-of-fold),PAIRWISE,AD001031,142.05,0,1,1,1.0,3,
"S_TRAIN+S_VAL (pool, out-of-fold)",static (out-of-fold),PAIRWISE,AD001035,614.284,0,0,0,,3,
"S_TRAIN+S_VAL (pool, out-of-fold)",static (out-of-fold),PAIRWISE,AD001040,110.505,0,1,1,1.0,3,
"S_TRAIN+S_VAL (pool, out-of-fold)",static (out-of-fold),PAIRWISE,AD001042,27.237,1,1,1,1.0,3,
"S_TRAIN+S_VAL (pool, out-of-fold)",static (out-of-fold),PAIRWISE,AD001045,260.787,0,0,1,0.9197,3,
"S_TRAIN+S_VAL (pool, out-of-fold)",static (out-of-fold),PAIRWISE,AD001053,111.114,0,1,1,0.9197,4,
"S_TRAIN+S_VAL (pool, out-of-fold)",static (out-of-fold),PAIRWISE,AD001080,190.432,0,1,1,1.0,7,
"S_TRAIN+S_VAL (pool, out-of-fold)",static (out-of-fold),PAIRWISE,AD001091,67.339,1,1,1,1.0,4,
"S_TRAIN+S_VAL (pool, out-of-fold)",static (out-of-fold),PAIRWISE,AD001105,459.324,0,0,1,1.0,3,
"S_TRAIN+S_VAL (pool, out-of-fold)",static (out-of-fold),PAIRWISE,AD001116,28.827,1,1,1,1.0,4,
"S_TRAIN+S_VAL (pool, out-of-fold)",static (out-of-fold),PAIRWISE,AD001121,115.333,0,1,1,1.0,4,
"S_TRAIN+S_VAL (pool, out-of-fold)",static (out-of-fold),PAIRWISE,AD001122,378.993,0,0,1,1.0,3,
"S_TRAIN+S_VAL (pool, out-of-fold)",static (out-of-fold),PAIRWISE,AD001127,229.544,0,1,1,1.0,3,
"S_TRAIN+S_VAL (pool, out-of-fold)",static (out-of-fold),PAIRWISE,AD001130,118.209,0,1,1,1.0,3,
"S_TRAIN+S_VAL (pool, out-of-fold)",static (out-of-fold),PAIRWISE,AD001133,168.974,0,1,1,1.0,3,
"S_TRAIN+S_VAL (pool, out-of-fold)",static (out-of-fold),PAIRWISE,AD001135,184.695,0,1,1,1.0,3,
"S_TRAIN+S_VAL (pool, out-of-fold)",static (out-of-fold),PAIRWISE,AD001145,47.432,1,1,1,1.0,3,
"S_TRAIN+S_VAL (pool, out-of-fold)",static (out-of-fold),PAIRWISE,AD001152,164.683,0,1,1,0.8772,4,
"S_TRAIN+S_VAL (pool, out-of-fold)",static (out-of-fold),PAIRWISE,AD001156,140.057,0,1,1,0.879,6,
"S_TRAIN+S_VAL (pool, out-of-fold)",static (out-of-fold),PAIRWISE,AD001170,165.887,0,1,1,1.0,3,
"S_TRAIN+S_VAL (pool, out-of-fold)",static (out-of-fold),PAIRWISE,AD001178,435.97,0,0,1,1.0,3,
"S_TRAIN+S_VAL (pool, out-of-fold)",static (out-of-fold),PAIRWISE,AD001186,406.339,0,0,1,0.7967,3,
"S_TRAIN+S_VAL (pool, out-of-fold)",static (out-of-fold),PAIRWISE,AD001200,397.126,0,0,1,0.9675,4,
"S_TRAIN+S_VAL (pool, out-of-fold)",static (out-of-fold),PAIRWISE,AD001212,3141.705,0,0,0,,6,
"S_TRAIN+S_VAL (pool, out-of-fold)",static (out-of-fold),PAIRWISE,AD001223,68.118,1,1,1,1.0,3,
"S_TRAIN+S_VAL (pool, out-of-fold)",static (out-of-fold),PAIRWISE,AD001232,139.564,0,1,1,1.0,3,
"S_TRAIN+S_VAL (pool, out-of-fold)",static (out-of-fold),PAIRWISE,AD001236,460.182,0,0,1,1.0,3,
"S_TRAIN+S_VAL (pool, out-of-fold)",static (out-of-fold),PAIRWISE,AD001254,177.545,0,1,1,0.9448,4,
"S_TRAIN+S_VAL (pool, out-of-fold)",static (out-of-fold),PAIRWISE,AD001268,452.607,0,0,1,1.0,3,
"S_TRAIN+S_VAL (pool, out-of-fold)",static (out-of-fold),PAIRWISE,AD001272,437.513,0,0,1,1.0,3,
"S_TRAIN+S_VAL (pool, out-of-fold)",static (out-of-fold),PAIRWISE,AD001294,1665.282,0,0,0,0.6309,8,
"S_TRAIN+S_VAL (pool, out-of-fold)",static (out-of-fold),PAIRWISE,AD001314,127.278,0,1,1,1.0,3,
"S_TRAIN+S_VAL (pool, out-of-fold)",static (out-of-fold),PAIRWISE,AD001324,17.056,1,1,1,1.0,3,
"S_TRAIN+S_VAL (pool, out-of-fold)",static (out-of-fold),PAIRWISE,AD001339,356.319,0,0,1,1.0,4,
"S_TRAIN+S_VAL (pool, out-of-fold)",static (out-of-fold),PAIRWISE,AD001352,194.035,0,1,1,0.9129,4,
"S_TRAIN+S_VAL (pool, out-of-fold)",static (out-of-fold),PAIRWISE,AD001357,271.159,0,0,1,0.7967,3,
"S_TRAIN+S_VAL (pool, out-of-fold)",static (out-of-fold),PAIRWISE,AD001363,483.889,0,0,1,1.0,3,
"S_TRAIN+S_VAL (pool, out-of-fold)",static (out-of-fold),PAIRWISE,AD001364,286.773,0,0,1,1.0,3,
"S_TRAIN+S_VAL (pool, out-of-fold)",static (out-of-fold),PAIRWISE,AD001380,169.53,0,1,1,0.9197,3,
"S_TRAIN+S_VAL (pool, out-of-fold)",static (out-of-fold),PAIRWISE,AD001408,494.721,0,0,1,0.7967,3,
"S_TRAIN+S_VAL (pool, out-of-fold)",static (out-of-fold),PAIRWISE,AD001416,60.559,1,1,1,1.0,3,
"S_TRAIN+S_VAL (pool, out-of-fold)",static (out-of-fold),PAIRWISE,AD001422,362.907,0,0,1,1.0,3,
"S_TRAIN+S_VAL (pool, out-of-fold)",static (out-of-fold),PAIRWISE,AD001447,151.867,0,1,1,0.9639,3,
"S_TRAIN+S_VAL (pool, out-of-fold)",static (out-of-fold),PAIRWISE,AD001462,429.362,0,0,1,1.0,4,
"S_TRAIN+S_VAL (pool, out-of-fold)",static (out-of-fold),PAIRWISE,AD001465,473.339,0,0,1,1.0,3,
"S_TRAIN+S_VAL (pool, out-of-fold)",static (out-of-fold),PAIRWISE,AD001479,669.168,0,0,0,,3,
"S_TRAIN+S_VAL (pool, out-of-fold)",static (out-of-fold),PAIRWISE,AD001495,1862.63,0,0,0,0.5438,7,
"S_TRAIN+S_VAL (pool, out-of-fold)",static (out-of-fold),PAIRWISE,AD001499,92.125,1,1,1,1.0,3,
"S_TRAIN+S_VAL (pool, out-of-fold)",static (out-of-fold),PAIRWISE,AD001505,99.561,1,1,1,1.0,3,
"S_TRAIN+S_VAL (pool, out-of-fold)",static (out-of-fold),PAIRWISE,AD001509,578.906,0,0,0,,3,
"S_TRAIN+S_VAL (pool, out-of-fold)",static (out-of-fold),PAIRWISE,AD001521,419.052,0,0,1,1.0,3,
"S_TRAIN+S_VAL (pool, out-of-fold)",static (out-of-fold),PAIRWISE,AD001523,354.348,0,0,1,1.0,3,
"S_TRAIN+S_VAL (pool, out-of-fold)",static (out-of-fold),PAIRWISE,AD001539,154.721,0,1,1,1.0,3,
"S_TRAIN+S_VAL (pool, out-of-fold)",static (out-of-fold),PAIRWISE,AD001540,170.946,0,1,1,1.0,3,
"S_TRAIN+S_VAL (pool, out-of-fold)",static (out-of-fold),PAIRWISE,AD001551,779.139,0,0,0,,3,
"S_TRAIN+S_VAL (pool, out-of-fold)",static (out-of-fold),PAIRWISE,AD001554,142.904,0,1,1,1.0,3,
"S_TRAIN+S_VAL (pool, out-of-fold)",static (out-of-fold),PAIRWISE,AD001555,323.581,0,0,1,0.7967,3,
"S_TRAIN+S_VAL (pool, out-of-fold)",static (out-of-fold),PAIRWISE,AD001578,117.904,0,1,1,1.0,3,
"S_TRAIN+S_VAL (pool, out-of-fold)",static (out-of-fold),PAIRWISE,AD001581,121.891,0,1,1,1.0,3,
"S_TRAIN+S_VAL (pool, out-of-fold)",static (out-of-fold),PAIRWISE,AD001587,424.637,0,0,1,1.0,3,
"S_TRAIN+S_VAL (pool, out-of-fold)",static (out-of-fold),PAIRWISE,AD001619,104.472,0,1,1,0.9197,3,
"S_TRAIN+S_VAL (pool, out-of-fold)",static (out-of-fold),PAIRWISE,AD001627,2088.101,0,0,0,0.5706,7,
"S_TRAIN+S_VAL (pool, out-of-fold)",static (out-of-fold),PAIRWISE,AD001638,319.686,0,0,1,1.0,3,
"S_TRAIN+S_VAL (pool, out-of-fold)",static (out-of-fold),PAIRWISE,AD001647,152.158,0,1,1,1.0,3,
"S_TRAIN+S_VAL (pool, out-of-fold)",static (out-of-fold),PAIRWISE,AD001662,431.003,0,0,1,0.7967,3,
"S_TRAIN+S_VAL (pool, out-of-fold)",static (out-of-fold),PAIRWISE,AD001689,115.462,0,1,1,0.9639,3,
"S_TRAIN+S_VAL (pool, out-of-fold)",static (out-of-fold),PAIRWISE,AD001697,148.802,0,1,1,0.9639,3,
"S_TRAIN+S_VAL (pool, out-of-fold)",static (out-of-fold),PAIRWISE,AD001700,23.483,1,1,1,1.0,3,
"S_TRAIN+S_VAL (pool, out-of-fold)",static (out-of-fold),PAIRWISE,AD001713,2.163,1,1,1,1.0,3,
"S_TRAIN+S_VAL (pool, out-of-fold)",static (out-of-fold),PAIRWISE,AD001722,2627.754,0,0,0,0.6309,4,
"S_TRAIN+S_VAL (pool, out-of-fold)",static (out-of-fold),PAIRWISE,AD001726,44.471,1,1,1,0.9828,3,
"S_TRAIN+S_VAL (pool, out-of-fold)",static (out-of-fold),PAIRWISE,AD001731,85.387,1,1,1,0.9828,3,
"S_TRAIN+S_VAL (pool, out-of-fold)",static (out-of-fold),PAIRWISE,AD001738,262.395,0,0,1,1.0,3,
"S_TRAIN+S_VAL (pool, out-of-fold)",static (out-of-fold),PAIRWISE,AD001741,159.227,0,1,1,1.0,3,
"S_TRAIN+S_VAL (pool, out-of-fold)",static (out-of-fold),PAIRWISE,AD001742,320.581,0,0,1,1.0,3,
"S_TRAIN+S_VAL (pool, out-of-fold)",static (out-of-fold),PAIRWISE,AD001746,311.005,0,0,1,1.0,3,
"S_TRAIN+S_VAL (pool, out-of-fold)",static (out-of-fold),PAIRWISE,AD001753,85.468,1,1,1,1.0,4,
"S_TRAIN+S_VAL (pool, out-of-fold)",static (out-of-fold),PAIRWISE,AD001760,376.147,0,0,1,1.0,3,
"S_TRAIN+S_VAL (pool, out-of-fold)",static (out-of-fold),PAIRWISE,AD001767,188.518,0,1,1,0.9639,3,
"S_TRAIN+S_VAL (pool, out-of-fold)",static (out-of-fold),PAIRWISE,AD001779,139.212,0,1,1,1.0,3,
"S_TRAIN+S_VAL (pool, out-of-fold)",static (out-of-fold),PAIRWISE,AD001788,364.04,0,0,1,0.7076,4,
"S_TRAIN+S_VAL (pool, out-of-fold)",static (out-of-fold),PAIRWISE,AD001792,68.019,1,1,1,0.9173,7,
"S_TRAIN+S_VAL (pool, out-of-fold)",static (out-of-fold),PAIRWISE,AD001794,304.36,0,0,1,1.0,3,
"S_TRAIN+S_VAL (pool, out-of-fold)",static (out-of-fold),PAIRWISE,AD001812,428.837,0,0,1,0.7076,4,
"S_TRAIN+S_VAL (pool, out-of-fold)",static (out-of-fold),PAIRWISE,AD001815,365.02,0,0,1,1.0,3,
"S_TRAIN+S_VAL (pool, out-of-fold)",static (out-of-fold),PAIRWISE,AD001821,68.236,1,1,1,1.0,3,
"S_TRAIN+S_VAL (pool, out-of-fold)",static (out-of-fold),PAIRWISE,AD001879,258.424,0,0,1,1.0,3,
"S_TRAIN+S_VAL (pool, out-of-fold)",static (out-of-fold),PAIRWISE,AD001880,826.704,0,0,0,,3,
"S_TRAIN+S_VAL (pool, out-of-fold)",static (out-of-fold),PAIRWISE,AD001891,441.467,0,0,1,0.9675,4,
"S_TRAIN+S_VAL (pool, out-of-fold)",static (out-of-fold),PAIRWISE,AD001923,181.824,0,1,1,1.0,3,
"S_TRAIN+S_VAL (pool, out-of-fold)",static (out-of-fold),PAIRWISE,AD001937,40.553,1,1,1,1.0,3,
"S_TRAIN+S_VAL (pool, out-of-fold)",static (out-of-fold),PAIRWISE,AD001954,497.427,0,0,1,1.0,3,
"S_TRAIN+S_VAL (pool, out-of-fold)",static (out-of-fold),PAIRWISE,AD001972,64.154,1,1,1,1.0,3,
"S_TRAIN+S_VAL (pool, out-of-fold)",static (out-of-fold),PAIRWISE,AD001973,1199.855,0,0,0,0.4307,6,
"S_TRAIN+S_VAL (pool, out-of-fold)",static (out-of-fold),PAIRWISE,AD001995,148.268,0,1,1,1.0,3,
"S_TRAIN+S_VAL (pool, out-of-fold)",static (out-of-fold),PAIRWISE,AD001996,1856.371,0,0,0,0.5197,7,
"S_TRAIN+S_VAL (pool, out-of-fold)",static (out-of-fold),PAIRWISE,AD002027,258.132,0,0,1,0.7967,3,
"S_TRAIN+S_VAL (pool, out-of-fold)",static (out-of-fold),PAIRWISE,AD002045,176.434,0,1,1,1.0,3,
"S_TRAIN+S_VAL (pool, out-of-fold)",static (out-of-fold),PAIRWISE,AD002057,1224.483,0,0,0,,2,
"S_TRAIN+S_VAL (pool, out-of-fold)",static (out-of-fold),PAIRWISE,AD002060,163.64,0,1,1,1.0,3,
"S_TRAIN+S_VAL (pool, out-of-fold)",static (out-of-fold),PAIRWISE,AD002061,148.318,0,1,1,1.0,3,
"S_TRAIN+S_VAL (pool, out-of-fold)",static (out-of-fold),PAIRWISE,AD002067,181.338,0,1,1,1.0,3,
"S_TRAIN+S_VAL (pool, out-of-fold)",static (out-of-fold),PAIRWISE,AD002069,148.362,0,1,1,0.9675,4,
"S_TRAIN+S_VAL (pool, out-of-fold)",static (out-of-fold),PAIRWISE,AD002070,1838.564,0,0,0,,3,
"S_TRAIN+S_VAL (pool, out-of-fold)",static (out-of-fold),PAIRWISE,AD002074,45.414,1,1,1,0.9828,3,
"S_TRAIN+S_VAL (pool, out-of-fold)",static (out-of-fold),PAIRWISE,AD002089,274.665,0,0,1,0.7579,3,
"S_TRAIN+S_VAL (pool, out-of-fold)",static (out-of-fold),PAIRWISE,AD002096,196.144,0,1,1,1.0,4,
"S_TRAIN+S_VAL (pool, out-of-fold)",static (out-of-fold),PAIRWISE,AD002103,525.531,0,0,0,,3,
"S_TRAIN+S_VAL (pool, out-of-fold)",static (out-of-fold),PAIRWISE,AD002112,73.237,1,1,1,1.0,4,
"S_TRAIN+S_VAL (pool, out-of-fold)",static (out-of-fold),PAIRWISE,AD002123,259.821,0,0,1,0.8213,3,
"S_TRAIN+S_VAL (pool, out-of-fold)",static (out-of-fold),PAIRWISE,AD002131,213.082,0,1,1,1.0,3,
"S_TRAIN+S_VAL (pool, out-of-fold)",static (out-of-fold),PAIRWISE,AD002134,95.892,1,1,1,1.0,3,
"S_TRAIN+S_VAL (pool, out-of-fold)",static (out-of-fold),PAIRWISE,AD002138,186.074,0,1,1,0.9129,4,
"S_TRAIN+S_VAL (pool, out-of-fold)",static (out-of-fold),PAIRWISE,AD002154,318.425,0,0,1,1.0,3,
"S_TRAIN+S_VAL (pool, out-of-fold)",static (out-of-fold),PAIRWISE,AD002176,440.986,0,0,1,1.0,3,
"S_TRAIN+S_VAL (pool, out-of-fold)",static (out-of-fold),PAIRWISE,AD002181,36.676,1,1,1,1.0,3,
"S_TRAIN+S_VAL (pool, out-of-fold)",static (out-of-fold),PAIRWISE,AD002194,330.334,0,0,1,1.0,3,
"S_TRAIN+S_VAL (pool, out-of-fold)",static (out-of-fold),PAIRWISE,AD002197,50.408,1,1,1,0.9592,4,
"S_TRAIN+S_VAL (pool, out-of-fold)",static (out-of-fold),PAIRWISE,AD002244,1110.568,0,0,0,,3,
"S_TRAIN+S_VAL (pool, out-of-fold)",static (out-of-fold),PAIRWISE,AD002245,100.242,0,1,1,1.0,3,
"S_TRAIN+S_VAL (pool, out-of-fold)",static (out-of-fold),PAIRWISE,AD002251,488.531,0,0,1,1.0,3,
"S_TRAIN+S_VAL (pool, out-of-fold)",static (out-of-fold),PAIRWISE,AD002253,376.755,0,0,1,1.0,3,
"S_TRAIN+S_VAL (pool, out-of-fold)",static (out-of-fold),PAIRWISE,AD002270,282.725,0,0,1,0.7967,3,
"S_TRAIN+S_VAL (pool, out-of-fold)",static (out-of-fold),PAIRWISE,AD002299,360.794,0,0,1,1.0,3,
"S_TRAIN+S_VAL (pool, out-of-fold)",static (out-of-fold),PAIRWISE,AD002332,2662.163,0,0,0,0.6309,6,
"S_TRAIN+S_VAL (pool, out-of-fold)",static (out-of-fold),PAIRWISE,AD002333,627.699,0,0,0,0.6309,7,
"S_TRAIN+S_VAL (pool, out-of-fold)",static (out-of-fold),PAIRWISE,AD002357,226.477,0,1,1,1.0,3,
"S_TRAIN+S_VAL (pool, out-of-fold)",static (out-of-fold),PAIRWISE,AD002362,45.404,1,1,1,1.0,3,
"S_TRAIN+S_VAL (pool, out-of-fold)",static (out-of-fold),PAIRWISE,AD002412,379.36,0,0,1,0.6988,5,
"S_TRAIN+S_VAL (pool, out-of-fold)",static (out-of-fold),PAIRWISE,AD002415,2668.133,0,0,0,0.5,5,
"S_TRAIN+S_VAL (pool, out-of-fold)",static (out-of-fold),PAIRWISE,AD002416,1613.944,0,0,0,,3,
"S_TRAIN+S_VAL (pool, out-of-fold)",static (out-of-fold),PAIRWISE,AD002424,42.104,1,1,1,1.0,3,
"S_TRAIN+S_VAL (pool, out-of-fold)",static (out-of-fold),PAIRWISE,AD002458,371.058,0,0,1,0.5714,5,
"S_TRAIN+S_VAL (pool, out-of-fold)",static (out-of-fold),PAIRWISE,AD002466,288.353,0,0,1,1.0,3,
"S_TRAIN+S_VAL (pool, out-of-fold)",static (out-of-fold),PAIRWISE,AD002485,2002.022,0,0,0,0.2641,8,
"S_TRAIN+S_VAL (pool, out-of-fold)",static (out-of-fold),PAIRWISE,AD002490,419.0,0,0,1,1.0,3,
"S_TRAIN+S_VAL (pool, out-of-fold)",static (out-of-fold),PAIRWISE,AD002499,187.103,0,1,1,1.0,3,
"S_TRAIN+S_VAL (pool, out-of-fold)",static (out-of-fold),PAIRWISE,AD002504,185.528,0,1,1,1.0,3,
"S_TRAIN+S_VAL (pool, out-of-fold)",static (out-of-fold),PAIRWISE,AD002509,135.661,0,1,1,1.0,3,
"S_TRAIN+S_VAL (pool, out-of-fold)",static (out-of-fold),PAIRWISE,AD002535,373.48,0,0,1,1.0,5,
"S_TRAIN+S_VAL (pool, out-of-fold)",static (out-of-fold),PAIRWISE,AD002566,184.765,0,1,1,0.9871,4,
"S_TRAIN+S_VAL (pool, out-of-fold)",static (out-of-fold),PAIRWISE,AD002579,289.137,0,0,1,1.0,3,
"S_TRAIN+S_VAL (pool, out-of-fold)",static (out-of-fold),PAIRWISE,AD002583,309.94,0,0,1,1.0,3,
"S_TRAIN+S_VAL (pool, out-of-fold)",static (out-of-fold),PAIRWISE,AD002606,85.555,1,1,1,1.0,3,
"S_TRAIN+S_VAL (pool, out-of-fold)",static (out-of-fold),PAIRWISE,AD002621,21.134,1,1,1,0.9558,3,
"S_TRAIN+S_VAL (pool, out-of-fold)",static (out-of-fold),PAIRWISE,AD002633,106.349,0,1,1,1.0,3,
"S_TRAIN+S_VAL (pool, out-of-fold)",static (out-of-fold),PAIRWISE,AD002637,118.022,0,1,1,0.834,5,
"S_TRAIN+S_VAL (pool, out-of-fold)",static (out-of-fold),PAIRWISE,AD002661,316.701,0,0,1,0.8503,6,
"S_TRAIN+S_VAL (pool, out-of-fold)",static (out-of-fold),PAIRWISE,AD002663,1280.649,0,0,0,,3,
"S_TRAIN+S_VAL (pool, out-of-fold)",static (out-of-fold),PAIRWISE,AD002664,133.831,0,1,1,1.0,3,
"S_TRAIN+S_VAL (pool, out-of-fold)",static (out-of-fold),PAIRWISE,AD002673,229.151,0,1,1,1.0,3,
"S_TRAIN+S_VAL (pool, out-of-fold)",static (out-of-fold),PAIRWISE,AD002685,265.422,0,0,1,0.9197,3,
"S_TRAIN+S_VAL (pool, out-of-fold)",static (out-of-fold),PAIRWISE,AD002691,2811.077,0,0,0,0.5,6,
"S_TRAIN+S_VAL (pool, out-of-fold)",static (out-of-fold),PAIRWISE,AD002696,2999.996,0,0,0,,4,
"S_TRAIN+S_VAL (pool, out-of-fold)",static (out-of-fold),PAIRWISE,AD002711,794.753,0,0,0,,3,
"S_TRAIN+S_VAL (pool, out-of-fold)",static (out-of-fold),PAIRWISE,AD002728,585.363,0,0,0,0.4934,5,
"S_TRAIN+S_VAL (pool, out-of-fold)",static (out-of-fold),PAIRWISE,AD002737,188.476,0,1,1,0.9871,4,
"S_TRAIN+S_VAL (pool, out-of-fold)",static (out-of-fold),PAIRWISE,AD002748,160.171,0,1,1,0.9639,3,
"S_TRAIN+S_VAL (pool, out-of-fold)",static (out-of-fold),PAIRWISE,AD002751,190.385,0,1,1,1.0,3,
"S_TRAIN+S_VAL (pool, out-of-fold)",static (out-of-fold),PAIRWISE,AD002763,167.829,0,1,1,1.0,3,
"S_TRAIN+S_VAL (pool, out-of-fold)",static (out-of-fold),PAIRWISE,AD002764,19.454,1,1,1,0.9828,3,
"S_TRAIN+S_VAL (pool, out-of-fold)",static (out-of-fold),PAIRWISE,AD002796,2968.077,0,0,0,,2,
"S_TRAIN+S_VAL (pool, out-of-fold)",static (out-of-fold),PAIRWISE,AD002802,251.194,0,0,1,1.0,3,
"S_TRAIN+S_VAL (pool, out-of-fold)",static (out-of-fold),PAIRWISE,AD002808,452.074,0,0,1,0.7967,3,
"S_TRAIN+S_VAL (pool, out-of-fold)",static (out-of-fold),PAIRWISE,AD002809,197.466,0,1,1,1.0,3,
"S_TRAIN+S_VAL (pool, out-of-fold)",static (out-of-fold),PAIRWISE,AD002819,1541.565,0,0,0,0.6309,5,
"S_TRAIN+S_VAL (pool, out-of-fold)",static (out-of-fold),PAIRWISE,AD002821,212.317,0,1,1,1.0,4,
"S_TRAIN+S_VAL (pool, out-of-fold)",static (out-of-fold),PAIRWISE,AD002849,468.026,0,0,1,0.9197,3,
"S_TRAIN+S_VAL (pool, out-of-fold)",static (out-of-fold),PAIRWISE,AD002858,520.022,0,0,0,,3,
"S_TRAIN+S_VAL (pool, out-of-fold)",static (out-of-fold),PAIRWISE,AD002870,265.251,0,0,1,0.7967,3,
"S_TRAIN+S_VAL (pool, out-of-fold)",static (out-of-fold),PAIRWISE,AD002875,100.234,0,1,1,0.8772,4,
"S_TRAIN+S_VAL (pool, out-of-fold)",static (out-of-fold),PAIRWISE,AD002880,240.254,0,1,1,1.0,3,
"S_TRAIN+S_VAL (pool, out-of-fold)",static (out-of-fold),PAIRWISE,AD002882,995.562,0,0,0,0.6309,6,
"S_TRAIN+S_VAL (pool, out-of-fold)",static (out-of-fold),PAIRWISE,AD002911,216.162,0,1,1,1.0,3,
"S_TRAIN+S_VAL (pool, out-of-fold)",static (out-of-fold),PAIRWISE,AD002936,325.301,0,0,1,0.7967,3,
"S_TRAIN+S_VAL (pool, out-of-fold)",static (out-of-fold),PAIRWISE,AD002962,476.419,0,0,1,0.9197,3,
"S_TRAIN+S_VAL (pool, out-of-fold)",static (out-of-fold),PAIRWISE,AD002966,542.382,0,0,0,,3,
"S_TRAIN+S_VAL (pool, out-of-fold)",static (out-of-fold),PAIRWISE,AD002996,183.498,0,1,1,1.0,3,
"S_TRAIN+S_VAL (pool, out-of-fold)",static (out-of-fold),PAIRWISE,AD003014,2555.4,0,0,0,0.5317,5,
"S_TRAIN+S_VAL (pool, out-of-fold)",static (out-of-fold),PAIRWISE,AD003016,664.527,0,0,0,0.6309,3,
"S_TRAIN+S_VAL (pool, out-of-fold)",static (out-of-fold),PAIRWISE,AD003041,99.139,1,1,1,0.9915,4,
"S_TRAIN+S_VAL (pool, out-of-fold)",static (out-of-fold),PAIRWISE,AD003050,203.889,0,1,1,1.0,3,
"S_TRAIN+S_VAL (pool, out-of-fold)",static (out-of-fold),PAIRWISE,AD003060,215.219,0,1,1,1.0,3,
"S_TRAIN+S_VAL (pool, out-of-fold)",static (out-of-fold),PAIRWISE,AD003067,301.886,0,0,1,1.0,3,
"S_TRAIN+S_VAL (pool, out-of-fold)",static (out-of-fold),PAIRWISE,AD003074,2160.798,0,0,0,0.0,6,
"S_TRAIN+S_VAL (pool, out-of-fold)",static (out-of-fold),PAIRWISE,AD003077,318.999,0,0,1,1.0,3,
"S_TRAIN+S_VAL (pool, out-of-fold)",static (out-of-fold),PAIRWISE,AD003085,16.682,1,1,1,1.0,3,
